desc: --massif-out-file=ms_HQC-128.out
cmd: ./mem_kem HQC-128
time_unit: i
#-----------
snapshot=0
#-----------
time=0
mem_heap_B=0
mem_heap_extra_B=0
mem_stacks_B=0
heap_tree=empty
#-----------
snapshot=1
#-----------
time=1797760
mem_heap_B=112
mem_heap_extra_B=8
mem_stacks_B=0
heap_tree=empty
#-----------
snapshot=2
#-----------
time=1899881
mem_heap_B=16940
mem_heap_extra_B=3716
mem_stacks_B=0
heap_tree=empty
#-----------
snapshot=3
#-----------
time=2013948
mem_heap_B=22836
mem_heap_extra_B=6964
mem_stacks_B=0
heap_tree=empty
#-----------
snapshot=4
#-----------
time=2111160
mem_heap_B=30572
mem_heap_extra_B=10756
mem_stacks_B=0
heap_tree=empty
#-----------
snapshot=5
#-----------
time=2251074
mem_heap_B=36908
mem_heap_extra_B=14980
mem_stacks_B=0
heap_tree=empty
#-----------
snapshot=6
#-----------
time=2359445
mem_heap_B=45780
mem_heap_extra_B=18164
mem_stacks_B=0
heap_tree=empty
#-----------
snapshot=7
#-----------
time=2530880
mem_heap_B=55644
mem_heap_extra_B=23388
mem_stacks_B=0
heap_tree=empty
#-----------
snapshot=8
#-----------
time=2671433
mem_heap_B=64324
mem_heap_extra_B=25868
mem_stacks_B=0
heap_tree=empty
#-----------
snapshot=9
#-----------
time=2788193
mem_heap_B=67662
mem_heap_extra_B=27898
mem_stacks_B=0
heap_tree=empty
#-----------
snapshot=10
#-----------
time=2869406
mem_heap_B=69733
mem_heap_extra_B=29259
mem_stacks_B=0
heap_tree=detailed
n11: 69733 (heap allocation functions) malloc/new/new[], --alloc-fns, etc.
 n3: 36216 0x6248625: OPENSSL_LH_insert (in /usr/lib/x86_64-linux-gnu/libcrypto.so.3)
  n3: 33912 0x6339B72: ??? (in /usr/lib/x86_64-linux-gnu/libcrypto.so.3)
   n11: 31944 0x6206BEF: ERR_load_strings_const (in /usr/lib/x86_64-linux-gnu/libcrypto.so.3)
    n0: 11856 in 23 places, all below massif's threshold (1.00%)
    n1: 2952 0x625972B: ??? (in /usr/lib/x86_64-linux-gnu/libcrypto.so.3)
     n1: 2952 0x5F0BEE7: __pthread_once_slow (pthread_once.c:116)
      n1: 2952 0x625E1EC: CRYPTO_THREAD_run_once (in /usr/lib/x86_64-linux-gnu/libcrypto.so.3)
       n1: 2952 0x625AEE2: OPENSSL_init_crypto (in /usr/lib/x86_64-linux-gnu/libcrypto.so.3)
        n1: 2952 0x6208686: ??? (in /usr/lib/x86_64-linux-gnu/libcrypto.so.3)
         n1: 2952 0x620904C: ERR_set_mark (in /usr/lib/x86_64-linux-gnu/libcrypto.so.3)
          n1: 2952 0x61B5451: CONF_modules_load_file_ex (in /usr/lib/x86_64-linux-gnu/libcrypto.so.3)
           n1: 2952 0x625A6EF: ??? (in /usr/lib/x86_64-linux-gnu/libcrypto.so.3)
            n1: 2952 0x5F0BEE7: __pthread_once_slow (pthread_once.c:116)
             n1: 2952 0x625E1EC: CRYPTO_THREAD_run_once (in /usr/lib/x86_64-linux-gnu/libcrypto.so.3)
              n1: 2952 0x625B155: OPENSSL_init_crypto (in /usr/lib/x86_64-linux-gnu/libcrypto.so.3)
               n1: 2952 0x63307AC: ??? (in /usr/lib/x86_64-linux-gnu/libcrypto.so.3)
                n1: 2952 0x62853A4: RAND_get_rand_method (in /usr/lib/x86_64-linux-gnu/libcrypto.so.3)
                 n1: 2952 0x6285EC9: RAND_status (in /usr/lib/x86_64-linux-gnu/libcrypto.so.3)
                  n1: 2952 0x5C962CF: OQS_randombytes_openssl (in /home/anss/random/bench/install/lib/liboqs.so.0.15.0)
                   n1: 2952 0x4AAB6AB: PQCLEAN_HQC128_CLEAN_hqc_pke_keygen (in /home/anss/random/bench/install/lib/liboqs.so.0.15.0)
                    n1: 2952 0x4AABCAC: PQCLEAN_HQC128_CLEAN_crypto_kem_keypair (in /home/anss/random/bench/install/lib/liboqs.so.0.15.0)
                     n1: 2952 0x4AA8EFA: OQS_KEM_hqc_128_keypair (in /home/anss/random/bench/install/lib/liboqs.so.0.15.0)
                      n0: 2952 0x1092FB: main (in /home/anss/random/bench/mem_kem)
    n1: 2760 0x6259801: ??? (in /usr/lib/x86_64-linux-gnu/libcrypto.so.3)
     n1: 2760 0x5F0BEE7: __pthread_once_slow (pthread_once.c:116)
      n1: 2760 0x625E1EC: CRYPTO_THREAD_run_once (in /usr/lib/x86_64-linux-gnu/libcrypto.so.3)
       n1: 2760 0x625AEE2: OPENSSL_init_crypto (in /usr/lib/x86_64-linux-gnu/libcrypto.so.3)
        n1: 2760 0x6208686: ??? (in /usr/lib/x86_64-linux-gnu/libcrypto.so.3)
         n1: 2760 0x620904C: ERR_set_mark (in /usr/lib/x86_64-linux-gnu/libcrypto.so.3)
          n1: 2760 0x61B5451: CONF_modules_load_file_ex (in /usr/lib/x86_64-linux-gnu/libcrypto.so.3)
           n1: 2760 0x625A6EF: ??? (in /usr/lib/x86_64-linux-gnu/libcrypto.so.3)
            n1: 2760 0x5F0BEE7: __pthread_once_slow (pthread_once.c:116)
             n1: 2760 0x625E1EC: CRYPTO_THREAD_run_once (in /usr/lib/x86_64-linux-gnu/libcrypto.so.3)
              n1: 2760 0x625B155: OPENSSL_init_crypto (in /usr/lib/x86_64-linux-gnu/libcrypto.so.3)
               n1: 2760 0x63307AC: ??? (in /usr/lib/x86_64-linux-gnu/libcrypto.so.3)
                n1: 2760 0x62853A4: RAND_get_rand_method (in /usr/lib/x86_64-linux-gnu/libcrypto.so.3)
                 n1: 2760 0x6285EC9: RAND_status (in /usr/lib/x86_64-linux-gnu/libcrypto.so.3)
                  n1: 2760 0x5C962CF: OQS_randombytes_openssl (in /home/anss/random/bench/install/lib/liboqs.so.0.15.0)
                   n1: 2760 0x4AAB6AB: PQCLEAN_HQC128_CLEAN_hqc_pke_keygen (in /home/anss/random/bench/install/lib/liboqs.so.0.15.0)
                    n1: 2760 0x4AABCAC: PQCLEAN_HQC128_CLEAN_crypto_kem_keypair (in /home/anss/random/bench/install/lib/liboqs.so.0.15.0)
                     n1: 2760 0x4AA8EFA: OQS_KEM_hqc_128_keypair (in /home/anss/random/bench/install/lib/liboqs.so.0.15.0)
                      n0: 2760 0x1092FB: main (in /home/anss/random/bench/mem_kem)
    n1: 2616 0x625979B: ??? (in /usr/lib/x86_64-linux-gnu/libcrypto.so.3)
     n1: 2616 0x5F0BEE7: __pthread_once_slow (pthread_once.c:116)
      n1: 2616 0x625E1EC: CRYPTO_THREAD_run_once (in /usr/lib/x86_64-linux-gnu/libcrypto.so.3)
       n1: 2616 0x625AEE2: OPENSSL_init_crypto (in /usr/lib/x86_64-linux-gnu/libcrypto.so.3)
        n1: 2616 0x6208686: ??? (in /usr/lib/x86_64-linux-gnu/libcrypto.so.3)
         n1: 2616 0x620904C: ERR_set_mark (in /usr/lib/x86_64-linux-gnu/libcrypto.so.3)
          n1: 2616 0x61B5451: CONF_modules_load_file_ex (in /usr/lib/x86_64-linux-gnu/libcrypto.so.3)
           n1: 2616 0x625A6EF: ??? (in /usr/lib/x86_64-linux-gnu/libcrypto.so.3)
            n1: 2616 0x5F0BEE7: __pthread_once_slow (pthread_once.c:116)
             n1: 2616 0x625E1EC: CRYPTO_THREAD_run_once (in /usr/lib/x86_64-linux-gnu/libcrypto.so.3)
              n1: 2616 0x625B155: OPENSSL_init_crypto (in /usr/lib/x86_64-linux-gnu/libcrypto.so.3)
               n1: 2616 0x63307AC: ??? (in /usr/lib/x86_64-linux-gnu/libcrypto.so.3)
                n1: 2616 0x62853A4: RAND_get_rand_method (in /usr/lib/x86_64-linux-gnu/libcrypto.so.3)
                 n1: 2616 0x6285EC9: RAND_status (in /usr/lib/x86_64-linux-gnu/libcrypto.so.3)
                  n1: 2616 0x5C962CF: OQS_randombytes_openssl (in /home/anss/random/bench/install/lib/liboqs.so.0.15.0)
                   n1: 2616 0x4AAB6AB: PQCLEAN_HQC128_CLEAN_hqc_pke_keygen (in /home/anss/random/bench/install/lib/liboqs.so.0.15.0)
                    n1: 2616 0x4AABCAC: PQCLEAN_HQC128_CLEAN_crypto_kem_keypair (in /home/anss/random/bench/install/lib/liboqs.so.0.15.0)
                     n1: 2616 0x4AA8EFA: OQS_KEM_hqc_128_keypair (in /home/anss/random/bench/install/lib/liboqs.so.0.15.0)
                      n0: 2616 0x1092FB: main (in /home/anss/random/bench/mem_kem)
    n1: 2304 0x6259845: ??? (in /usr/lib/x86_64-linux-gnu/libcrypto.so.3)
     n1: 2304 0x5F0BEE7: __pthread_once_slow (pthread_once.c:116)
      n1: 2304 0x625E1EC: CRYPTO_THREAD_run_once (in /usr/lib/x86_64-linux-gnu/libcrypto.so.3)
       n1: 2304 0x625AEE2: OPENSSL_init_crypto (in /usr/lib/x86_64-linux-gnu/libcrypto.so.3)
        n1: 2304 0x6208686: ??? (in /usr/lib/x86_64-linux-gnu/libcrypto.so.3)
         n1: 2304 0x620904C: ERR_set_mark (in /usr/lib/x86_64-linux-gnu/libcrypto.so.3)
          n1: 2304 0x61B5451: CONF_modules_load_file_ex (in /usr/lib/x86_64-linux-gnu/libcrypto.so.3)
           n1: 2304 0x625A6EF: ??? (in /usr/lib/x86_64-linux-gnu/libcrypto.so.3)
            n1: 2304 0x5F0BEE7: __pthread_once_slow (pthread_once.c:116)
             n1: 2304 0x625E1EC: CRYPTO_THREAD_run_once (in /usr/lib/x86_64-linux-gnu/libcrypto.so.3)
              n1: 2304 0x625B155: OPENSSL_init_crypto (in /usr/lib/x86_64-linux-gnu/libcrypto.so.3)
               n1: 2304 0x63307AC: ??? (in /usr/lib/x86_64-linux-gnu/libcrypto.so.3)
                n1: 2304 0x62853A4: RAND_get_rand_method (in /usr/lib/x86_64-linux-gnu/libcrypto.so.3)
                 n1: 2304 0x6285EC9: RAND_status (in /usr/lib/x86_64-linux-gnu/libcrypto.so.3)
                  n1: 2304 0x5C962CF: OQS_randombytes_openssl (in /home/anss/random/bench/install/lib/liboqs.so.0.15.0)
                   n1: 2304 0x4AAB6AB: PQCLEAN_HQC128_CLEAN_hqc_pke_keygen (in /home/anss/random/bench/install/lib/liboqs.so.0.15.0)
                    n1: 2304 0x4AABCAC: PQCLEAN_HQC128_CLEAN_crypto_kem_keypair (in /home/anss/random/bench/install/lib/liboqs.so.0.15.0)
                     n1: 2304 0x4AA8EFA: OQS_KEM_hqc_128_keypair (in /home/anss/random/bench/install/lib/liboqs.so.0.15.0)
                      n0: 2304 0x1092FB: main (in /home/anss/random/bench/mem_kem)
    n1: 2016 0x6259823: ??? (in /usr/lib/x86_64-linux-gnu/libcrypto.so.3)
     n1: 2016 0x5F0BEE7: __pthread_once_slow (pthread_once.c:116)
      n1: 2016 0x625E1EC: CRYPTO_THREAD_run_once (in /usr/lib/x86_64-linux-gnu/libcrypto.so.3)
       n1: 2016 0x625AEE2: OPENSSL_init_crypto (in /usr/lib/x86_64-linux-gnu/libcrypto.so.3)
        n1: 2016 0x6208686: ??? (in /usr/lib/x86_64-linux-gnu/libcrypto.so.3)
         n1: 2016 0x620904C: ERR_set_mark (in /usr/lib/x86_64-linux-gnu/libcrypto.so.3)
          n1: 2016 0x61B5451: CONF_modules_load_file_ex (in /usr/lib/x86_64-linux-gnu/libcrypto.so.3)
           n1: 2016 0x625A6EF: ??? (in /usr/lib/x86_64-linux-gnu/libcrypto.so.3)
            n1: 2016 0x5F0BEE7: __pthread_once_slow (pthread_once.c:116)
             n1: 2016 0x625E1EC: CRYPTO_THREAD_run_once (in /usr/lib/x86_64-linux-gnu/libcrypto.so.3)
              n1: 2016 0x625B155: OPENSSL_init_crypto (in /usr/lib/x86_64-linux-gnu/libcrypto.so.3)
               n1: 2016 0x63307AC: ??? (in /usr/lib/x86_64-linux-gnu/libcrypto.so.3)
                n1: 2016 0x62853A4: RAND_get_rand_method (in /usr/lib/x86_64-linux-gnu/libcrypto.so.3)
                 n1: 2016 0x6285EC9: RAND_status (in /usr/lib/x86_64-linux-gnu/libcrypto.so.3)
                  n1: 2016 0x5C962CF: OQS_randombytes_openssl (in /home/anss/random/bench/install/lib/liboqs.so.0.15.0)
                   n1: 2016 0x4AAB6AB: PQCLEAN_HQC128_CLEAN_hqc_pke_keygen (in /home/anss/random/bench/install/lib/liboqs.so.0.15.0)
                    n1: 2016 0x4AABCAC: PQCLEAN_HQC128_CLEAN_crypto_kem_keypair (in /home/anss/random/bench/install/lib/liboqs.so.0.15.0)
                     n1: 2016 0x4AA8EFA: OQS_KEM_hqc_128_keypair (in /home/anss/random/bench/install/lib/liboqs.so.0.15.0)
                      n0: 2016 0x1092FB: main (in /home/anss/random/bench/mem_kem)
    n1: 1968 0x6259783: ??? (in /usr/lib/x86_64-linux-gnu/libcrypto.so.3)
     n1: 1968 0x5F0BEE7: __pthread_once_slow (pthread_once.c:116)
      n1: 1968 0x625E1EC: CRYPTO_THREAD_run_once (in /usr/lib/x86_64-linux-gnu/libcrypto.so.3)
       n1: 1968 0x625AEE2: OPENSSL_init_crypto (in /usr/lib/x86_64-linux-gnu/libcrypto.so.3)
        n1: 1968 0x6208686: ??? (in /usr/lib/x86_64-linux-gnu/libcrypto.so.3)
         n1: 1968 0x620904C: ERR_set_mark (in /usr/lib/x86_64-linux-gnu/libcrypto.so.3)
          n1: 1968 0x61B5451: CONF_modules_load_file_ex (in /usr/lib/x86_64-linux-gnu/libcrypto.so.3)
           n1: 1968 0x625A6EF: ??? (in /usr/lib/x86_64-linux-gnu/libcrypto.so.3)
            n1: 1968 0x5F0BEE7: __pthread_once_slow (pthread_once.c:116)
             n1: 1968 0x625E1EC: CRYPTO_THREAD_run_once (in /usr/lib/x86_64-linux-gnu/libcrypto.so.3)
              n1: 1968 0x625B155: OPENSSL_init_crypto (in /usr/lib/x86_64-linux-gnu/libcrypto.so.3)
               n1: 1968 0x63307AC: ??? (in /usr/lib/x86_64-linux-gnu/libcrypto.so.3)
                n1: 1968 0x62853A4: RAND_get_rand_method (in /usr/lib/x86_64-linux-gnu/libcrypto.so.3)
                 n1: 1968 0x6285EC9: RAND_status (in /usr/lib/x86_64-linux-gnu/libcrypto.so.3)
                  n1: 1968 0x5C962CF: OQS_randombytes_openssl (in /home/anss/random/bench/install/lib/liboqs.so.0.15.0)
                   n1: 1968 0x4AAB6AB: PQCLEAN_HQC128_CLEAN_hqc_pke_keygen (in /home/anss/random/bench/install/lib/liboqs.so.0.15.0)
                    n1: 1968 0x4AABCAC: PQCLEAN_HQC128_CLEAN_crypto_kem_keypair (in /home/anss/random/bench/install/lib/liboqs.so.0.15.0)
                     n1: 1968 0x4AA8EFA: OQS_KEM_hqc_128_keypair (in /home/anss/random/bench/install/lib/liboqs.so.0.15.0)
                      n0: 1968 0x1092FB: main (in /home/anss/random/bench/mem_kem)
    n1: 1776 0x62598CD: ??? (in /usr/lib/x86_64-linux-gnu/libcrypto.so.3)
     n1: 1776 0x5F0BEE7: __pthread_once_slow (pthread_once.c:116)
      n1: 1776 0x625E1EC: CRYPTO_THREAD_run_once (in /usr/lib/x86_64-linux-gnu/libcrypto.so.3)
       n1: 1776 0x625AEE2: OPENSSL_init_crypto (in /usr/lib/x86_64-linux-gnu/libcrypto.so.3)
        n1: 1776 0x6208686: ??? (in /usr/lib/x86_64-linux-gnu/libcrypto.so.3)
         n1: 1776 0x620904C: ERR_set_mark (in /usr/lib/x86_64-linux-gnu/libcrypto.so.3)
          n1: 1776 0x61B5451: CONF_modules_load_file_ex (in /usr/lib/x86_64-linux-gnu/libcrypto.so.3)
           n1: 1776 0x625A6EF: ??? (in /usr/lib/x86_64-linux-gnu/libcrypto.so.3)
            n1: 1776 0x5F0BEE7: __pthread_once_slow (pthread_once.c:116)
             n1: 1776 0x625E1EC: CRYPTO_THREAD_run_once (in /usr/lib/x86_64-linux-gnu/libcrypto.so.3)
              n1: 1776 0x625B155: OPENSSL_init_crypto (in /usr/lib/x86_64-linux-gnu/libcrypto.so.3)
               n1: 1776 0x63307AC: ??? (in /usr/lib/x86_64-linux-gnu/libcrypto.so.3)
                n1: 1776 0x62853A4: RAND_get_rand_method (in /usr/lib/x86_64-linux-gnu/libcrypto.so.3)
                 n1: 1776 0x6285EC9: RAND_status (in /usr/lib/x86_64-linux-gnu/libcrypto.so.3)
                  n1: 1776 0x5C962CF: OQS_randombytes_openssl (in /home/anss/random/bench/install/lib/liboqs.so.0.15.0)
                   n1: 1776 0x4AAB6AB: PQCLEAN_HQC128_CLEAN_hqc_pke_keygen (in /home/anss/random/bench/install/lib/liboqs.so.0.15.0)
                    n1: 1776 0x4AABCAC: PQCLEAN_HQC128_CLEAN_crypto_kem_keypair (in /home/anss/random/bench/install/lib/liboqs.so.0.15.0)
                     n1: 1776 0x4AA8EFA: OQS_KEM_hqc_128_keypair (in /home/anss/random/bench/install/lib/liboqs.so.0.15.0)
                      n0: 1776 0x1092FB: main (in /home/anss/random/bench/mem_kem)
    n1: 1632 0x625989A: ??? (in /usr/lib/x86_64-linux-gnu/libcrypto.so.3)
     n1: 1632 0x5F0BEE7: __pthread_once_slow (pthread_once.c:116)
      n1: 1632 0x625E1EC: CRYPTO_THREAD_run_once (in /usr/lib/x86_64-linux-gnu/libcrypto.so.3)
       n1: 1632 0x625AEE2: OPENSSL_init_crypto (in /usr/lib/x86_64-linux-gnu/libcrypto.so.3)
        n1: 1632 0x6208686: ??? (in /usr/lib/x86_64-linux-gnu/libcrypto.so.3)
         n1: 1632 0x620904C: ERR_set_mark (in /usr/lib/x86_64-linux-gnu/libcrypto.so.3)
          n1: 1632 0x61B5451: CONF_modules_load_file_ex (in /usr/lib/x86_64-linux-gnu/libcrypto.so.3)
           n1: 1632 0x625A6EF: ??? (in /usr/lib/x86_64-linux-gnu/libcrypto.so.3)
            n1: 1632 0x5F0BEE7: __pthread_once_slow (pthread_once.c:116)
             n1: 1632 0x625E1EC: CRYPTO_THREAD_run_once (in /usr/lib/x86_64-linux-gnu/libcrypto.so.3)
              n1: 1632 0x625B155: OPENSSL_init_crypto (in /usr/lib/x86_64-linux-gnu/libcrypto.so.3)
               n1: 1632 0x63307AC: ??? (in /usr/lib/x86_64-linux-gnu/libcrypto.so.3)
                n1: 1632 0x62853A4: RAND_get_rand_method (in /usr/lib/x86_64-linux-gnu/libcrypto.so.3)
                 n1: 1632 0x6285EC9: RAND_status (in /usr/lib/x86_64-linux-gnu/libcrypto.so.3)
                  n1: 1632 0x5C962CF: OQS_randombytes_openssl (in /home/anss/random/bench/install/lib/liboqs.so.0.15.0)
                   n1: 1632 0x4AAB6AB: PQCLEAN_HQC128_CLEAN_hqc_pke_keygen (in /home/anss/random/bench/install/lib/liboqs.so.0.15.0)
                    n1: 1632 0x4AABCAC: PQCLEAN_HQC128_CLEAN_crypto_kem_keypair (in /home/anss/random/bench/install/lib/liboqs.so.0.15.0)
                     n1: 1632 0x4AA8EFA: OQS_KEM_hqc_128_keypair (in /home/anss/random/bench/install/lib/liboqs.so.0.15.0)
                      n0: 1632 0x1092FB: main (in /home/anss/random/bench/mem_kem)
    n1: 1032 0x62597DF: ??? (in /usr/lib/x86_64-linux-gnu/libcrypto.so.3)
     n1: 1032 0x5F0BEE7: __pthread_once_slow (pthread_once.c:116)
      n1: 1032 0x625E1EC: CRYPTO_THREAD_run_once (in /usr/lib/x86_64-linux-gnu/libcrypto.so.3)
       n1: 1032 0x625AEE2: OPENSSL_init_crypto (in /usr/lib/x86_64-linux-gnu/libcrypto.so.3)
        n1: 1032 0x6208686: ??? (in /usr/lib/x86_64-linux-gnu/libcrypto.so.3)
         n1: 1032 0x620904C: ERR_set_mark (in /usr/lib/x86_64-linux-gnu/libcrypto.so.3)
          n1: 1032 0x61B5451: CONF_modules_load_file_ex (in /usr/lib/x86_64-linux-gnu/libcrypto.so.3)
           n1: 1032 0x625A6EF: ??? (in /usr/lib/x86_64-linux-gnu/libcrypto.so.3)
            n1: 1032 0x5F0BEE7: __pthread_once_slow (pthread_once.c:116)
             n1: 1032 0x625E1EC: CRYPTO_THREAD_run_once (in /usr/lib/x86_64-linux-gnu/libcrypto.so.3)
              n1: 1032 0x625B155: OPENSSL_init_crypto (in /usr/lib/x86_64-linux-gnu/libcrypto.so.3)
               n1: 1032 0x63307AC: ??? (in /usr/lib/x86_64-linux-gnu/libcrypto.so.3)
                n1: 1032 0x62853A4: RAND_get_rand_method (in /usr/lib/x86_64-linux-gnu/libcrypto.so.3)
                 n1: 1032 0x6285EC9: RAND_status (in /usr/lib/x86_64-linux-gnu/libcrypto.so.3)
                  n1: 1032 0x5C962CF: OQS_randombytes_openssl (in /home/anss/random/bench/install/lib/liboqs.so.0.15.0)
                   n1: 1032 0x4AAB6AB: PQCLEAN_HQC128_CLEAN_hqc_pke_keygen (in /home/anss/random/bench/install/lib/liboqs.so.0.15.0)
                    n1: 1032 0x4AABCAC: PQCLEAN_HQC128_CLEAN_crypto_kem_keypair (in /home/anss/random/bench/install/lib/liboqs.so.0.15.0)
                     n1: 1032 0x4AA8EFA: OQS_KEM_hqc_128_keypair (in /home/anss/random/bench/install/lib/liboqs.so.0.15.0)
                      n0: 1032 0x1092FB: main (in /home/anss/random/bench/mem_kem)
    n1: 1032 0x6259944: ??? (in /usr/lib/x86_64-linux-gnu/libcrypto.so.3)
     n1: 1032 0x5F0BEE7: __pthread_once_slow (pthread_once.c:116)
      n1: 1032 0x625E1EC: CRYPTO_THREAD_run_once (in /usr/lib/x86_64-linux-gnu/libcrypto.so.3)
       n1: 1032 0x625AEE2: OPENSSL_init_crypto (in /usr/lib/x86_64-linux-gnu/libcrypto.so.3)
        n1: 1032 0x6208686: ??? (in /usr/lib/x86_64-linux-gnu/libcrypto.so.3)
         n1: 1032 0x620904C: ERR_set_mark (in /usr/lib/x86_64-linux-gnu/libcrypto.so.3)
          n1: 1032 0x61B5451: CONF_modules_load_file_ex (in /usr/lib/x86_64-linux-gnu/libcrypto.so.3)
           n1: 1032 0x625A6EF: ??? (in /usr/lib/x86_64-linux-gnu/libcrypto.so.3)
            n1: 1032 0x5F0BEE7: __pthread_once_slow (pthread_once.c:116)
             n1: 1032 0x625E1EC: CRYPTO_THREAD_run_once (in /usr/lib/x86_64-linux-gnu/libcrypto.so.3)
              n1: 1032 0x625B155: OPENSSL_init_crypto (in /usr/lib/x86_64-linux-gnu/libcrypto.so.3)
               n1: 1032 0x63307AC: ??? (in /usr/lib/x86_64-linux-gnu/libcrypto.so.3)
                n1: 1032 0x62853A4: RAND_get_rand_method (in /usr/lib/x86_64-linux-gnu/libcrypto.so.3)
                 n1: 1032 0x6285EC9: RAND_status (in /usr/lib/x86_64-linux-gnu/libcrypto.so.3)
                  n1: 1032 0x5C962CF: OQS_randombytes_openssl (in /home/anss/random/bench/install/lib/liboqs.so.0.15.0)
                   n1: 1032 0x4AAB6AB: PQCLEAN_HQC128_CLEAN_hqc_pke_keygen (in /home/anss/random/bench/install/lib/liboqs.so.0.15.0)
                    n1: 1032 0x4AABCAC: PQCLEAN_HQC128_CLEAN_crypto_kem_keypair (in /home/anss/random/bench/install/lib/liboqs.so.0.15.0)
                     n1: 1032 0x4AA8EFA: OQS_KEM_hqc_128_keypair (in /home/anss/random/bench/install/lib/liboqs.so.0.15.0)
                      n0: 1032 0x1092FB: main (in /home/anss/random/bench/mem_kem)
   n1: 1032 0x625947B: ??? (in /usr/lib/x86_64-linux-gnu/libcrypto.so.3)
    n1: 1032 0x5F0BEE7: __pthread_once_slow (pthread_once.c:116)
     n1: 1032 0x625E1EC: CRYPTO_THREAD_run_once (in /usr/lib/x86_64-linux-gnu/libcrypto.so.3)
      n1: 1032 0x625AEE2: OPENSSL_init_crypto (in /usr/lib/x86_64-linux-gnu/libcrypto.so.3)
       n1: 1032 0x6208686: ??? (in /usr/lib/x86_64-linux-gnu/libcrypto.so.3)
        n1: 1032 0x620904C: ERR_set_mark (in /usr/lib/x86_64-linux-gnu/libcrypto.so.3)
         n1: 1032 0x61B5451: CONF_modules_load_file_ex (in /usr/lib/x86_64-linux-gnu/libcrypto.so.3)
          n1: 1032 0x625A6EF: ??? (in /usr/lib/x86_64-linux-gnu/libcrypto.so.3)
           n1: 1032 0x5F0BEE7: __pthread_once_slow (pthread_once.c:116)
            n1: 1032 0x625E1EC: CRYPTO_THREAD_run_once (in /usr/lib/x86_64-linux-gnu/libcrypto.so.3)
             n1: 1032 0x625B155: OPENSSL_init_crypto (in /usr/lib/x86_64-linux-gnu/libcrypto.so.3)
              n1: 1032 0x63307AC: ??? (in /usr/lib/x86_64-linux-gnu/libcrypto.so.3)
               n1: 1032 0x62853A4: RAND_get_rand_method (in /usr/lib/x86_64-linux-gnu/libcrypto.so.3)
                n1: 1032 0x6285EC9: RAND_status (in /usr/lib/x86_64-linux-gnu/libcrypto.so.3)
                 n1: 1032 0x5C962CF: OQS_randombytes_openssl (in /home/anss/random/bench/install/lib/liboqs.so.0.15.0)
                  n1: 1032 0x4AAB6AB: PQCLEAN_HQC128_CLEAN_hqc_pke_keygen (in /home/anss/random/bench/install/lib/liboqs.so.0.15.0)
                   n1: 1032 0x4AABCAC: PQCLEAN_HQC128_CLEAN_crypto_kem_keypair (in /home/anss/random/bench/install/lib/liboqs.so.0.15.0)
                    n1: 1032 0x4AA8EFA: OQS_KEM_hqc_128_keypair (in /home/anss/random/bench/install/lib/liboqs.so.0.15.0)
                     n0: 1032 0x1092FB: main (in /home/anss/random/bench/mem_kem)
   n0: 936 in 1 place, below massif's threshold (1.00%)
  n1: 1752 0x61B3E47: ??? (in /usr/lib/x86_64-linux-gnu/libcrypto.so.3)
   n1: 1752 0x61B46D3: ??? (in /usr/lib/x86_64-linux-gnu/libcrypto.so.3)
    n1: 1752 0x61B5321: CONF_modules_load_file_ex (in /usr/lib/x86_64-linux-gnu/libcrypto.so.3)
     n1: 1752 0x625A6EF: ??? (in /usr/lib/x86_64-linux-gnu/libcrypto.so.3)
      n1: 1752 0x5F0BEE7: __pthread_once_slow (pthread_once.c:116)
       n1: 1752 0x625E1EC: CRYPTO_THREAD_run_once (in /usr/lib/x86_64-linux-gnu/libcrypto.so.3)
        n1: 1752 0x625B155: OPENSSL_init_crypto (in /usr/lib/x86_64-linux-gnu/libcrypto.so.3)
         n1: 1752 0x63307AC: ??? (in /usr/lib/x86_64-linux-gnu/libcrypto.so.3)
          n1: 1752 0x62853A4: RAND_get_rand_method (in /usr/lib/x86_64-linux-gnu/libcrypto.so.3)
           n1: 1752 0x6285EC9: RAND_status (in /usr/lib/x86_64-linux-gnu/libcrypto.so.3)
            n1: 1752 0x5C962CF: OQS_randombytes_openssl (in /home/anss/random/bench/install/lib/liboqs.so.0.15.0)
             n1: 1752 0x4AAB6AB: PQCLEAN_HQC128_CLEAN_hqc_pke_keygen (in /home/anss/random/bench/install/lib/liboqs.so.0.15.0)
              n1: 1752 0x4AABCAC: PQCLEAN_HQC128_CLEAN_crypto_kem_keypair (in /home/anss/random/bench/install/lib/liboqs.so.0.15.0)
               n1: 1752 0x4AA8EFA: OQS_KEM_hqc_128_keypair (in /home/anss/random/bench/install/lib/liboqs.so.0.15.0)
                n0: 1752 0x1092FB: main (in /home/anss/random/bench/mem_kem)
  n0: 552 in 2 places, all below massif's threshold (1.00%)
 n2: 8704 0x62485D3: OPENSSL_LH_insert (in /usr/lib/x86_64-linux-gnu/libcrypto.so.3)
  n2: 8192 0x6339B72: ??? (in /usr/lib/x86_64-linux-gnu/libcrypto.so.3)
   n2: 8192 0x6206BEF: ERR_load_strings_const (in /usr/lib/x86_64-linux-gnu/libcrypto.so.3)
    n1: 8192 0x62598DE: ??? (in /usr/lib/x86_64-linux-gnu/libcrypto.so.3)
     n1: 8192 0x5F0BEE7: __pthread_once_slow (pthread_once.c:116)
      n1: 8192 0x625E1EC: CRYPTO_THREAD_run_once (in /usr/lib/x86_64-linux-gnu/libcrypto.so.3)
       n1: 8192 0x625AEE2: OPENSSL_init_crypto (in /usr/lib/x86_64-linux-gnu/libcrypto.so.3)
        n1: 8192 0x6208686: ??? (in /usr/lib/x86_64-linux-gnu/libcrypto.so.3)
         n1: 8192 0x620904C: ERR_set_mark (in /usr/lib/x86_64-linux-gnu/libcrypto.so.3)
          n1: 8192 0x61B5451: CONF_modules_load_file_ex (in /usr/lib/x86_64-linux-gnu/libcrypto.so.3)
           n1: 8192 0x625A6EF: ??? (in /usr/lib/x86_64-linux-gnu/libcrypto.so.3)
            n1: 8192 0x5F0BEE7: __pthread_once_slow (pthread_once.c:116)
             n1: 8192 0x625E1EC: CRYPTO_THREAD_run_once (in /usr/lib/x86_64-linux-gnu/libcrypto.so.3)
              n1: 8192 0x625B155: OPENSSL_init_crypto (in /usr/lib/x86_64-linux-gnu/libcrypto.so.3)
               n1: 8192 0x63307AC: ??? (in /usr/lib/x86_64-linux-gnu/libcrypto.so.3)
                n1: 8192 0x62853A4: RAND_get_rand_method (in /usr/lib/x86_64-linux-gnu/libcrypto.so.3)
                 n1: 8192 0x6285EC9: RAND_status (in /usr/lib/x86_64-linux-gnu/libcrypto.so.3)
                  n1: 8192 0x5C962CF: OQS_randombytes_openssl (in /home/anss/random/bench/install/lib/liboqs.so.0.15.0)
                   n1: 8192 0x4AAB6AB: PQCLEAN_HQC128_CLEAN_hqc_pke_keygen (in /home/anss/random/bench/install/lib/liboqs.so.0.15.0)
                    n1: 8192 0x4AABCAC: PQCLEAN_HQC128_CLEAN_crypto_kem_keypair (in /home/anss/random/bench/install/lib/liboqs.so.0.15.0)
                     n1: 8192 0x4AA8EFA: OQS_KEM_hqc_128_keypair (in /home/anss/random/bench/install/lib/liboqs.so.0.15.0)
                      n0: 8192 0x1092FB: main (in /home/anss/random/bench/mem_kem)
    n0: 0 in 3 places, all below massif's threshold (1.00%)
   n0: 0 in 2 places, all below massif's threshold (1.00%)
  n0: 512 in 1 place, below massif's threshold (1.00%)
 n2: 4704 0x6252C3D: CRYPTO_zalloc (in /usr/lib/x86_64-linux-gnu/libcrypto.so.3)
  n0: 3080 in 10 places, all below massif's threshold (1.00%)
  n2: 1624 0x625E073: CRYPTO_THREAD_lock_new (in /usr/lib/x86_64-linux-gnu/libcrypto.so.3)
   n1: 1064 0x6251862: ??? (in /usr/lib/x86_64-linux-gnu/libcrypto.so.3)
    n1: 1064 0x6251A5C: ??? (in /usr/lib/x86_64-linux-gnu/libcrypto.so.3)
     n1: 1064 0x5F0BEE7: __pthread_once_slow (pthread_once.c:116)
      n1: 1064 0x625E1EC: CRYPTO_THREAD_run_once (in /usr/lib/x86_64-linux-gnu/libcrypto.so.3)
       n1: 1064 0x6256D72: ??? (in /usr/lib/x86_64-linux-gnu/libcrypto.so.3)
        n1: 1064 0x6176BA3: BIO_new_ex (in /usr/lib/x86_64-linux-gnu/libcrypto.so.3)
         n1: 1064 0x617D385: BIO_new_file (in /usr/lib/x86_64-linux-gnu/libcrypto.so.3)
          n1: 1064 0x61B46BD: ??? (in /usr/lib/x86_64-linux-gnu/libcrypto.so.3)
           n1: 1064 0x61B5321: CONF_modules_load_file_ex (in /usr/lib/x86_64-linux-gnu/libcrypto.so.3)
            n1: 1064 0x625A6EF: ??? (in /usr/lib/x86_64-linux-gnu/libcrypto.so.3)
             n1: 1064 0x5F0BEE7: __pthread_once_slow (pthread_once.c:116)
              n1: 1064 0x625E1EC: CRYPTO_THREAD_run_once (in /usr/lib/x86_64-linux-gnu/libcrypto.so.3)
               n1: 1064 0x625B155: OPENSSL_init_crypto (in /usr/lib/x86_64-linux-gnu/libcrypto.so.3)
                n1: 1064 0x63307AC: ??? (in /usr/lib/x86_64-linux-gnu/libcrypto.so.3)
                 n1: 1064 0x62853A4: RAND_get_rand_method (in /usr/lib/x86_64-linux-gnu/libcrypto.so.3)
                  n1: 1064 0x6285EC9: RAND_status (in /usr/lib/x86_64-linux-gnu/libcrypto.so.3)
                   n1: 1064 0x5C962CF: OQS_randombytes_openssl (in /home/anss/random/bench/install/lib/liboqs.so.0.15.0)
                    n1: 1064 0x4AAB6AB: PQCLEAN_HQC128_CLEAN_hqc_pke_keygen (in /home/anss/random/bench/install/lib/liboqs.so.0.15.0)
                     n1: 1064 0x4AABCAC: PQCLEAN_HQC128_CLEAN_crypto_kem_keypair (in /home/anss/random/bench/install/lib/liboqs.so.0.15.0)
                      n1: 1064 0x4AA8EFA: OQS_KEM_hqc_128_keypair (in /home/anss/random/bench/install/lib/liboqs.so.0.15.0)
                       n0: 1064 0x1092FB: main (in /home/anss/random/bench/mem_kem)
   n0: 560 in 10 places, all below massif's threshold (1.00%)
 n0: 4433 0x10928B: main (in /home/anss/random/bench/mem_kem)
 n1: 4096 0x5EF0BA3: _IO_file_doallocate (filedoalloc.c:101)
  n1: 4096 0x5EFFCDF: _IO_doallocbuf (genops.c:347)
   n1: 4096 0x5EFECDB: _IO_file_underflow@@GLIBC_2.2.5 (fileops.c:485)
    n1: 4096 0x5EFFD95: _IO_default_uflow (genops.c:362)
     n1: 4096 0x5EF241B: _IO_getline_info (iogetline.c:60)
      n1: 4096 0x5FA7248: __fgets_chk (fgets_chk.c:45)
       n1: 4096 0x61784AD: ??? (in /usr/lib/x86_64-linux-gnu/libcrypto.so.3)
        n1: 4096 0x61718B0: BIO_gets (in /usr/lib/x86_64-linux-gnu/libcrypto.so.3)
         n1: 4096 0x61B3427: ??? (in /usr/lib/x86_64-linux-gnu/libcrypto.so.3)
          n1: 4096 0x61B46D3: ??? (in /usr/lib/x86_64-linux-gnu/libcrypto.so.3)
           n1: 4096 0x61B5321: CONF_modules_load_file_ex (in /usr/lib/x86_64-linux-gnu/libcrypto.so.3)
            n1: 4096 0x625A6EF: ??? (in /usr/lib/x86_64-linux-gnu/libcrypto.so.3)
             n1: 4096 0x5F0BEE7: __pthread_once_slow (pthread_once.c:116)
              n1: 4096 0x625E1EC: CRYPTO_THREAD_run_once (in /usr/lib/x86_64-linux-gnu/libcrypto.so.3)
               n1: 4096 0x625B155: OPENSSL_init_crypto (in /usr/lib/x86_64-linux-gnu/libcrypto.so.3)
                n1: 4096 0x63307AC: ??? (in /usr/lib/x86_64-linux-gnu/libcrypto.so.3)
                 n1: 4096 0x62853A4: RAND_get_rand_method (in /usr/lib/x86_64-linux-gnu/libcrypto.so.3)
                  n1: 4096 0x6285EC9: RAND_status (in /usr/lib/x86_64-linux-gnu/libcrypto.so.3)
                   n1: 4096 0x5C962CF: OQS_randombytes_openssl (in /home/anss/random/bench/install/lib/liboqs.so.0.15.0)
                    n1: 4096 0x4AAB6AB: PQCLEAN_HQC128_CLEAN_hqc_pke_keygen (in /home/anss/random/bench/install/lib/liboqs.so.0.15.0)
                     n1: 4096 0x4AABCAC: PQCLEAN_HQC128_CLEAN_crypto_kem_keypair (in /home/anss/random/bench/install/lib/liboqs.so.0.15.0)
                      n1: 4096 0x4AA8EFA: OQS_KEM_hqc_128_keypair (in /home/anss/random/bench/install/lib/liboqs.so.0.15.0)
                       n0: 4096 0x1092FB: main (in /home/anss/random/bench/mem_kem)
 n0: 2305 0x109277: main (in /home/anss/random/bench/mem_kem)
 n0: 2249 0x109263: main (in /home/anss/random/bench/mem_kem)
 n2: 2148 0x6191F05: BUF_MEM_grow (in /usr/lib/x86_64-linux-gnu/libcrypto.so.3)
  n2: 1464 0x61B2BC6: ??? (in /usr/lib/x86_64-linux-gnu/libcrypto.so.3)
   n1: 1452 0x61B3DBE: ??? (in /usr/lib/x86_64-linux-gnu/libcrypto.so.3)
    n1: 1452 0x61B46D3: ??? (in /usr/lib/x86_64-linux-gnu/libcrypto.so.3)
     n1: 1452 0x61B5321: CONF_modules_load_file_ex (in /usr/lib/x86_64-linux-gnu/libcrypto.so.3)
      n1: 1452 0x625A6EF: ??? (in /usr/lib/x86_64-linux-gnu/libcrypto.so.3)
       n1: 1452 0x5F0BEE7: __pthread_once_slow (pthread_once.c:116)
        n1: 1452 0x625E1EC: CRYPTO_THREAD_run_once (in /usr/lib/x86_64-linux-gnu/libcrypto.so.3)
         n1: 1452 0x625B155: OPENSSL_init_crypto (in /usr/lib/x86_64-linux-gnu/libcrypto.so.3)
          n1: 1452 0x63307AC: ??? (in /usr/lib/x86_64-linux-gnu/libcrypto.so.3)
           n1: 1452 0x62853A4: RAND_get_rand_method (in /usr/lib/x86_64-linux-gnu/libcrypto.so.3)
            n1: 1452 0x6285EC9: RAND_status (in /usr/lib/x86_64-linux-gnu/libcrypto.so.3)
             n1: 1452 0x5C962CF: OQS_randombytes_openssl (in /home/anss/random/bench/install/lib/liboqs.so.0.15.0)
              n1: 1452 0x4AAB6AB: PQCLEAN_HQC128_CLEAN_hqc_pke_keygen (in /home/anss/random/bench/install/lib/liboqs.so.0.15.0)
               n1: 1452 0x4AABCAC: PQCLEAN_HQC128_CLEAN_crypto_kem_keypair (in /home/anss/random/bench/install/lib/liboqs.so.0.15.0)
                n1: 1452 0x4AA8EFA: OQS_KEM_hqc_128_keypair (in /home/anss/random/bench/install/lib/liboqs.so.0.15.0)
                 n0: 1452 0x1092FB: main (in /home/anss/random/bench/mem_kem)
   n0: 12 in 1 place, below massif's threshold (1.00%)
  n0: 684 in 1 place, below massif's threshold (1.00%)
 n0: 2033 in 12 places, all below massif's threshold (1.00%)
 n1: 1776 0x61B3D71: ??? (in /usr/lib/x86_64-linux-gnu/libcrypto.so.3)
  n1: 1776 0x61B46D3: ??? (in /usr/lib/x86_64-linux-gnu/libcrypto.so.3)
   n1: 1776 0x61B5321: CONF_modules_load_file_ex (in /usr/lib/x86_64-linux-gnu/libcrypto.so.3)
    n1: 1776 0x625A6EF: ??? (in /usr/lib/x86_64-linux-gnu/libcrypto.so.3)
     n1: 1776 0x5F0BEE7: __pthread_once_slow (pthread_once.c:116)
      n1: 1776 0x625E1EC: CRYPTO_THREAD_run_once (in /usr/lib/x86_64-linux-gnu/libcrypto.so.3)
       n1: 1776 0x625B155: OPENSSL_init_crypto (in /usr/lib/x86_64-linux-gnu/libcrypto.so.3)
        n1: 1776 0x63307AC: ??? (in /usr/lib/x86_64-linux-gnu/libcrypto.so.3)
         n1: 1776 0x62853A4: RAND_get_rand_method (in /usr/lib/x86_64-linux-gnu/libcrypto.so.3)
          n1: 1776 0x6285EC9: RAND_status (in /usr/lib/x86_64-linux-gnu/libcrypto.so.3)
           n1: 1776 0x5C962CF: OQS_randombytes_openssl (in /home/anss/random/bench/install/lib/liboqs.so.0.15.0)
            n1: 1776 0x4AAB6AB: PQCLEAN_HQC128_CLEAN_hqc_pke_keygen (in /home/anss/random/bench/install/lib/liboqs.so.0.15.0)
             n1: 1776 0x4AABCAC: PQCLEAN_HQC128_CLEAN_crypto_kem_keypair (in /home/anss/random/bench/install/lib/liboqs.so.0.15.0)
              n1: 1776 0x4AA8EFA: OQS_KEM_hqc_128_keypair (in /home/anss/random/bench/install/lib/liboqs.so.0.15.0)
               n0: 1776 0x1092FB: main (in /home/anss/random/bench/mem_kem)
 n2: 1069 0x6253BCA: CRYPTO_strdup (in /usr/lib/x86_64-linux-gnu/libcrypto.so.3)
  n1: 1069 0x61B3D94: ??? (in /usr/lib/x86_64-linux-gnu/libcrypto.so.3)
   n1: 1069 0x61B46D3: ??? (in /usr/lib/x86_64-linux-gnu/libcrypto.so.3)
    n1: 1069 0x61B5321: CONF_modules_load_file_ex (in /usr/lib/x86_64-linux-gnu/libcrypto.so.3)
     n1: 1069 0x625A6EF: ??? (in /usr/lib/x86_64-linux-gnu/libcrypto.so.3)
      n1: 1069 0x5F0BEE7: __pthread_once_slow (pthread_once.c:116)
       n1: 1069 0x625E1EC: CRYPTO_THREAD_run_once (in /usr/lib/x86_64-linux-gnu/libcrypto.so.3)
        n1: 1069 0x625B155: OPENSSL_init_crypto (in /usr/lib/x86_64-linux-gnu/libcrypto.so.3)
         n1: 1069 0x63307AC: ??? (in /usr/lib/x86_64-linux-gnu/libcrypto.so.3)
          n1: 1069 0x62853A4: RAND_get_rand_method (in /usr/lib/x86_64-linux-gnu/libcrypto.so.3)
           n1: 1069 0x6285EC9: RAND_status (in /usr/lib/x86_64-linux-gnu/libcrypto.so.3)
            n1: 1069 0x5C962CF: OQS_randombytes_openssl (in /home/anss/random/bench/install/lib/liboqs.so.0.15.0)
             n1: 1069 0x4AAB6AB: PQCLEAN_HQC128_CLEAN_hqc_pke_keygen (in /home/anss/random/bench/install/lib/liboqs.so.0.15.0)
              n1: 1069 0x4AABCAC: PQCLEAN_HQC128_CLEAN_crypto_kem_keypair (in /home/anss/random/bench/install/lib/liboqs.so.0.15.0)
               n1: 1069 0x4AA8EFA: OQS_KEM_hqc_128_keypair (in /home/anss/random/bench/install/lib/liboqs.so.0.15.0)
                n0: 1069 0x1092FB: main (in /home/anss/random/bench/mem_kem)
  n0: 0 in 1 place, below massif's threshold (1.00%)
#-----------
snapshot=11
#-----------
time=3045350
mem_heap_B=74926
mem_heap_extra_B=32666
mem_stacks_B=0
heap_tree=empty
#-----------
snapshot=12
#-----------
time=3161917
mem_heap_B=69346
mem_heap_extra_B=32054
mem_stacks_B=0
heap_tree=empty
#-----------
snapshot=13
#-----------
time=3265406
mem_heap_B=59688
mem_heap_extra_B=25328
mem_stacks_B=0
heap_tree=empty
#-----------
snapshot=14
#-----------
time=3443453
mem_heap_B=65784
mem_heap_extra_B=28880
mem_stacks_B=0
heap_tree=empty
#-----------
snapshot=15
#-----------
time=3581354
mem_heap_B=69859
mem_heap_extra_B=31621
mem_stacks_B=0
heap_tree=empty
#-----------
snapshot=16
#-----------
time=3659448
mem_heap_B=70645
mem_heap_extra_B=32163
mem_stacks_B=0
heap_tree=empty
#-----------
snapshot=17
#-----------
time=3795852
mem_heap_B=71885
mem_heap_extra_B=32931
mem_stacks_B=0
heap_tree=empty
#-----------
snapshot=18
#-----------
time=3892502
mem_heap_B=72743
mem_heap_extra_B=33521
mem_stacks_B=0
heap_tree=empty
#-----------
snapshot=19
#-----------
time=4029604
mem_heap_B=73914
mem_heap_extra_B=34206
mem_stacks_B=0
heap_tree=empty
#-----------
snapshot=20
#-----------
time=4186438
mem_heap_B=74928
mem_heap_extra_B=34920
mem_stacks_B=0
heap_tree=empty
#-----------
snapshot=21
#-----------
time=4276439
mem_heap_B=75715
mem_heap_extra_B=35469
mem_stacks_B=0
heap_tree=empty
#-----------
snapshot=22
#-----------
time=4395959
mem_heap_B=76580
mem_heap_extra_B=36076
mem_stacks_B=0
heap_tree=detailed
n9: 76580 (heap allocation functions) malloc/new/new[], --alloc-fns, etc.
 n4: 42312 0x6248625: OPENSSL_LH_insert (in /usr/lib/x86_64-linux-gnu/libcrypto.so.3)
  n2: 33912 0x6339B72: ??? (in /usr/lib/x86_64-linux-gnu/libcrypto.so.3)
   n9: 31944 0x6206BEF: ERR_load_strings_const (in /usr/lib/x86_64-linux-gnu/libcrypto.so.3)
    n0: 13920 in 25 places, all below massif's threshold (1.00%)
    n1: 2952 0x625972B: ??? (in /usr/lib/x86_64-linux-gnu/libcrypto.so.3)
     n1: 2952 0x5F0BEE7: __pthread_once_slow (pthread_once.c:116)
      n1: 2952 0x625E1EC: CRYPTO_THREAD_run_once (in /usr/lib/x86_64-linux-gnu/libcrypto.so.3)
       n1: 2952 0x625AEE2: OPENSSL_init_crypto (in /usr/lib/x86_64-linux-gnu/libcrypto.so.3)
        n1: 2952 0x6208686: ??? (in /usr/lib/x86_64-linux-gnu/libcrypto.so.3)
         n1: 2952 0x620904C: ERR_set_mark (in /usr/lib/x86_64-linux-gnu/libcrypto.so.3)
          n1: 2952 0x61B5451: CONF_modules_load_file_ex (in /usr/lib/x86_64-linux-gnu/libcrypto.so.3)
           n1: 2952 0x625A6EF: ??? (in /usr/lib/x86_64-linux-gnu/libcrypto.so.3)
            n1: 2952 0x5F0BEE7: __pthread_once_slow (pthread_once.c:116)
             n1: 2952 0x625E1EC: CRYPTO_THREAD_run_once (in /usr/lib/x86_64-linux-gnu/libcrypto.so.3)
              n1: 2952 0x625B155: OPENSSL_init_crypto (in /usr/lib/x86_64-linux-gnu/libcrypto.so.3)
               n1: 2952 0x63307AC: ??? (in /usr/lib/x86_64-linux-gnu/libcrypto.so.3)
                n1: 2952 0x62853A4: RAND_get_rand_method (in /usr/lib/x86_64-linux-gnu/libcrypto.so.3)
                 n1: 2952 0x6285EC9: RAND_status (in /usr/lib/x86_64-linux-gnu/libcrypto.so.3)
                  n1: 2952 0x5C962CF: OQS_randombytes_openssl (in /home/anss/random/bench/install/lib/liboqs.so.0.15.0)
                   n1: 2952 0x4AAB6AB: PQCLEAN_HQC128_CLEAN_hqc_pke_keygen (in /home/anss/random/bench/install/lib/liboqs.so.0.15.0)
                    n1: 2952 0x4AABCAC: PQCLEAN_HQC128_CLEAN_crypto_kem_keypair (in /home/anss/random/bench/install/lib/liboqs.so.0.15.0)
                     n1: 2952 0x4AA8EFA: OQS_KEM_hqc_128_keypair (in /home/anss/random/bench/install/lib/liboqs.so.0.15.0)
                      n0: 2952 0x1092FB: main (in /home/anss/random/bench/mem_kem)
    n1: 2760 0x6259801: ??? (in /usr/lib/x86_64-linux-gnu/libcrypto.so.3)
     n1: 2760 0x5F0BEE7: __pthread_once_slow (pthread_once.c:116)
      n1: 2760 0x625E1EC: CRYPTO_THREAD_run_once (in /usr/lib/x86_64-linux-gnu/libcrypto.so.3)
       n1: 2760 0x625AEE2: OPENSSL_init_crypto (in /usr/lib/x86_64-linux-gnu/libcrypto.so.3)
        n1: 2760 0x6208686: ??? (in /usr/lib/x86_64-linux-gnu/libcrypto.so.3)
         n1: 2760 0x620904C: ERR_set_mark (in /usr/lib/x86_64-linux-gnu/libcrypto.so.3)
          n1: 2760 0x61B5451: CONF_modules_load_file_ex (in /usr/lib/x86_64-linux-gnu/libcrypto.so.3)
           n1: 2760 0x625A6EF: ??? (in /usr/lib/x86_64-linux-gnu/libcrypto.so.3)
            n1: 2760 0x5F0BEE7: __pthread_once_slow (pthread_once.c:116)
             n1: 2760 0x625E1EC: CRYPTO_THREAD_run_once (in /usr/lib/x86_64-linux-gnu/libcrypto.so.3)
              n1: 2760 0x625B155: OPENSSL_init_crypto (in /usr/lib/x86_64-linux-gnu/libcrypto.so.3)
               n1: 2760 0x63307AC: ??? (in /usr/lib/x86_64-linux-gnu/libcrypto.so.3)
                n1: 2760 0x62853A4: RAND_get_rand_method (in /usr/lib/x86_64-linux-gnu/libcrypto.so.3)
                 n1: 2760 0x6285EC9: RAND_status (in /usr/lib/x86_64-linux-gnu/libcrypto.so.3)
                  n1: 2760 0x5C962CF: OQS_randombytes_openssl (in /home/anss/random/bench/install/lib/liboqs.so.0.15.0)
                   n1: 2760 0x4AAB6AB: PQCLEAN_HQC128_CLEAN_hqc_pke_keygen (in /home/anss/random/bench/install/lib/liboqs.so.0.15.0)
                    n1: 2760 0x4AABCAC: PQCLEAN_HQC128_CLEAN_crypto_kem_keypair (in /home/anss/random/bench/install/lib/liboqs.so.0.15.0)
                     n1: 2760 0x4AA8EFA: OQS_KEM_hqc_128_keypair (in /home/anss/random/bench/install/lib/liboqs.so.0.15.0)
                      n0: 2760 0x1092FB: main (in /home/anss/random/bench/mem_kem)
    n1: 2616 0x625979B: ??? (in /usr/lib/x86_64-linux-gnu/libcrypto.so.3)
     n1: 2616 0x5F0BEE7: __pthread_once_slow (pthread_once.c:116)
      n1: 2616 0x625E1EC: CRYPTO_THREAD_run_once (in /usr/lib/x86_64-linux-gnu/libcrypto.so.3)
       n1: 2616 0x625AEE2: OPENSSL_init_crypto (in /usr/lib/x86_64-linux-gnu/libcrypto.so.3)
        n1: 2616 0x6208686: ??? (in /usr/lib/x86_64-linux-gnu/libcrypto.so.3)
         n1: 2616 0x620904C: ERR_set_mark (in /usr/lib/x86_64-linux-gnu/libcrypto.so.3)
          n1: 2616 0x61B5451: CONF_modules_load_file_ex (in /usr/lib/x86_64-linux-gnu/libcrypto.so.3)
           n1: 2616 0x625A6EF: ??? (in /usr/lib/x86_64-linux-gnu/libcrypto.so.3)
            n1: 2616 0x5F0BEE7: __pthread_once_slow (pthread_once.c:116)
             n1: 2616 0x625E1EC: CRYPTO_THREAD_run_once (in /usr/lib/x86_64-linux-gnu/libcrypto.so.3)
              n1: 2616 0x625B155: OPENSSL_init_crypto (in /usr/lib/x86_64-linux-gnu/libcrypto.so.3)
               n1: 2616 0x63307AC: ??? (in /usr/lib/x86_64-linux-gnu/libcrypto.so.3)
                n1: 2616 0x62853A4: RAND_get_rand_method (in /usr/lib/x86_64-linux-gnu/libcrypto.so.3)
                 n1: 2616 0x6285EC9: RAND_status (in /usr/lib/x86_64-linux-gnu/libcrypto.so.3)
                  n1: 2616 0x5C962CF: OQS_randombytes_openssl (in /home/anss/random/bench/install/lib/liboqs.so.0.15.0)
                   n1: 2616 0x4AAB6AB: PQCLEAN_HQC128_CLEAN_hqc_pke_keygen (in /home/anss/random/bench/install/lib/liboqs.so.0.15.0)
                    n1: 2616 0x4AABCAC: PQCLEAN_HQC128_CLEAN_crypto_kem_keypair (in /home/anss/random/bench/install/lib/liboqs.so.0.15.0)
                     n1: 2616 0x4AA8EFA: OQS_KEM_hqc_128_keypair (in /home/anss/random/bench/install/lib/liboqs.so.0.15.0)
                      n0: 2616 0x1092FB: main (in /home/anss/random/bench/mem_kem)
    n1: 2304 0x6259845: ??? (in /usr/lib/x86_64-linux-gnu/libcrypto.so.3)
     n1: 2304 0x5F0BEE7: __pthread_once_slow (pthread_once.c:116)
      n1: 2304 0x625E1EC: CRYPTO_THREAD_run_once (in /usr/lib/x86_64-linux-gnu/libcrypto.so.3)
       n1: 2304 0x625AEE2: OPENSSL_init_crypto (in /usr/lib/x86_64-linux-gnu/libcrypto.so.3)
        n1: 2304 0x6208686: ??? (in /usr/lib/x86_64-linux-gnu/libcrypto.so.3)
         n1: 2304 0x620904C: ERR_set_mark (in /usr/lib/x86_64-linux-gnu/libcrypto.so.3)
          n1: 2304 0x61B5451: CONF_modules_load_file_ex (in /usr/lib/x86_64-linux-gnu/libcrypto.so.3)
           n1: 2304 0x625A6EF: ??? (in /usr/lib/x86_64-linux-gnu/libcrypto.so.3)
            n1: 2304 0x5F0BEE7: __pthread_once_slow (pthread_once.c:116)
             n1: 2304 0x625E1EC: CRYPTO_THREAD_run_once (in /usr/lib/x86_64-linux-gnu/libcrypto.so.3)
              n1: 2304 0x625B155: OPENSSL_init_crypto (in /usr/lib/x86_64-linux-gnu/libcrypto.so.3)
               n1: 2304 0x63307AC: ??? (in /usr/lib/x86_64-linux-gnu/libcrypto.so.3)
                n1: 2304 0x62853A4: RAND_get_rand_method (in /usr/lib/x86_64-linux-gnu/libcrypto.so.3)
                 n1: 2304 0x6285EC9: RAND_status (in /usr/lib/x86_64-linux-gnu/libcrypto.so.3)
                  n1: 2304 0x5C962CF: OQS_randombytes_openssl (in /home/anss/random/bench/install/lib/liboqs.so.0.15.0)
                   n1: 2304 0x4AAB6AB: PQCLEAN_HQC128_CLEAN_hqc_pke_keygen (in /home/anss/random/bench/install/lib/liboqs.so.0.15.0)
                    n1: 2304 0x4AABCAC: PQCLEAN_HQC128_CLEAN_crypto_kem_keypair (in /home/anss/random/bench/install/lib/liboqs.so.0.15.0)
                     n1: 2304 0x4AA8EFA: OQS_KEM_hqc_128_keypair (in /home/anss/random/bench/install/lib/liboqs.so.0.15.0)
                      n0: 2304 0x1092FB: main (in /home/anss/random/bench/mem_kem)
    n1: 2016 0x6259823: ??? (in /usr/lib/x86_64-linux-gnu/libcrypto.so.3)
     n1: 2016 0x5F0BEE7: __pthread_once_slow (pthread_once.c:116)
      n1: 2016 0x625E1EC: CRYPTO_THREAD_run_once (in /usr/lib/x86_64-linux-gnu/libcrypto.so.3)
       n1: 2016 0x625AEE2: OPENSSL_init_crypto (in /usr/lib/x86_64-linux-gnu/libcrypto.so.3)
        n1: 2016 0x6208686: ??? (in /usr/lib/x86_64-linux-gnu/libcrypto.so.3)
         n1: 2016 0x620904C: ERR_set_mark (in /usr/lib/x86_64-linux-gnu/libcrypto.so.3)
          n1: 2016 0x61B5451: CONF_modules_load_file_ex (in /usr/lib/x86_64-linux-gnu/libcrypto.so.3)
           n1: 2016 0x625A6EF: ??? (in /usr/lib/x86_64-linux-gnu/libcrypto.so.3)
            n1: 2016 0x5F0BEE7: __pthread_once_slow (pthread_once.c:116)
             n1: 2016 0x625E1EC: CRYPTO_THREAD_run_once (in /usr/lib/x86_64-linux-gnu/libcrypto.so.3)
              n1: 2016 0x625B155: OPENSSL_init_crypto (in /usr/lib/x86_64-linux-gnu/libcrypto.so.3)
               n1: 2016 0x63307AC: ??? (in /usr/lib/x86_64-linux-gnu/libcrypto.so.3)
                n1: 2016 0x62853A4: RAND_get_rand_method (in /usr/lib/x86_64-linux-gnu/libcrypto.so.3)
                 n1: 2016 0x6285EC9: RAND_status (in /usr/lib/x86_64-linux-gnu/libcrypto.so.3)
                  n1: 2016 0x5C962CF: OQS_randombytes_openssl (in /home/anss/random/bench/install/lib/liboqs.so.0.15.0)
                   n1: 2016 0x4AAB6AB: PQCLEAN_HQC128_CLEAN_hqc_pke_keygen (in /home/anss/random/bench/install/lib/liboqs.so.0.15.0)
                    n1: 2016 0x4AABCAC: PQCLEAN_HQC128_CLEAN_crypto_kem_keypair (in /home/anss/random/bench/install/lib/liboqs.so.0.15.0)
                     n1: 2016 0x4AA8EFA: OQS_KEM_hqc_128_keypair (in /home/anss/random/bench/install/lib/liboqs.so.0.15.0)
                      n0: 2016 0x1092FB: main (in /home/anss/random/bench/mem_kem)
    n1: 1968 0x6259783: ??? (in /usr/lib/x86_64-linux-gnu/libcrypto.so.3)
     n1: 1968 0x5F0BEE7: __pthread_once_slow (pthread_once.c:116)
      n1: 1968 0x625E1EC: CRYPTO_THREAD_run_once (in /usr/lib/x86_64-linux-gnu/libcrypto.so.3)
       n1: 1968 0x625AEE2: OPENSSL_init_crypto (in /usr/lib/x86_64-linux-gnu/libcrypto.so.3)
        n1: 1968 0x6208686: ??? (in /usr/lib/x86_64-linux-gnu/libcrypto.so.3)
         n1: 1968 0x620904C: ERR_set_mark (in /usr/lib/x86_64-linux-gnu/libcrypto.so.3)
          n1: 1968 0x61B5451: CONF_modules_load_file_ex (in /usr/lib/x86_64-linux-gnu/libcrypto.so.3)
           n1: 1968 0x625A6EF: ??? (in /usr/lib/x86_64-linux-gnu/libcrypto.so.3)
            n1: 1968 0x5F0BEE7: __pthread_once_slow (pthread_once.c:116)
             n1: 1968 0x625E1EC: CRYPTO_THREAD_run_once (in /usr/lib/x86_64-linux-gnu/libcrypto.so.3)
              n1: 1968 0x625B155: OPENSSL_init_crypto (in /usr/lib/x86_64-linux-gnu/libcrypto.so.3)
               n1: 1968 0x63307AC: ??? (in /usr/lib/x86_64-linux-gnu/libcrypto.so.3)
                n1: 1968 0x62853A4: RAND_get_rand_method (in /usr/lib/x86_64-linux-gnu/libcrypto.so.3)
                 n1: 1968 0x6285EC9: RAND_status (in /usr/lib/x86_64-linux-gnu/libcrypto.so.3)
                  n1: 1968 0x5C962CF: OQS_randombytes_openssl (in /home/anss/random/bench/install/lib/liboqs.so.0.15.0)
                   n1: 1968 0x4AAB6AB: PQCLEAN_HQC128_CLEAN_hqc_pke_keygen (in /home/anss/random/bench/install/lib/liboqs.so.0.15.0)
                    n1: 1968 0x4AABCAC: PQCLEAN_HQC128_CLEAN_crypto_kem_keypair (in /home/anss/random/bench/install/lib/liboqs.so.0.15.0)
                     n1: 1968 0x4AA8EFA: OQS_KEM_hqc_128_keypair (in /home/anss/random/bench/install/lib/liboqs.so.0.15.0)
                      n0: 1968 0x1092FB: main (in /home/anss/random/bench/mem_kem)
    n1: 1776 0x62598CD: ??? (in /usr/lib/x86_64-linux-gnu/libcrypto.so.3)
     n1: 1776 0x5F0BEE7: __pthread_once_slow (pthread_once.c:116)
      n1: 1776 0x625E1EC: CRYPTO_THREAD_run_once (in /usr/lib/x86_64-linux-gnu/libcrypto.so.3)
       n1: 1776 0x625AEE2: OPENSSL_init_crypto (in /usr/lib/x86_64-linux-gnu/libcrypto.so.3)
        n1: 1776 0x6208686: ??? (in /usr/lib/x86_64-linux-gnu/libcrypto.so.3)
         n1: 1776 0x620904C: ERR_set_mark (in /usr/lib/x86_64-linux-gnu/libcrypto.so.3)
          n1: 1776 0x61B5451: CONF_modules_load_file_ex (in /usr/lib/x86_64-linux-gnu/libcrypto.so.3)
           n1: 1776 0x625A6EF: ??? (in /usr/lib/x86_64-linux-gnu/libcrypto.so.3)
            n1: 1776 0x5F0BEE7: __pthread_once_slow (pthread_once.c:116)
             n1: 1776 0x625E1EC: CRYPTO_THREAD_run_once (in /usr/lib/x86_64-linux-gnu/libcrypto.so.3)
              n1: 1776 0x625B155: OPENSSL_init_crypto (in /usr/lib/x86_64-linux-gnu/libcrypto.so.3)
               n1: 1776 0x63307AC: ??? (in /usr/lib/x86_64-linux-gnu/libcrypto.so.3)
                n1: 1776 0x62853A4: RAND_get_rand_method (in /usr/lib/x86_64-linux-gnu/libcrypto.so.3)
                 n1: 1776 0x6285EC9: RAND_status (in /usr/lib/x86_64-linux-gnu/libcrypto.so.3)
                  n1: 1776 0x5C962CF: OQS_randombytes_openssl (in /home/anss/random/bench/install/lib/liboqs.so.0.15.0)
                   n1: 1776 0x4AAB6AB: PQCLEAN_HQC128_CLEAN_hqc_pke_keygen (in /home/anss/random/bench/install/lib/liboqs.so.0.15.0)
                    n1: 1776 0x4AABCAC: PQCLEAN_HQC128_CLEAN_crypto_kem_keypair (in /home/anss/random/bench/install/lib/liboqs.so.0.15.0)
                     n1: 1776 0x4AA8EFA: OQS_KEM_hqc_128_keypair (in /home/anss/random/bench/install/lib/liboqs.so.0.15.0)
                      n0: 1776 0x1092FB: main (in /home/anss/random/bench/mem_kem)
    n1: 1632 0x625989A: ??? (in /usr/lib/x86_64-linux-gnu/libcrypto.so.3)
     n1: 1632 0x5F0BEE7: __pthread_once_slow (pthread_once.c:116)
      n1: 1632 0x625E1EC: CRYPTO_THREAD_run_once (in /usr/lib/x86_64-linux-gnu/libcrypto.so.3)
       n1: 1632 0x625AEE2: OPENSSL_init_crypto (in /usr/lib/x86_64-linux-gnu/libcrypto.so.3)
        n1: 1632 0x6208686: ??? (in /usr/lib/x86_64-linux-gnu/libcrypto.so.3)
         n1: 1632 0x620904C: ERR_set_mark (in /usr/lib/x86_64-linux-gnu/libcrypto.so.3)
          n1: 1632 0x61B5451: CONF_modules_load_file_ex (in /usr/lib/x86_64-linux-gnu/libcrypto.so.3)
           n1: 1632 0x625A6EF: ??? (in /usr/lib/x86_64-linux-gnu/libcrypto.so.3)
            n1: 1632 0x5F0BEE7: __pthread_once_slow (pthread_once.c:116)
             n1: 1632 0x625E1EC: CRYPTO_THREAD_run_once (in /usr/lib/x86_64-linux-gnu/libcrypto.so.3)
              n1: 1632 0x625B155: OPENSSL_init_crypto (in /usr/lib/x86_64-linux-gnu/libcrypto.so.3)
               n1: 1632 0x63307AC: ??? (in /usr/lib/x86_64-linux-gnu/libcrypto.so.3)
                n1: 1632 0x62853A4: RAND_get_rand_method (in /usr/lib/x86_64-linux-gnu/libcrypto.so.3)
                 n1: 1632 0x6285EC9: RAND_status (in /usr/lib/x86_64-linux-gnu/libcrypto.so.3)
                  n1: 1632 0x5C962CF: OQS_randombytes_openssl (in /home/anss/random/bench/install/lib/liboqs.so.0.15.0)
                   n1: 1632 0x4AAB6AB: PQCLEAN_HQC128_CLEAN_hqc_pke_keygen (in /home/anss/random/bench/install/lib/liboqs.so.0.15.0)
                    n1: 1632 0x4AABCAC: PQCLEAN_HQC128_CLEAN_crypto_kem_keypair (in /home/anss/random/bench/install/lib/liboqs.so.0.15.0)
                     n1: 1632 0x4AA8EFA: OQS_KEM_hqc_128_keypair (in /home/anss/random/bench/install/lib/liboqs.so.0.15.0)
                      n0: 1632 0x1092FB: main (in /home/anss/random/bench/mem_kem)
   n0: 1968 in 2 places, all below massif's threshold (1.00%)
  n2: 5424 0x626961A: OBJ_NAME_add (in /usr/lib/x86_64-linux-gnu/libcrypto.so.3)
   n1: 3264 0x623BB24: EVP_add_cipher (in /usr/lib/x86_64-linux-gnu/libcrypto.so.3)
    n0: 3264 in 136 places, all below massif's threshold (1.00%)
   n0: 2160 in 56 places, all below massif's threshold (1.00%)
  n2: 2784 0x62559E2: ??? (in /usr/lib/x86_64-linux-gnu/libcrypto.so.3)
   n2: 1464 0x62522C7: ??? (in /usr/lib/x86_64-linux-gnu/libcrypto.so.3)
    n1: 1320 0x62523A9: ??? (in /usr/lib/x86_64-linux-gnu/libcrypto.so.3)
     n1: 1320 0x6248926: OPENSSL_LH_doall_arg (in /usr/lib/x86_64-linux-gnu/libcrypto.so.3)
      n1: 1320 0x626985A: OBJ_NAME_do_all (in /usr/lib/x86_64-linux-gnu/libcrypto.so.3)
       n1: 1320 0x6251FC9: ??? (in /usr/lib/x86_64-linux-gnu/libcrypto.so.3)
        n1: 1320 0x6330F6B: ??? (in /usr/lib/x86_64-linux-gnu/libcrypto.so.3)
         n1: 1320 0x62336C2: EVP_RAND_fetch (in /usr/lib/x86_64-linux-gnu/libcrypto.so.3)
          n1: 1320 0x6285CDB: RAND_get0_primary (in /usr/lib/x86_64-linux-gnu/libcrypto.so.3)
           n1: 1320 0x6285EF6: RAND_status (in /usr/lib/x86_64-linux-gnu/libcrypto.so.3)
            n1: 1320 0x5C962CF: OQS_randombytes_openssl (in /home/anss/random/bench/install/lib/liboqs.so.0.15.0)
             n1: 1320 0x4AAB6AB: PQCLEAN_HQC128_CLEAN_hqc_pke_keygen (in /home/anss/random/bench/install/lib/liboqs.so.0.15.0)
              n1: 1320 0x4AABCAC: PQCLEAN_HQC128_CLEAN_crypto_kem_keypair (in /home/anss/random/bench/install/lib/liboqs.so.0.15.0)
               n1: 1320 0x4AA8EFA: OQS_KEM_hqc_128_keypair (in /home/anss/random/bench/install/lib/liboqs.so.0.15.0)
                n0: 1320 0x1092FB: main (in /home/anss/random/bench/mem_kem)
    n0: 144 in 1 place, below massif's threshold (1.00%)
   n1: 1320 0x6252460: ??? (in /usr/lib/x86_64-linux-gnu/libcrypto.so.3)
    n1: 1320 0x6248926: OPENSSL_LH_doall_arg (in /usr/lib/x86_64-linux-gnu/libcrypto.so.3)
     n1: 1320 0x626985A: OBJ_NAME_do_all (in /usr/lib/x86_64-linux-gnu/libcrypto.so.3)
      n1: 1320 0x6251FC9: ??? (in /usr/lib/x86_64-linux-gnu/libcrypto.so.3)
       n1: 1320 0x6330F6B: ??? (in /usr/lib/x86_64-linux-gnu/libcrypto.so.3)
        n1: 1320 0x62336C2: EVP_RAND_fetch (in /usr/lib/x86_64-linux-gnu/libcrypto.so.3)
         n1: 1320 0x6285CDB: RAND_get0_primary (in /usr/lib/x86_64-linux-gnu/libcrypto.so.3)
          n1: 1320 0x6285EF6: RAND_status (in /usr/lib/x86_64-linux-gnu/libcrypto.so.3)
           n1: 1320 0x5C962CF: OQS_randombytes_openssl (in /home/anss/random/bench/install/lib/liboqs.so.0.15.0)
            n1: 1320 0x4AAB6AB: PQCLEAN_HQC128_CLEAN_hqc_pke_keygen (in /home/anss/random/bench/install/lib/liboqs.so.0.15.0)
             n1: 1320 0x4AABCAC: PQCLEAN_HQC128_CLEAN_crypto_kem_keypair (in /home/anss/random/bench/install/lib/liboqs.so.0.15.0)
              n1: 1320 0x4AA8EFA: OQS_KEM_hqc_128_keypair (in /home/anss/random/bench/install/lib/liboqs.so.0.15.0)
               n0: 1320 0x1092FB: main (in /home/anss/random/bench/mem_kem)
  n0: 192 in 3 places, all below massif's threshold (1.00%)
 n2: 9728 0x62485D3: OPENSSL_LH_insert (in /usr/lib/x86_64-linux-gnu/libcrypto.so.3)
  n2: 8192 0x6339B72: ??? (in /usr/lib/x86_64-linux-gnu/libcrypto.so.3)
   n2: 8192 0x6206BEF: ERR_load_strings_const (in /usr/lib/x86_64-linux-gnu/libcrypto.so.3)
    n1: 8192 0x62598DE: ??? (in /usr/lib/x86_64-linux-gnu/libcrypto.so.3)
     n1: 8192 0x5F0BEE7: __pthread_once_slow (pthread_once.c:116)
      n1: 8192 0x625E1EC: CRYPTO_THREAD_run_once (in /usr/lib/x86_64-linux-gnu/libcrypto.so.3)
       n1: 8192 0x625AEE2: OPENSSL_init_crypto (in /usr/lib/x86_64-linux-gnu/libcrypto.so.3)
        n1: 8192 0x6208686: ??? (in /usr/lib/x86_64-linux-gnu/libcrypto.so.3)
         n1: 8192 0x620904C: ERR_set_mark (in /usr/lib/x86_64-linux-gnu/libcrypto.so.3)
          n1: 8192 0x61B5451: CONF_modules_load_file_ex (in /usr/lib/x86_64-linux-gnu/libcrypto.so.3)
           n1: 8192 0x625A6EF: ??? (in /usr/lib/x86_64-linux-gnu/libcrypto.so.3)
            n1: 8192 0x5F0BEE7: __pthread_once_slow (pthread_once.c:116)
             n1: 8192 0x625E1EC: CRYPTO_THREAD_run_once (in /usr/lib/x86_64-linux-gnu/libcrypto.so.3)
              n1: 8192 0x625B155: OPENSSL_init_crypto (in /usr/lib/x86_64-linux-gnu/libcrypto.so.3)
               n1: 8192 0x63307AC: ??? (in /usr/lib/x86_64-linux-gnu/libcrypto.so.3)
                n1: 8192 0x62853A4: RAND_get_rand_method (in /usr/lib/x86_64-linux-gnu/libcrypto.so.3)
                 n1: 8192 0x6285EC9: RAND_status (in /usr/lib/x86_64-linux-gnu/libcrypto.so.3)
                  n1: 8192 0x5C962CF: OQS_randombytes_openssl (in /home/anss/random/bench/install/lib/liboqs.so.0.15.0)
                   n1: 8192 0x4AAB6AB: PQCLEAN_HQC128_CLEAN_hqc_pke_keygen (in /home/anss/random/bench/install/lib/liboqs.so.0.15.0)
                    n1: 8192 0x4AABCAC: PQCLEAN_HQC128_CLEAN_crypto_kem_keypair (in /home/anss/random/bench/install/lib/liboqs.so.0.15.0)
                     n1: 8192 0x4AA8EFA: OQS_KEM_hqc_128_keypair (in /home/anss/random/bench/install/lib/liboqs.so.0.15.0)
                      n0: 8192 0x1092FB: main (in /home/anss/random/bench/mem_kem)
    n0: 0 in 3 places, all below massif's threshold (1.00%)
   n0: 0 in 2 places, all below massif's threshold (1.00%)
  n0: 1536 in 3 places, all below massif's threshold (1.00%)
 n3: 7096 0x6252C3D: CRYPTO_zalloc (in /usr/lib/x86_64-linux-gnu/libcrypto.so.3)
  n0: 3392 in 18 places, all below massif's threshold (1.00%)
  n1: 1856 0x62559A6: ??? (in /usr/lib/x86_64-linux-gnu/libcrypto.so.3)
   n0: 1856 in 2 places, all below massif's threshold (1.00%)
  n1: 1848 0x625E073: CRYPTO_THREAD_lock_new (in /usr/lib/x86_64-linux-gnu/libcrypto.so.3)
   n0: 1848 in 16 places, all below massif's threshold (1.00%)
 n1: 5424 0x62695D8: OBJ_NAME_add (in /usr/lib/x86_64-linux-gnu/libcrypto.so.3)
  n0: 5424 in 208 places, all below massif's threshold (1.00%)
 n0: 4433 0x10928B: main (in /home/anss/random/bench/mem_kem)
 n0: 2305 0x109277: main (in /home/anss/random/bench/mem_kem)
 n0: 2249 0x109263: main (in /home/anss/random/bench/mem_kem)
 n2: 1980 0x6253C72: CRYPTO_strndup (in /usr/lib/x86_64-linux-gnu/libcrypto.so.3)
  n2: 1972 0x62559C1: ??? (in /usr/lib/x86_64-linux-gnu/libcrypto.so.3)
   n1: 1188 0x6252460: ??? (in /usr/lib/x86_64-linux-gnu/libcrypto.so.3)
    n1: 1188 0x6248926: OPENSSL_LH_doall_arg (in /usr/lib/x86_64-linux-gnu/libcrypto.so.3)
     n1: 1188 0x626985A: OBJ_NAME_do_all (in /usr/lib/x86_64-linux-gnu/libcrypto.so.3)
      n1: 1188 0x6251FC9: ??? (in /usr/lib/x86_64-linux-gnu/libcrypto.so.3)
       n1: 1188 0x6330F6B: ??? (in /usr/lib/x86_64-linux-gnu/libcrypto.so.3)
        n1: 1188 0x62336C2: EVP_RAND_fetch (in /usr/lib/x86_64-linux-gnu/libcrypto.so.3)
         n1: 1188 0x6285CDB: RAND_get0_primary (in /usr/lib/x86_64-linux-gnu/libcrypto.so.3)
          n1: 1188 0x6285EF6: RAND_status (in /usr/lib/x86_64-linux-gnu/libcrypto.so.3)
           n1: 1188 0x5C962CF: OQS_randombytes_openssl (in /home/anss/random/bench/install/lib/liboqs.so.0.15.0)
            n1: 1188 0x4AAB6AB: PQCLEAN_HQC128_CLEAN_hqc_pke_keygen (in /home/anss/random/bench/install/lib/liboqs.so.0.15.0)
             n1: 1188 0x4AABCAC: PQCLEAN_HQC128_CLEAN_crypto_kem_keypair (in /home/anss/random/bench/install/lib/liboqs.so.0.15.0)
              n1: 1188 0x4AA8EFA: OQS_KEM_hqc_128_keypair (in /home/anss/random/bench/install/lib/liboqs.so.0.15.0)
               n0: 1188 0x1092FB: main (in /home/anss/random/bench/mem_kem)
   n0: 784 in 1 place, below massif's threshold (1.00%)
  n0: 8 in 1 place, below massif's threshold (1.00%)
 n0: 1053 in 18 places, all below massif's threshold (1.00%)
#-----------
snapshot=23
#-----------
time=4522280
mem_heap_B=77721
mem_heap_extra_B=36527
mem_stacks_B=0
heap_tree=detailed
n9: 77721 (heap allocation functions) malloc/new/new[], --alloc-fns, etc.
 n4: 42576 0x6248625: OPENSSL_LH_insert (in /usr/lib/x86_64-linux-gnu/libcrypto.so.3)
  n2: 33912 0x6339B72: ??? (in /usr/lib/x86_64-linux-gnu/libcrypto.so.3)
   n9: 31944 0x6206BEF: ERR_load_strings_const (in /usr/lib/x86_64-linux-gnu/libcrypto.so.3)
    n0: 13920 in 25 places, all below massif's threshold (1.00%)
    n1: 2952 0x625972B: ??? (in /usr/lib/x86_64-linux-gnu/libcrypto.so.3)
     n1: 2952 0x5F0BEE7: __pthread_once_slow (pthread_once.c:116)
      n1: 2952 0x625E1EC: CRYPTO_THREAD_run_once (in /usr/lib/x86_64-linux-gnu/libcrypto.so.3)
       n1: 2952 0x625AEE2: OPENSSL_init_crypto (in /usr/lib/x86_64-linux-gnu/libcrypto.so.3)
        n1: 2952 0x6208686: ??? (in /usr/lib/x86_64-linux-gnu/libcrypto.so.3)
         n1: 2952 0x620904C: ERR_set_mark (in /usr/lib/x86_64-linux-gnu/libcrypto.so.3)
          n1: 2952 0x61B5451: CONF_modules_load_file_ex (in /usr/lib/x86_64-linux-gnu/libcrypto.so.3)
           n1: 2952 0x625A6EF: ??? (in /usr/lib/x86_64-linux-gnu/libcrypto.so.3)
            n1: 2952 0x5F0BEE7: __pthread_once_slow (pthread_once.c:116)
             n1: 2952 0x625E1EC: CRYPTO_THREAD_run_once (in /usr/lib/x86_64-linux-gnu/libcrypto.so.3)
              n1: 2952 0x625B155: OPENSSL_init_crypto (in /usr/lib/x86_64-linux-gnu/libcrypto.so.3)
               n1: 2952 0x63307AC: ??? (in /usr/lib/x86_64-linux-gnu/libcrypto.so.3)
                n1: 2952 0x62853A4: RAND_get_rand_method (in /usr/lib/x86_64-linux-gnu/libcrypto.so.3)
                 n1: 2952 0x6285EC9: RAND_status (in /usr/lib/x86_64-linux-gnu/libcrypto.so.3)
                  n1: 2952 0x5C962CF: OQS_randombytes_openssl (in /home/anss/random/bench/install/lib/liboqs.so.0.15.0)
                   n1: 2952 0x4AAB6AB: PQCLEAN_HQC128_CLEAN_hqc_pke_keygen (in /home/anss/random/bench/install/lib/liboqs.so.0.15.0)
                    n1: 2952 0x4AABCAC: PQCLEAN_HQC128_CLEAN_crypto_kem_keypair (in /home/anss/random/bench/install/lib/liboqs.so.0.15.0)
                     n1: 2952 0x4AA8EFA: OQS_KEM_hqc_128_keypair (in /home/anss/random/bench/install/lib/liboqs.so.0.15.0)
                      n0: 2952 0x1092FB: main (in /home/anss/random/bench/mem_kem)
    n1: 2760 0x6259801: ??? (in /usr/lib/x86_64-linux-gnu/libcrypto.so.3)
     n1: 2760 0x5F0BEE7: __pthread_once_slow (pthread_once.c:116)
      n1: 2760 0x625E1EC: CRYPTO_THREAD_run_once (in /usr/lib/x86_64-linux-gnu/libcrypto.so.3)
       n1: 2760 0x625AEE2: OPENSSL_init_crypto (in /usr/lib/x86_64-linux-gnu/libcrypto.so.3)
        n1: 2760 0x6208686: ??? (in /usr/lib/x86_64-linux-gnu/libcrypto.so.3)
         n1: 2760 0x620904C: ERR_set_mark (in /usr/lib/x86_64-linux-gnu/libcrypto.so.3)
          n1: 2760 0x61B5451: CONF_modules_load_file_ex (in /usr/lib/x86_64-linux-gnu/libcrypto.so.3)
           n1: 2760 0x625A6EF: ??? (in /usr/lib/x86_64-linux-gnu/libcrypto.so.3)
            n1: 2760 0x5F0BEE7: __pthread_once_slow (pthread_once.c:116)
             n1: 2760 0x625E1EC: CRYPTO_THREAD_run_once (in /usr/lib/x86_64-linux-gnu/libcrypto.so.3)
              n1: 2760 0x625B155: OPENSSL_init_crypto (in /usr/lib/x86_64-linux-gnu/libcrypto.so.3)
               n1: 2760 0x63307AC: ??? (in /usr/lib/x86_64-linux-gnu/libcrypto.so.3)
                n1: 2760 0x62853A4: RAND_get_rand_method (in /usr/lib/x86_64-linux-gnu/libcrypto.so.3)
                 n1: 2760 0x6285EC9: RAND_status (in /usr/lib/x86_64-linux-gnu/libcrypto.so.3)
                  n1: 2760 0x5C962CF: OQS_randombytes_openssl (in /home/anss/random/bench/install/lib/liboqs.so.0.15.0)
                   n1: 2760 0x4AAB6AB: PQCLEAN_HQC128_CLEAN_hqc_pke_keygen (in /home/anss/random/bench/install/lib/liboqs.so.0.15.0)
                    n1: 2760 0x4AABCAC: PQCLEAN_HQC128_CLEAN_crypto_kem_keypair (in /home/anss/random/bench/install/lib/liboqs.so.0.15.0)
                     n1: 2760 0x4AA8EFA: OQS_KEM_hqc_128_keypair (in /home/anss/random/bench/install/lib/liboqs.so.0.15.0)
                      n0: 2760 0x1092FB: main (in /home/anss/random/bench/mem_kem)
    n1: 2616 0x625979B: ??? (in /usr/lib/x86_64-linux-gnu/libcrypto.so.3)
     n1: 2616 0x5F0BEE7: __pthread_once_slow (pthread_once.c:116)
      n1: 2616 0x625E1EC: CRYPTO_THREAD_run_once (in /usr/lib/x86_64-linux-gnu/libcrypto.so.3)
       n1: 2616 0x625AEE2: OPENSSL_init_crypto (in /usr/lib/x86_64-linux-gnu/libcrypto.so.3)
        n1: 2616 0x6208686: ??? (in /usr/lib/x86_64-linux-gnu/libcrypto.so.3)
         n1: 2616 0x620904C: ERR_set_mark (in /usr/lib/x86_64-linux-gnu/libcrypto.so.3)
          n1: 2616 0x61B5451: CONF_modules_load_file_ex (in /usr/lib/x86_64-linux-gnu/libcrypto.so.3)
           n1: 2616 0x625A6EF: ??? (in /usr/lib/x86_64-linux-gnu/libcrypto.so.3)
            n1: 2616 0x5F0BEE7: __pthread_once_slow (pthread_once.c:116)
             n1: 2616 0x625E1EC: CRYPTO_THREAD_run_once (in /usr/lib/x86_64-linux-gnu/libcrypto.so.3)
              n1: 2616 0x625B155: OPENSSL_init_crypto (in /usr/lib/x86_64-linux-gnu/libcrypto.so.3)
               n1: 2616 0x63307AC: ??? (in /usr/lib/x86_64-linux-gnu/libcrypto.so.3)
                n1: 2616 0x62853A4: RAND_get_rand_method (in /usr/lib/x86_64-linux-gnu/libcrypto.so.3)
                 n1: 2616 0x6285EC9: RAND_status (in /usr/lib/x86_64-linux-gnu/libcrypto.so.3)
                  n1: 2616 0x5C962CF: OQS_randombytes_openssl (in /home/anss/random/bench/install/lib/liboqs.so.0.15.0)
                   n1: 2616 0x4AAB6AB: PQCLEAN_HQC128_CLEAN_hqc_pke_keygen (in /home/anss/random/bench/install/lib/liboqs.so.0.15.0)
                    n1: 2616 0x4AABCAC: PQCLEAN_HQC128_CLEAN_crypto_kem_keypair (in /home/anss/random/bench/install/lib/liboqs.so.0.15.0)
                     n1: 2616 0x4AA8EFA: OQS_KEM_hqc_128_keypair (in /home/anss/random/bench/install/lib/liboqs.so.0.15.0)
                      n0: 2616 0x1092FB: main (in /home/anss/random/bench/mem_kem)
    n1: 2304 0x6259845: ??? (in /usr/lib/x86_64-linux-gnu/libcrypto.so.3)
     n1: 2304 0x5F0BEE7: __pthread_once_slow (pthread_once.c:116)
      n1: 2304 0x625E1EC: CRYPTO_THREAD_run_once (in /usr/lib/x86_64-linux-gnu/libcrypto.so.3)
       n1: 2304 0x625AEE2: OPENSSL_init_crypto (in /usr/lib/x86_64-linux-gnu/libcrypto.so.3)
        n1: 2304 0x6208686: ??? (in /usr/lib/x86_64-linux-gnu/libcrypto.so.3)
         n1: 2304 0x620904C: ERR_set_mark (in /usr/lib/x86_64-linux-gnu/libcrypto.so.3)
          n1: 2304 0x61B5451: CONF_modules_load_file_ex (in /usr/lib/x86_64-linux-gnu/libcrypto.so.3)
           n1: 2304 0x625A6EF: ??? (in /usr/lib/x86_64-linux-gnu/libcrypto.so.3)
            n1: 2304 0x5F0BEE7: __pthread_once_slow (pthread_once.c:116)
             n1: 2304 0x625E1EC: CRYPTO_THREAD_run_once (in /usr/lib/x86_64-linux-gnu/libcrypto.so.3)
              n1: 2304 0x625B155: OPENSSL_init_crypto (in /usr/lib/x86_64-linux-gnu/libcrypto.so.3)
               n1: 2304 0x63307AC: ??? (in /usr/lib/x86_64-linux-gnu/libcrypto.so.3)
                n1: 2304 0x62853A4: RAND_get_rand_method (in /usr/lib/x86_64-linux-gnu/libcrypto.so.3)
                 n1: 2304 0x6285EC9: RAND_status (in /usr/lib/x86_64-linux-gnu/libcrypto.so.3)
                  n1: 2304 0x5C962CF: OQS_randombytes_openssl (in /home/anss/random/bench/install/lib/liboqs.so.0.15.0)
                   n1: 2304 0x4AAB6AB: PQCLEAN_HQC128_CLEAN_hqc_pke_keygen (in /home/anss/random/bench/install/lib/liboqs.so.0.15.0)
                    n1: 2304 0x4AABCAC: PQCLEAN_HQC128_CLEAN_crypto_kem_keypair (in /home/anss/random/bench/install/lib/liboqs.so.0.15.0)
                     n1: 2304 0x4AA8EFA: OQS_KEM_hqc_128_keypair (in /home/anss/random/bench/install/lib/liboqs.so.0.15.0)
                      n0: 2304 0x1092FB: main (in /home/anss/random/bench/mem_kem)
    n1: 2016 0x6259823: ??? (in /usr/lib/x86_64-linux-gnu/libcrypto.so.3)
     n1: 2016 0x5F0BEE7: __pthread_once_slow (pthread_once.c:116)
      n1: 2016 0x625E1EC: CRYPTO_THREAD_run_once (in /usr/lib/x86_64-linux-gnu/libcrypto.so.3)
       n1: 2016 0x625AEE2: OPENSSL_init_crypto (in /usr/lib/x86_64-linux-gnu/libcrypto.so.3)
        n1: 2016 0x6208686: ??? (in /usr/lib/x86_64-linux-gnu/libcrypto.so.3)
         n1: 2016 0x620904C: ERR_set_mark (in /usr/lib/x86_64-linux-gnu/libcrypto.so.3)
          n1: 2016 0x61B5451: CONF_modules_load_file_ex (in /usr/lib/x86_64-linux-gnu/libcrypto.so.3)
           n1: 2016 0x625A6EF: ??? (in /usr/lib/x86_64-linux-gnu/libcrypto.so.3)
            n1: 2016 0x5F0BEE7: __pthread_once_slow (pthread_once.c:116)
             n1: 2016 0x625E1EC: CRYPTO_THREAD_run_once (in /usr/lib/x86_64-linux-gnu/libcrypto.so.3)
              n1: 2016 0x625B155: OPENSSL_init_crypto (in /usr/lib/x86_64-linux-gnu/libcrypto.so.3)
               n1: 2016 0x63307AC: ??? (in /usr/lib/x86_64-linux-gnu/libcrypto.so.3)
                n1: 2016 0x62853A4: RAND_get_rand_method (in /usr/lib/x86_64-linux-gnu/libcrypto.so.3)
                 n1: 2016 0x6285EC9: RAND_status (in /usr/lib/x86_64-linux-gnu/libcrypto.so.3)
                  n1: 2016 0x5C962CF: OQS_randombytes_openssl (in /home/anss/random/bench/install/lib/liboqs.so.0.15.0)
                   n1: 2016 0x4AAB6AB: PQCLEAN_HQC128_CLEAN_hqc_pke_keygen (in /home/anss/random/bench/install/lib/liboqs.so.0.15.0)
                    n1: 2016 0x4AABCAC: PQCLEAN_HQC128_CLEAN_crypto_kem_keypair (in /home/anss/random/bench/install/lib/liboqs.so.0.15.0)
                     n1: 2016 0x4AA8EFA: OQS_KEM_hqc_128_keypair (in /home/anss/random/bench/install/lib/liboqs.so.0.15.0)
                      n0: 2016 0x1092FB: main (in /home/anss/random/bench/mem_kem)
    n1: 1968 0x6259783: ??? (in /usr/lib/x86_64-linux-gnu/libcrypto.so.3)
     n1: 1968 0x5F0BEE7: __pthread_once_slow (pthread_once.c:116)
      n1: 1968 0x625E1EC: CRYPTO_THREAD_run_once (in /usr/lib/x86_64-linux-gnu/libcrypto.so.3)
       n1: 1968 0x625AEE2: OPENSSL_init_crypto (in /usr/lib/x86_64-linux-gnu/libcrypto.so.3)
        n1: 1968 0x6208686: ??? (in /usr/lib/x86_64-linux-gnu/libcrypto.so.3)
         n1: 1968 0x620904C: ERR_set_mark (in /usr/lib/x86_64-linux-gnu/libcrypto.so.3)
          n1: 1968 0x61B5451: CONF_modules_load_file_ex (in /usr/lib/x86_64-linux-gnu/libcrypto.so.3)
           n1: 1968 0x625A6EF: ??? (in /usr/lib/x86_64-linux-gnu/libcrypto.so.3)
            n1: 1968 0x5F0BEE7: __pthread_once_slow (pthread_once.c:116)
             n1: 1968 0x625E1EC: CRYPTO_THREAD_run_once (in /usr/lib/x86_64-linux-gnu/libcrypto.so.3)
              n1: 1968 0x625B155: OPENSSL_init_crypto (in /usr/lib/x86_64-linux-gnu/libcrypto.so.3)
               n1: 1968 0x63307AC: ??? (in /usr/lib/x86_64-linux-gnu/libcrypto.so.3)
                n1: 1968 0x62853A4: RAND_get_rand_method (in /usr/lib/x86_64-linux-gnu/libcrypto.so.3)
                 n1: 1968 0x6285EC9: RAND_status (in /usr/lib/x86_64-linux-gnu/libcrypto.so.3)
                  n1: 1968 0x5C962CF: OQS_randombytes_openssl (in /home/anss/random/bench/install/lib/liboqs.so.0.15.0)
                   n1: 1968 0x4AAB6AB: PQCLEAN_HQC128_CLEAN_hqc_pke_keygen (in /home/anss/random/bench/install/lib/liboqs.so.0.15.0)
                    n1: 1968 0x4AABCAC: PQCLEAN_HQC128_CLEAN_crypto_kem_keypair (in /home/anss/random/bench/install/lib/liboqs.so.0.15.0)
                     n1: 1968 0x4AA8EFA: OQS_KEM_hqc_128_keypair (in /home/anss/random/bench/install/lib/liboqs.so.0.15.0)
                      n0: 1968 0x1092FB: main (in /home/anss/random/bench/mem_kem)
    n1: 1776 0x62598CD: ??? (in /usr/lib/x86_64-linux-gnu/libcrypto.so.3)
     n1: 1776 0x5F0BEE7: __pthread_once_slow (pthread_once.c:116)
      n1: 1776 0x625E1EC: CRYPTO_THREAD_run_once (in /usr/lib/x86_64-linux-gnu/libcrypto.so.3)
       n1: 1776 0x625AEE2: OPENSSL_init_crypto (in /usr/lib/x86_64-linux-gnu/libcrypto.so.3)
        n1: 1776 0x6208686: ??? (in /usr/lib/x86_64-linux-gnu/libcrypto.so.3)
         n1: 1776 0x620904C: ERR_set_mark (in /usr/lib/x86_64-linux-gnu/libcrypto.so.3)
          n1: 1776 0x61B5451: CONF_modules_load_file_ex (in /usr/lib/x86_64-linux-gnu/libcrypto.so.3)
           n1: 1776 0x625A6EF: ??? (in /usr/lib/x86_64-linux-gnu/libcrypto.so.3)
            n1: 1776 0x5F0BEE7: __pthread_once_slow (pthread_once.c:116)
             n1: 1776 0x625E1EC: CRYPTO_THREAD_run_once (in /usr/lib/x86_64-linux-gnu/libcrypto.so.3)
              n1: 1776 0x625B155: OPENSSL_init_crypto (in /usr/lib/x86_64-linux-gnu/libcrypto.so.3)
               n1: 1776 0x63307AC: ??? (in /usr/lib/x86_64-linux-gnu/libcrypto.so.3)
                n1: 1776 0x62853A4: RAND_get_rand_method (in /usr/lib/x86_64-linux-gnu/libcrypto.so.3)
                 n1: 1776 0x6285EC9: RAND_status (in /usr/lib/x86_64-linux-gnu/libcrypto.so.3)
                  n1: 1776 0x5C962CF: OQS_randombytes_openssl (in /home/anss/random/bench/install/lib/liboqs.so.0.15.0)
                   n1: 1776 0x4AAB6AB: PQCLEAN_HQC128_CLEAN_hqc_pke_keygen (in /home/anss/random/bench/install/lib/liboqs.so.0.15.0)
                    n1: 1776 0x4AABCAC: PQCLEAN_HQC128_CLEAN_crypto_kem_keypair (in /home/anss/random/bench/install/lib/liboqs.so.0.15.0)
                     n1: 1776 0x4AA8EFA: OQS_KEM_hqc_128_keypair (in /home/anss/random/bench/install/lib/liboqs.so.0.15.0)
                      n0: 1776 0x1092FB: main (in /home/anss/random/bench/mem_kem)
    n1: 1632 0x625989A: ??? (in /usr/lib/x86_64-linux-gnu/libcrypto.so.3)
     n1: 1632 0x5F0BEE7: __pthread_once_slow (pthread_once.c:116)
      n1: 1632 0x625E1EC: CRYPTO_THREAD_run_once (in /usr/lib/x86_64-linux-gnu/libcrypto.so.3)
       n1: 1632 0x625AEE2: OPENSSL_init_crypto (in /usr/lib/x86_64-linux-gnu/libcrypto.so.3)
        n1: 1632 0x6208686: ??? (in /usr/lib/x86_64-linux-gnu/libcrypto.so.3)
         n1: 1632 0x620904C: ERR_set_mark (in /usr/lib/x86_64-linux-gnu/libcrypto.so.3)
          n1: 1632 0x61B5451: CONF_modules_load_file_ex (in /usr/lib/x86_64-linux-gnu/libcrypto.so.3)
           n1: 1632 0x625A6EF: ??? (in /usr/lib/x86_64-linux-gnu/libcrypto.so.3)
            n1: 1632 0x5F0BEE7: __pthread_once_slow (pthread_once.c:116)
             n1: 1632 0x625E1EC: CRYPTO_THREAD_run_once (in /usr/lib/x86_64-linux-gnu/libcrypto.so.3)
              n1: 1632 0x625B155: OPENSSL_init_crypto (in /usr/lib/x86_64-linux-gnu/libcrypto.so.3)
               n1: 1632 0x63307AC: ??? (in /usr/lib/x86_64-linux-gnu/libcrypto.so.3)
                n1: 1632 0x62853A4: RAND_get_rand_method (in /usr/lib/x86_64-linux-gnu/libcrypto.so.3)
                 n1: 1632 0x6285EC9: RAND_status (in /usr/lib/x86_64-linux-gnu/libcrypto.so.3)
                  n1: 1632 0x5C962CF: OQS_randombytes_openssl (in /home/anss/random/bench/install/lib/liboqs.so.0.15.0)
                   n1: 1632 0x4AAB6AB: PQCLEAN_HQC128_CLEAN_hqc_pke_keygen (in /home/anss/random/bench/install/lib/liboqs.so.0.15.0)
                    n1: 1632 0x4AABCAC: PQCLEAN_HQC128_CLEAN_crypto_kem_keypair (in /home/anss/random/bench/install/lib/liboqs.so.0.15.0)
                     n1: 1632 0x4AA8EFA: OQS_KEM_hqc_128_keypair (in /home/anss/random/bench/install/lib/liboqs.so.0.15.0)
                      n0: 1632 0x1092FB: main (in /home/anss/random/bench/mem_kem)
   n0: 1968 in 2 places, all below massif's threshold (1.00%)
  n2: 5424 0x626961A: OBJ_NAME_add (in /usr/lib/x86_64-linux-gnu/libcrypto.so.3)
   n1: 3264 0x623BB24: EVP_add_cipher (in /usr/lib/x86_64-linux-gnu/libcrypto.so.3)
    n0: 3264 in 136 places, all below massif's threshold (1.00%)
   n0: 2160 in 56 places, all below massif's threshold (1.00%)
  n2: 3048 0x62559E2: ??? (in /usr/lib/x86_64-linux-gnu/libcrypto.so.3)
   n2: 1608 0x62522C7: ??? (in /usr/lib/x86_64-linux-gnu/libcrypto.so.3)
    n1: 1464 0x62523A9: ??? (in /usr/lib/x86_64-linux-gnu/libcrypto.so.3)
     n1: 1464 0x6248926: OPENSSL_LH_doall_arg (in /usr/lib/x86_64-linux-gnu/libcrypto.so.3)
      n1: 1464 0x626985A: OBJ_NAME_do_all (in /usr/lib/x86_64-linux-gnu/libcrypto.so.3)
       n1: 1464 0x6251FC9: ??? (in /usr/lib/x86_64-linux-gnu/libcrypto.so.3)
        n1: 1464 0x6330F6B: ??? (in /usr/lib/x86_64-linux-gnu/libcrypto.so.3)
         n1: 1464 0x62336C2: EVP_RAND_fetch (in /usr/lib/x86_64-linux-gnu/libcrypto.so.3)
          n1: 1464 0x6285CDB: RAND_get0_primary (in /usr/lib/x86_64-linux-gnu/libcrypto.so.3)
           n1: 1464 0x6285EF6: RAND_status (in /usr/lib/x86_64-linux-gnu/libcrypto.so.3)
            n1: 1464 0x5C962CF: OQS_randombytes_openssl (in /home/anss/random/bench/install/lib/liboqs.so.0.15.0)
             n1: 1464 0x4AAB6AB: PQCLEAN_HQC128_CLEAN_hqc_pke_keygen (in /home/anss/random/bench/install/lib/liboqs.so.0.15.0)
              n1: 1464 0x4AABCAC: PQCLEAN_HQC128_CLEAN_crypto_kem_keypair (in /home/anss/random/bench/install/lib/liboqs.so.0.15.0)
               n1: 1464 0x4AA8EFA: OQS_KEM_hqc_128_keypair (in /home/anss/random/bench/install/lib/liboqs.so.0.15.0)
                n0: 1464 0x1092FB: main (in /home/anss/random/bench/mem_kem)
    n0: 144 in 1 place, below massif's threshold (1.00%)
   n1: 1440 0x6252460: ??? (in /usr/lib/x86_64-linux-gnu/libcrypto.so.3)
    n1: 1440 0x6248926: OPENSSL_LH_doall_arg (in /usr/lib/x86_64-linux-gnu/libcrypto.so.3)
     n1: 1440 0x626985A: OBJ_NAME_do_all (in /usr/lib/x86_64-linux-gnu/libcrypto.so.3)
      n1: 1440 0x6251FC9: ??? (in /usr/lib/x86_64-linux-gnu/libcrypto.so.3)
       n1: 1440 0x6330F6B: ??? (in /usr/lib/x86_64-linux-gnu/libcrypto.so.3)
        n1: 1440 0x62336C2: EVP_RAND_fetch (in /usr/lib/x86_64-linux-gnu/libcrypto.so.3)
         n1: 1440 0x6285CDB: RAND_get0_primary (in /usr/lib/x86_64-linux-gnu/libcrypto.so.3)
          n1: 1440 0x6285EF6: RAND_status (in /usr/lib/x86_64-linux-gnu/libcrypto.so.3)
           n1: 1440 0x5C962CF: OQS_randombytes_openssl (in /home/anss/random/bench/install/lib/liboqs.so.0.15.0)
            n1: 1440 0x4AAB6AB: PQCLEAN_HQC128_CLEAN_hqc_pke_keygen (in /home/anss/random/bench/install/lib/liboqs.so.0.15.0)
             n1: 1440 0x4AABCAC: PQCLEAN_HQC128_CLEAN_crypto_kem_keypair (in /home/anss/random/bench/install/lib/liboqs.so.0.15.0)
              n1: 1440 0x4AA8EFA: OQS_KEM_hqc_128_keypair (in /home/anss/random/bench/install/lib/liboqs.so.0.15.0)
               n0: 1440 0x1092FB: main (in /home/anss/random/bench/mem_kem)
  n0: 192 in 3 places, all below massif's threshold (1.00%)
 n2: 10240 0x62485D3: OPENSSL_LH_insert (in /usr/lib/x86_64-linux-gnu/libcrypto.so.3)
  n2: 8192 0x6339B72: ??? (in /usr/lib/x86_64-linux-gnu/libcrypto.so.3)
   n2: 8192 0x6206BEF: ERR_load_strings_const (in /usr/lib/x86_64-linux-gnu/libcrypto.so.3)
    n1: 8192 0x62598DE: ??? (in /usr/lib/x86_64-linux-gnu/libcrypto.so.3)
     n1: 8192 0x5F0BEE7: __pthread_once_slow (pthread_once.c:116)
      n1: 8192 0x625E1EC: CRYPTO_THREAD_run_once (in /usr/lib/x86_64-linux-gnu/libcrypto.so.3)
       n1: 8192 0x625AEE2: OPENSSL_init_crypto (in /usr/lib/x86_64-linux-gnu/libcrypto.so.3)
        n1: 8192 0x6208686: ??? (in /usr/lib/x86_64-linux-gnu/libcrypto.so.3)
         n1: 8192 0x620904C: ERR_set_mark (in /usr/lib/x86_64-linux-gnu/libcrypto.so.3)
          n1: 8192 0x61B5451: CONF_modules_load_file_ex (in /usr/lib/x86_64-linux-gnu/libcrypto.so.3)
           n1: 8192 0x625A6EF: ??? (in /usr/lib/x86_64-linux-gnu/libcrypto.so.3)
            n1: 8192 0x5F0BEE7: __pthread_once_slow (pthread_once.c:116)
             n1: 8192 0x625E1EC: CRYPTO_THREAD_run_once (in /usr/lib/x86_64-linux-gnu/libcrypto.so.3)
              n1: 8192 0x625B155: OPENSSL_init_crypto (in /usr/lib/x86_64-linux-gnu/libcrypto.so.3)
               n1: 8192 0x63307AC: ??? (in /usr/lib/x86_64-linux-gnu/libcrypto.so.3)
                n1: 8192 0x62853A4: RAND_get_rand_method (in /usr/lib/x86_64-linux-gnu/libcrypto.so.3)
                 n1: 8192 0x6285EC9: RAND_status (in /usr/lib/x86_64-linux-gnu/libcrypto.so.3)
                  n1: 8192 0x5C962CF: OQS_randombytes_openssl (in /home/anss/random/bench/install/lib/liboqs.so.0.15.0)
                   n1: 8192 0x4AAB6AB: PQCLEAN_HQC128_CLEAN_hqc_pke_keygen (in /home/anss/random/bench/install/lib/liboqs.so.0.15.0)
                    n1: 8192 0x4AABCAC: PQCLEAN_HQC128_CLEAN_crypto_kem_keypair (in /home/anss/random/bench/install/lib/liboqs.so.0.15.0)
                     n1: 8192 0x4AA8EFA: OQS_KEM_hqc_128_keypair (in /home/anss/random/bench/install/lib/liboqs.so.0.15.0)
                      n0: 8192 0x1092FB: main (in /home/anss/random/bench/mem_kem)
    n0: 0 in 3 places, all below massif's threshold (1.00%)
   n0: 0 in 2 places, all below massif's threshold (1.00%)
  n0: 2048 in 3 places, all below massif's threshold (1.00%)
 n3: 7272 0x6252C3D: CRYPTO_zalloc (in /usr/lib/x86_64-linux-gnu/libcrypto.so.3)
  n0: 3392 in 18 places, all below massif's threshold (1.00%)
  n1: 2032 0x62559A6: ??? (in /usr/lib/x86_64-linux-gnu/libcrypto.so.3)
   n0: 2032 in 2 places, all below massif's threshold (1.00%)
  n1: 1848 0x625E073: CRYPTO_THREAD_lock_new (in /usr/lib/x86_64-linux-gnu/libcrypto.so.3)
   n0: 1848 in 16 places, all below massif's threshold (1.00%)
 n1: 5424 0x62695D8: OBJ_NAME_add (in /usr/lib/x86_64-linux-gnu/libcrypto.so.3)
  n0: 5424 in 208 places, all below massif's threshold (1.00%)
 n0: 4433 0x10928B: main (in /home/anss/random/bench/mem_kem)
 n0: 2305 0x109277: main (in /home/anss/random/bench/mem_kem)
 n0: 2249 0x109263: main (in /home/anss/random/bench/mem_kem)
 n2: 2169 0x6253C72: CRYPTO_strndup (in /usr/lib/x86_64-linux-gnu/libcrypto.so.3)
  n2: 2160 0x62559C1: ??? (in /usr/lib/x86_64-linux-gnu/libcrypto.so.3)
   n1: 1300 0x6252460: ??? (in /usr/lib/x86_64-linux-gnu/libcrypto.so.3)
    n1: 1300 0x6248926: OPENSSL_LH_doall_arg (in /usr/lib/x86_64-linux-gnu/libcrypto.so.3)
     n1: 1300 0x626985A: OBJ_NAME_do_all (in /usr/lib/x86_64-linux-gnu/libcrypto.so.3)
      n1: 1300 0x6251FC9: ??? (in /usr/lib/x86_64-linux-gnu/libcrypto.so.3)
       n1: 1300 0x6330F6B: ??? (in /usr/lib/x86_64-linux-gnu/libcrypto.so.3)
        n1: 1300 0x62336C2: EVP_RAND_fetch (in /usr/lib/x86_64-linux-gnu/libcrypto.so.3)
         n1: 1300 0x6285CDB: RAND_get0_primary (in /usr/lib/x86_64-linux-gnu/libcrypto.so.3)
          n1: 1300 0x6285EF6: RAND_status (in /usr/lib/x86_64-linux-gnu/libcrypto.so.3)
           n1: 1300 0x5C962CF: OQS_randombytes_openssl (in /home/anss/random/bench/install/lib/liboqs.so.0.15.0)
            n1: 1300 0x4AAB6AB: PQCLEAN_HQC128_CLEAN_hqc_pke_keygen (in /home/anss/random/bench/install/lib/liboqs.so.0.15.0)
             n1: 1300 0x4AABCAC: PQCLEAN_HQC128_CLEAN_crypto_kem_keypair (in /home/anss/random/bench/install/lib/liboqs.so.0.15.0)
              n1: 1300 0x4AA8EFA: OQS_KEM_hqc_128_keypair (in /home/anss/random/bench/install/lib/liboqs.so.0.15.0)
               n0: 1300 0x1092FB: main (in /home/anss/random/bench/mem_kem)
   n0: 860 in 1 place, below massif's threshold (1.00%)
  n0: 9 in 1 place, below massif's threshold (1.00%)
 n0: 1053 in 18 places, all below massif's threshold (1.00%)
#-----------
snapshot=24
#-----------
time=4707222
mem_heap_B=78922
mem_heap_extra_B=37398
mem_stacks_B=0
heap_tree=empty
#-----------
snapshot=25
#-----------
time=4899541
mem_heap_B=80002
mem_heap_extra_B=38150
mem_stacks_B=0
heap_tree=empty
#-----------
snapshot=26
#-----------
time=5016658
mem_heap_B=80443
mem_heap_extra_B=38477
mem_stacks_B=0
heap_tree=empty
#-----------
snapshot=27
#-----------
time=5102565
mem_heap_B=81120
mem_heap_extra_B=38968
mem_stacks_B=0
heap_tree=empty
#-----------
snapshot=28
#-----------
time=5226917
mem_heap_B=81872
mem_heap_extra_B=39528
mem_stacks_B=0
heap_tree=detailed
n9: 81872 (heap allocation functions) malloc/new/new[], --alloc-fns, etc.
 n4: 44352 0x6248625: OPENSSL_LH_insert (in /usr/lib/x86_64-linux-gnu/libcrypto.so.3)
  n2: 33912 0x6339B72: ??? (in /usr/lib/x86_64-linux-gnu/libcrypto.so.3)
   n9: 31944 0x6206BEF: ERR_load_strings_const (in /usr/lib/x86_64-linux-gnu/libcrypto.so.3)
    n0: 13920 in 25 places, all below massif's threshold (1.00%)
    n1: 2952 0x625972B: ??? (in /usr/lib/x86_64-linux-gnu/libcrypto.so.3)
     n1: 2952 0x5F0BEE7: __pthread_once_slow (pthread_once.c:116)
      n1: 2952 0x625E1EC: CRYPTO_THREAD_run_once (in /usr/lib/x86_64-linux-gnu/libcrypto.so.3)
       n1: 2952 0x625AEE2: OPENSSL_init_crypto (in /usr/lib/x86_64-linux-gnu/libcrypto.so.3)
        n1: 2952 0x6208686: ??? (in /usr/lib/x86_64-linux-gnu/libcrypto.so.3)
         n1: 2952 0x620904C: ERR_set_mark (in /usr/lib/x86_64-linux-gnu/libcrypto.so.3)
          n1: 2952 0x61B5451: CONF_modules_load_file_ex (in /usr/lib/x86_64-linux-gnu/libcrypto.so.3)
           n1: 2952 0x625A6EF: ??? (in /usr/lib/x86_64-linux-gnu/libcrypto.so.3)
            n1: 2952 0x5F0BEE7: __pthread_once_slow (pthread_once.c:116)
             n1: 2952 0x625E1EC: CRYPTO_THREAD_run_once (in /usr/lib/x86_64-linux-gnu/libcrypto.so.3)
              n1: 2952 0x625B155: OPENSSL_init_crypto (in /usr/lib/x86_64-linux-gnu/libcrypto.so.3)
               n1: 2952 0x63307AC: ??? (in /usr/lib/x86_64-linux-gnu/libcrypto.so.3)
                n1: 2952 0x62853A4: RAND_get_rand_method (in /usr/lib/x86_64-linux-gnu/libcrypto.so.3)
                 n1: 2952 0x6285EC9: RAND_status (in /usr/lib/x86_64-linux-gnu/libcrypto.so.3)
                  n1: 2952 0x5C962CF: OQS_randombytes_openssl (in /home/anss/random/bench/install/lib/liboqs.so.0.15.0)
                   n1: 2952 0x4AAB6AB: PQCLEAN_HQC128_CLEAN_hqc_pke_keygen (in /home/anss/random/bench/install/lib/liboqs.so.0.15.0)
                    n1: 2952 0x4AABCAC: PQCLEAN_HQC128_CLEAN_crypto_kem_keypair (in /home/anss/random/bench/install/lib/liboqs.so.0.15.0)
                     n1: 2952 0x4AA8EFA: OQS_KEM_hqc_128_keypair (in /home/anss/random/bench/install/lib/liboqs.so.0.15.0)
                      n0: 2952 0x1092FB: main (in /home/anss/random/bench/mem_kem)
    n1: 2760 0x6259801: ??? (in /usr/lib/x86_64-linux-gnu/libcrypto.so.3)
     n1: 2760 0x5F0BEE7: __pthread_once_slow (pthread_once.c:116)
      n1: 2760 0x625E1EC: CRYPTO_THREAD_run_once (in /usr/lib/x86_64-linux-gnu/libcrypto.so.3)
       n1: 2760 0x625AEE2: OPENSSL_init_crypto (in /usr/lib/x86_64-linux-gnu/libcrypto.so.3)
        n1: 2760 0x6208686: ??? (in /usr/lib/x86_64-linux-gnu/libcrypto.so.3)
         n1: 2760 0x620904C: ERR_set_mark (in /usr/lib/x86_64-linux-gnu/libcrypto.so.3)
          n1: 2760 0x61B5451: CONF_modules_load_file_ex (in /usr/lib/x86_64-linux-gnu/libcrypto.so.3)
           n1: 2760 0x625A6EF: ??? (in /usr/lib/x86_64-linux-gnu/libcrypto.so.3)
            n1: 2760 0x5F0BEE7: __pthread_once_slow (pthread_once.c:116)
             n1: 2760 0x625E1EC: CRYPTO_THREAD_run_once (in /usr/lib/x86_64-linux-gnu/libcrypto.so.3)
              n1: 2760 0x625B155: OPENSSL_init_crypto (in /usr/lib/x86_64-linux-gnu/libcrypto.so.3)
               n1: 2760 0x63307AC: ??? (in /usr/lib/x86_64-linux-gnu/libcrypto.so.3)
                n1: 2760 0x62853A4: RAND_get_rand_method (in /usr/lib/x86_64-linux-gnu/libcrypto.so.3)
                 n1: 2760 0x6285EC9: RAND_status (in /usr/lib/x86_64-linux-gnu/libcrypto.so.3)
                  n1: 2760 0x5C962CF: OQS_randombytes_openssl (in /home/anss/random/bench/install/lib/liboqs.so.0.15.0)
                   n1: 2760 0x4AAB6AB: PQCLEAN_HQC128_CLEAN_hqc_pke_keygen (in /home/anss/random/bench/install/lib/liboqs.so.0.15.0)
                    n1: 2760 0x4AABCAC: PQCLEAN_HQC128_CLEAN_crypto_kem_keypair (in /home/anss/random/bench/install/lib/liboqs.so.0.15.0)
                     n1: 2760 0x4AA8EFA: OQS_KEM_hqc_128_keypair (in /home/anss/random/bench/install/lib/liboqs.so.0.15.0)
                      n0: 2760 0x1092FB: main (in /home/anss/random/bench/mem_kem)
    n1: 2616 0x625979B: ??? (in /usr/lib/x86_64-linux-gnu/libcrypto.so.3)
     n1: 2616 0x5F0BEE7: __pthread_once_slow (pthread_once.c:116)
      n1: 2616 0x625E1EC: CRYPTO_THREAD_run_once (in /usr/lib/x86_64-linux-gnu/libcrypto.so.3)
       n1: 2616 0x625AEE2: OPENSSL_init_crypto (in /usr/lib/x86_64-linux-gnu/libcrypto.so.3)
        n1: 2616 0x6208686: ??? (in /usr/lib/x86_64-linux-gnu/libcrypto.so.3)
         n1: 2616 0x620904C: ERR_set_mark (in /usr/lib/x86_64-linux-gnu/libcrypto.so.3)
          n1: 2616 0x61B5451: CONF_modules_load_file_ex (in /usr/lib/x86_64-linux-gnu/libcrypto.so.3)
           n1: 2616 0x625A6EF: ??? (in /usr/lib/x86_64-linux-gnu/libcrypto.so.3)
            n1: 2616 0x5F0BEE7: __pthread_once_slow (pthread_once.c:116)
             n1: 2616 0x625E1EC: CRYPTO_THREAD_run_once (in /usr/lib/x86_64-linux-gnu/libcrypto.so.3)
              n1: 2616 0x625B155: OPENSSL_init_crypto (in /usr/lib/x86_64-linux-gnu/libcrypto.so.3)
               n1: 2616 0x63307AC: ??? (in /usr/lib/x86_64-linux-gnu/libcrypto.so.3)
                n1: 2616 0x62853A4: RAND_get_rand_method (in /usr/lib/x86_64-linux-gnu/libcrypto.so.3)
                 n1: 2616 0x6285EC9: RAND_status (in /usr/lib/x86_64-linux-gnu/libcrypto.so.3)
                  n1: 2616 0x5C962CF: OQS_randombytes_openssl (in /home/anss/random/bench/install/lib/liboqs.so.0.15.0)
                   n1: 2616 0x4AAB6AB: PQCLEAN_HQC128_CLEAN_hqc_pke_keygen (in /home/anss/random/bench/install/lib/liboqs.so.0.15.0)
                    n1: 2616 0x4AABCAC: PQCLEAN_HQC128_CLEAN_crypto_kem_keypair (in /home/anss/random/bench/install/lib/liboqs.so.0.15.0)
                     n1: 2616 0x4AA8EFA: OQS_KEM_hqc_128_keypair (in /home/anss/random/bench/install/lib/liboqs.so.0.15.0)
                      n0: 2616 0x1092FB: main (in /home/anss/random/bench/mem_kem)
    n1: 2304 0x6259845: ??? (in /usr/lib/x86_64-linux-gnu/libcrypto.so.3)
     n1: 2304 0x5F0BEE7: __pthread_once_slow (pthread_once.c:116)
      n1: 2304 0x625E1EC: CRYPTO_THREAD_run_once (in /usr/lib/x86_64-linux-gnu/libcrypto.so.3)
       n1: 2304 0x625AEE2: OPENSSL_init_crypto (in /usr/lib/x86_64-linux-gnu/libcrypto.so.3)
        n1: 2304 0x6208686: ??? (in /usr/lib/x86_64-linux-gnu/libcrypto.so.3)
         n1: 2304 0x620904C: ERR_set_mark (in /usr/lib/x86_64-linux-gnu/libcrypto.so.3)
          n1: 2304 0x61B5451: CONF_modules_load_file_ex (in /usr/lib/x86_64-linux-gnu/libcrypto.so.3)
           n1: 2304 0x625A6EF: ??? (in /usr/lib/x86_64-linux-gnu/libcrypto.so.3)
            n1: 2304 0x5F0BEE7: __pthread_once_slow (pthread_once.c:116)
             n1: 2304 0x625E1EC: CRYPTO_THREAD_run_once (in /usr/lib/x86_64-linux-gnu/libcrypto.so.3)
              n1: 2304 0x625B155: OPENSSL_init_crypto (in /usr/lib/x86_64-linux-gnu/libcrypto.so.3)
               n1: 2304 0x63307AC: ??? (in /usr/lib/x86_64-linux-gnu/libcrypto.so.3)
                n1: 2304 0x62853A4: RAND_get_rand_method (in /usr/lib/x86_64-linux-gnu/libcrypto.so.3)
                 n1: 2304 0x6285EC9: RAND_status (in /usr/lib/x86_64-linux-gnu/libcrypto.so.3)
                  n1: 2304 0x5C962CF: OQS_randombytes_openssl (in /home/anss/random/bench/install/lib/liboqs.so.0.15.0)
                   n1: 2304 0x4AAB6AB: PQCLEAN_HQC128_CLEAN_hqc_pke_keygen (in /home/anss/random/bench/install/lib/liboqs.so.0.15.0)
                    n1: 2304 0x4AABCAC: PQCLEAN_HQC128_CLEAN_crypto_kem_keypair (in /home/anss/random/bench/install/lib/liboqs.so.0.15.0)
                     n1: 2304 0x4AA8EFA: OQS_KEM_hqc_128_keypair (in /home/anss/random/bench/install/lib/liboqs.so.0.15.0)
                      n0: 2304 0x1092FB: main (in /home/anss/random/bench/mem_kem)
    n1: 2016 0x6259823: ??? (in /usr/lib/x86_64-linux-gnu/libcrypto.so.3)
     n1: 2016 0x5F0BEE7: __pthread_once_slow (pthread_once.c:116)
      n1: 2016 0x625E1EC: CRYPTO_THREAD_run_once (in /usr/lib/x86_64-linux-gnu/libcrypto.so.3)
       n1: 2016 0x625AEE2: OPENSSL_init_crypto (in /usr/lib/x86_64-linux-gnu/libcrypto.so.3)
        n1: 2016 0x6208686: ??? (in /usr/lib/x86_64-linux-gnu/libcrypto.so.3)
         n1: 2016 0x620904C: ERR_set_mark (in /usr/lib/x86_64-linux-gnu/libcrypto.so.3)
          n1: 2016 0x61B5451: CONF_modules_load_file_ex (in /usr/lib/x86_64-linux-gnu/libcrypto.so.3)
           n1: 2016 0x625A6EF: ??? (in /usr/lib/x86_64-linux-gnu/libcrypto.so.3)
            n1: 2016 0x5F0BEE7: __pthread_once_slow (pthread_once.c:116)
             n1: 2016 0x625E1EC: CRYPTO_THREAD_run_once (in /usr/lib/x86_64-linux-gnu/libcrypto.so.3)
              n1: 2016 0x625B155: OPENSSL_init_crypto (in /usr/lib/x86_64-linux-gnu/libcrypto.so.3)
               n1: 2016 0x63307AC: ??? (in /usr/lib/x86_64-linux-gnu/libcrypto.so.3)
                n1: 2016 0x62853A4: RAND_get_rand_method (in /usr/lib/x86_64-linux-gnu/libcrypto.so.3)
                 n1: 2016 0x6285EC9: RAND_status (in /usr/lib/x86_64-linux-gnu/libcrypto.so.3)
                  n1: 2016 0x5C962CF: OQS_randombytes_openssl (in /home/anss/random/bench/install/lib/liboqs.so.0.15.0)
                   n1: 2016 0x4AAB6AB: PQCLEAN_HQC128_CLEAN_hqc_pke_keygen (in /home/anss/random/bench/install/lib/liboqs.so.0.15.0)
                    n1: 2016 0x4AABCAC: PQCLEAN_HQC128_CLEAN_crypto_kem_keypair (in /home/anss/random/bench/install/lib/liboqs.so.0.15.0)
                     n1: 2016 0x4AA8EFA: OQS_KEM_hqc_128_keypair (in /home/anss/random/bench/install/lib/liboqs.so.0.15.0)
                      n0: 2016 0x1092FB: main (in /home/anss/random/bench/mem_kem)
    n1: 1968 0x6259783: ??? (in /usr/lib/x86_64-linux-gnu/libcrypto.so.3)
     n1: 1968 0x5F0BEE7: __pthread_once_slow (pthread_once.c:116)
      n1: 1968 0x625E1EC: CRYPTO_THREAD_run_once (in /usr/lib/x86_64-linux-gnu/libcrypto.so.3)
       n1: 1968 0x625AEE2: OPENSSL_init_crypto (in /usr/lib/x86_64-linux-gnu/libcrypto.so.3)
        n1: 1968 0x6208686: ??? (in /usr/lib/x86_64-linux-gnu/libcrypto.so.3)
         n1: 1968 0x620904C: ERR_set_mark (in /usr/lib/x86_64-linux-gnu/libcrypto.so.3)
          n1: 1968 0x61B5451: CONF_modules_load_file_ex (in /usr/lib/x86_64-linux-gnu/libcrypto.so.3)
           n1: 1968 0x625A6EF: ??? (in /usr/lib/x86_64-linux-gnu/libcrypto.so.3)
            n1: 1968 0x5F0BEE7: __pthread_once_slow (pthread_once.c:116)
             n1: 1968 0x625E1EC: CRYPTO_THREAD_run_once (in /usr/lib/x86_64-linux-gnu/libcrypto.so.3)
              n1: 1968 0x625B155: OPENSSL_init_crypto (in /usr/lib/x86_64-linux-gnu/libcrypto.so.3)
               n1: 1968 0x63307AC: ??? (in /usr/lib/x86_64-linux-gnu/libcrypto.so.3)
                n1: 1968 0x62853A4: RAND_get_rand_method (in /usr/lib/x86_64-linux-gnu/libcrypto.so.3)
                 n1: 1968 0x6285EC9: RAND_status (in /usr/lib/x86_64-linux-gnu/libcrypto.so.3)
                  n1: 1968 0x5C962CF: OQS_randombytes_openssl (in /home/anss/random/bench/install/lib/liboqs.so.0.15.0)
                   n1: 1968 0x4AAB6AB: PQCLEAN_HQC128_CLEAN_hqc_pke_keygen (in /home/anss/random/bench/install/lib/liboqs.so.0.15.0)
                    n1: 1968 0x4AABCAC: PQCLEAN_HQC128_CLEAN_crypto_kem_keypair (in /home/anss/random/bench/install/lib/liboqs.so.0.15.0)
                     n1: 1968 0x4AA8EFA: OQS_KEM_hqc_128_keypair (in /home/anss/random/bench/install/lib/liboqs.so.0.15.0)
                      n0: 1968 0x1092FB: main (in /home/anss/random/bench/mem_kem)
    n1: 1776 0x62598CD: ??? (in /usr/lib/x86_64-linux-gnu/libcrypto.so.3)
     n1: 1776 0x5F0BEE7: __pthread_once_slow (pthread_once.c:116)
      n1: 1776 0x625E1EC: CRYPTO_THREAD_run_once (in /usr/lib/x86_64-linux-gnu/libcrypto.so.3)
       n1: 1776 0x625AEE2: OPENSSL_init_crypto (in /usr/lib/x86_64-linux-gnu/libcrypto.so.3)
        n1: 1776 0x6208686: ??? (in /usr/lib/x86_64-linux-gnu/libcrypto.so.3)
         n1: 1776 0x620904C: ERR_set_mark (in /usr/lib/x86_64-linux-gnu/libcrypto.so.3)
          n1: 1776 0x61B5451: CONF_modules_load_file_ex (in /usr/lib/x86_64-linux-gnu/libcrypto.so.3)
           n1: 1776 0x625A6EF: ??? (in /usr/lib/x86_64-linux-gnu/libcrypto.so.3)
            n1: 1776 0x5F0BEE7: __pthread_once_slow (pthread_once.c:116)
             n1: 1776 0x625E1EC: CRYPTO_THREAD_run_once (in /usr/lib/x86_64-linux-gnu/libcrypto.so.3)
              n1: 1776 0x625B155: OPENSSL_init_crypto (in /usr/lib/x86_64-linux-gnu/libcrypto.so.3)
               n1: 1776 0x63307AC: ??? (in /usr/lib/x86_64-linux-gnu/libcrypto.so.3)
                n1: 1776 0x62853A4: RAND_get_rand_method (in /usr/lib/x86_64-linux-gnu/libcrypto.so.3)
                 n1: 1776 0x6285EC9: RAND_status (in /usr/lib/x86_64-linux-gnu/libcrypto.so.3)
                  n1: 1776 0x5C962CF: OQS_randombytes_openssl (in /home/anss/random/bench/install/lib/liboqs.so.0.15.0)
                   n1: 1776 0x4AAB6AB: PQCLEAN_HQC128_CLEAN_hqc_pke_keygen (in /home/anss/random/bench/install/lib/liboqs.so.0.15.0)
                    n1: 1776 0x4AABCAC: PQCLEAN_HQC128_CLEAN_crypto_kem_keypair (in /home/anss/random/bench/install/lib/liboqs.so.0.15.0)
                     n1: 1776 0x4AA8EFA: OQS_KEM_hqc_128_keypair (in /home/anss/random/bench/install/lib/liboqs.so.0.15.0)
                      n0: 1776 0x1092FB: main (in /home/anss/random/bench/mem_kem)
    n1: 1632 0x625989A: ??? (in /usr/lib/x86_64-linux-gnu/libcrypto.so.3)
     n1: 1632 0x5F0BEE7: __pthread_once_slow (pthread_once.c:116)
      n1: 1632 0x625E1EC: CRYPTO_THREAD_run_once (in /usr/lib/x86_64-linux-gnu/libcrypto.so.3)
       n1: 1632 0x625AEE2: OPENSSL_init_crypto (in /usr/lib/x86_64-linux-gnu/libcrypto.so.3)
        n1: 1632 0x6208686: ??? (in /usr/lib/x86_64-linux-gnu/libcrypto.so.3)
         n1: 1632 0x620904C: ERR_set_mark (in /usr/lib/x86_64-linux-gnu/libcrypto.so.3)
          n1: 1632 0x61B5451: CONF_modules_load_file_ex (in /usr/lib/x86_64-linux-gnu/libcrypto.so.3)
           n1: 1632 0x625A6EF: ??? (in /usr/lib/x86_64-linux-gnu/libcrypto.so.3)
            n1: 1632 0x5F0BEE7: __pthread_once_slow (pthread_once.c:116)
             n1: 1632 0x625E1EC: CRYPTO_THREAD_run_once (in /usr/lib/x86_64-linux-gnu/libcrypto.so.3)
              n1: 1632 0x625B155: OPENSSL_init_crypto (in /usr/lib/x86_64-linux-gnu/libcrypto.so.3)
               n1: 1632 0x63307AC: ??? (in /usr/lib/x86_64-linux-gnu/libcrypto.so.3)
                n1: 1632 0x62853A4: RAND_get_rand_method (in /usr/lib/x86_64-linux-gnu/libcrypto.so.3)
                 n1: 1632 0x6285EC9: RAND_status (in /usr/lib/x86_64-linux-gnu/libcrypto.so.3)
                  n1: 1632 0x5C962CF: OQS_randombytes_openssl (in /home/anss/random/bench/install/lib/liboqs.so.0.15.0)
                   n1: 1632 0x4AAB6AB: PQCLEAN_HQC128_CLEAN_hqc_pke_keygen (in /home/anss/random/bench/install/lib/liboqs.so.0.15.0)
                    n1: 1632 0x4AABCAC: PQCLEAN_HQC128_CLEAN_crypto_kem_keypair (in /home/anss/random/bench/install/lib/liboqs.so.0.15.0)
                     n1: 1632 0x4AA8EFA: OQS_KEM_hqc_128_keypair (in /home/anss/random/bench/install/lib/liboqs.so.0.15.0)
                      n0: 1632 0x1092FB: main (in /home/anss/random/bench/mem_kem)
   n0: 1968 in 2 places, all below massif's threshold (1.00%)
  n2: 5424 0x626961A: OBJ_NAME_add (in /usr/lib/x86_64-linux-gnu/libcrypto.so.3)
   n1: 3264 0x623BB24: EVP_add_cipher (in /usr/lib/x86_64-linux-gnu/libcrypto.so.3)
    n0: 3264 in 136 places, all below massif's threshold (1.00%)
   n0: 2160 in 56 places, all below massif's threshold (1.00%)
  n2: 4824 0x62559E2: ??? (in /usr/lib/x86_64-linux-gnu/libcrypto.so.3)
   n2: 2496 0x62522C7: ??? (in /usr/lib/x86_64-linux-gnu/libcrypto.so.3)
    n1: 2352 0x62523A9: ??? (in /usr/lib/x86_64-linux-gnu/libcrypto.so.3)
     n1: 2352 0x6248926: OPENSSL_LH_doall_arg (in /usr/lib/x86_64-linux-gnu/libcrypto.so.3)
      n2: 2352 0x626985A: OBJ_NAME_do_all (in /usr/lib/x86_64-linux-gnu/libcrypto.so.3)
       n1: 1968 0x6251FC9: ??? (in /usr/lib/x86_64-linux-gnu/libcrypto.so.3)
        n1: 1968 0x6330F6B: ??? (in /usr/lib/x86_64-linux-gnu/libcrypto.so.3)
         n1: 1968 0x62336C2: EVP_RAND_fetch (in /usr/lib/x86_64-linux-gnu/libcrypto.so.3)
          n1: 1968 0x6285CDB: RAND_get0_primary (in /usr/lib/x86_64-linux-gnu/libcrypto.so.3)
           n1: 1968 0x6285EF6: RAND_status (in /usr/lib/x86_64-linux-gnu/libcrypto.so.3)
            n1: 1968 0x5C962CF: OQS_randombytes_openssl (in /home/anss/random/bench/install/lib/liboqs.so.0.15.0)
             n1: 1968 0x4AAB6AB: PQCLEAN_HQC128_CLEAN_hqc_pke_keygen (in /home/anss/random/bench/install/lib/liboqs.so.0.15.0)
              n1: 1968 0x4AABCAC: PQCLEAN_HQC128_CLEAN_crypto_kem_keypair (in /home/anss/random/bench/install/lib/liboqs.so.0.15.0)
               n1: 1968 0x4AA8EFA: OQS_KEM_hqc_128_keypair (in /home/anss/random/bench/install/lib/liboqs.so.0.15.0)
                n0: 1968 0x1092FB: main (in /home/anss/random/bench/mem_kem)
       n0: 384 in 1 place, below massif's threshold (1.00%)
    n0: 144 in 1 place, below massif's threshold (1.00%)
   n1: 2328 0x6252460: ??? (in /usr/lib/x86_64-linux-gnu/libcrypto.so.3)
    n1: 2328 0x6248926: OPENSSL_LH_doall_arg (in /usr/lib/x86_64-linux-gnu/libcrypto.so.3)
     n2: 2328 0x626985A: OBJ_NAME_do_all (in /usr/lib/x86_64-linux-gnu/libcrypto.so.3)
      n1: 1968 0x6251FC9: ??? (in /usr/lib/x86_64-linux-gnu/libcrypto.so.3)
       n1: 1968 0x6330F6B: ??? (in /usr/lib/x86_64-linux-gnu/libcrypto.so.3)
        n1: 1968 0x62336C2: EVP_RAND_fetch (in /usr/lib/x86_64-linux-gnu/libcrypto.so.3)
         n1: 1968 0x6285CDB: RAND_get0_primary (in /usr/lib/x86_64-linux-gnu/libcrypto.so.3)
          n1: 1968 0x6285EF6: RAND_status (in /usr/lib/x86_64-linux-gnu/libcrypto.so.3)
           n1: 1968 0x5C962CF: OQS_randombytes_openssl (in /home/anss/random/bench/install/lib/liboqs.so.0.15.0)
            n1: 1968 0x4AAB6AB: PQCLEAN_HQC128_CLEAN_hqc_pke_keygen (in /home/anss/random/bench/install/lib/liboqs.so.0.15.0)
             n1: 1968 0x4AABCAC: PQCLEAN_HQC128_CLEAN_crypto_kem_keypair (in /home/anss/random/bench/install/lib/liboqs.so.0.15.0)
              n1: 1968 0x4AA8EFA: OQS_KEM_hqc_128_keypair (in /home/anss/random/bench/install/lib/liboqs.so.0.15.0)
               n0: 1968 0x1092FB: main (in /home/anss/random/bench/mem_kem)
      n0: 360 in 1 place, below massif's threshold (1.00%)
  n0: 192 in 3 places, all below massif's threshold (1.00%)
 n2: 10240 0x62485D3: OPENSSL_LH_insert (in /usr/lib/x86_64-linux-gnu/libcrypto.so.3)
  n2: 8192 0x6339B72: ??? (in /usr/lib/x86_64-linux-gnu/libcrypto.so.3)
   n2: 8192 0x6206BEF: ERR_load_strings_const (in /usr/lib/x86_64-linux-gnu/libcrypto.so.3)
    n1: 8192 0x62598DE: ??? (in /usr/lib/x86_64-linux-gnu/libcrypto.so.3)
     n1: 8192 0x5F0BEE7: __pthread_once_slow (pthread_once.c:116)
      n1: 8192 0x625E1EC: CRYPTO_THREAD_run_once (in /usr/lib/x86_64-linux-gnu/libcrypto.so.3)
       n1: 8192 0x625AEE2: OPENSSL_init_crypto (in /usr/lib/x86_64-linux-gnu/libcrypto.so.3)
        n1: 8192 0x6208686: ??? (in /usr/lib/x86_64-linux-gnu/libcrypto.so.3)
         n1: 8192 0x620904C: ERR_set_mark (in /usr/lib/x86_64-linux-gnu/libcrypto.so.3)
          n1: 8192 0x61B5451: CONF_modules_load_file_ex (in /usr/lib/x86_64-linux-gnu/libcrypto.so.3)
           n1: 8192 0x625A6EF: ??? (in /usr/lib/x86_64-linux-gnu/libcrypto.so.3)
            n1: 8192 0x5F0BEE7: __pthread_once_slow (pthread_once.c:116)
             n1: 8192 0x625E1EC: CRYPTO_THREAD_run_once (in /usr/lib/x86_64-linux-gnu/libcrypto.so.3)
              n1: 8192 0x625B155: OPENSSL_init_crypto (in /usr/lib/x86_64-linux-gnu/libcrypto.so.3)
               n1: 8192 0x63307AC: ??? (in /usr/lib/x86_64-linux-gnu/libcrypto.so.3)
                n1: 8192 0x62853A4: RAND_get_rand_method (in /usr/lib/x86_64-linux-gnu/libcrypto.so.3)
                 n1: 8192 0x6285EC9: RAND_status (in /usr/lib/x86_64-linux-gnu/libcrypto.so.3)
                  n1: 8192 0x5C962CF: OQS_randombytes_openssl (in /home/anss/random/bench/install/lib/liboqs.so.0.15.0)
                   n1: 8192 0x4AAB6AB: PQCLEAN_HQC128_CLEAN_hqc_pke_keygen (in /home/anss/random/bench/install/lib/liboqs.so.0.15.0)
                    n1: 8192 0x4AABCAC: PQCLEAN_HQC128_CLEAN_crypto_kem_keypair (in /home/anss/random/bench/install/lib/liboqs.so.0.15.0)
                     n1: 8192 0x4AA8EFA: OQS_KEM_hqc_128_keypair (in /home/anss/random/bench/install/lib/liboqs.so.0.15.0)
                      n0: 8192 0x1092FB: main (in /home/anss/random/bench/mem_kem)
    n0: 0 in 3 places, all below massif's threshold (1.00%)
   n0: 0 in 2 places, all below massif's threshold (1.00%)
  n0: 2048 in 3 places, all below massif's threshold (1.00%)
 n3: 8456 0x6252C3D: CRYPTO_zalloc (in /usr/lib/x86_64-linux-gnu/libcrypto.so.3)
  n0: 3392 in 18 places, all below massif's threshold (1.00%)
  n2: 3216 0x62559A6: ??? (in /usr/lib/x86_64-linux-gnu/libcrypto.so.3)
   n2: 1664 0x62522C7: ??? (in /usr/lib/x86_64-linux-gnu/libcrypto.so.3)
    n1: 1568 0x62523A9: ??? (in /usr/lib/x86_64-linux-gnu/libcrypto.so.3)
     n1: 1568 0x6248926: OPENSSL_LH_doall_arg (in /usr/lib/x86_64-linux-gnu/libcrypto.so.3)
      n2: 1568 0x626985A: OBJ_NAME_do_all (in /usr/lib/x86_64-linux-gnu/libcrypto.so.3)
       n1: 1312 0x6251FC9: ??? (in /usr/lib/x86_64-linux-gnu/libcrypto.so.3)
        n1: 1312 0x6330F6B: ??? (in /usr/lib/x86_64-linux-gnu/libcrypto.so.3)
         n1: 1312 0x62336C2: EVP_RAND_fetch (in /usr/lib/x86_64-linux-gnu/libcrypto.so.3)
          n1: 1312 0x6285CDB: RAND_get0_primary (in /usr/lib/x86_64-linux-gnu/libcrypto.so.3)
           n1: 1312 0x6285EF6: RAND_status (in /usr/lib/x86_64-linux-gnu/libcrypto.so.3)
            n1: 1312 0x5C962CF: OQS_randombytes_openssl (in /home/anss/random/bench/install/lib/liboqs.so.0.15.0)
             n1: 1312 0x4AAB6AB: PQCLEAN_HQC128_CLEAN_hqc_pke_keygen (in /home/anss/random/bench/install/lib/liboqs.so.0.15.0)
              n1: 1312 0x4AABCAC: PQCLEAN_HQC128_CLEAN_crypto_kem_keypair (in /home/anss/random/bench/install/lib/liboqs.so.0.15.0)
               n1: 1312 0x4AA8EFA: OQS_KEM_hqc_128_keypair (in /home/anss/random/bench/install/lib/liboqs.so.0.15.0)
                n0: 1312 0x1092FB: main (in /home/anss/random/bench/mem_kem)
       n0: 256 in 1 place, below massif's threshold (1.00%)
    n0: 96 in 1 place, below massif's threshold (1.00%)
   n1: 1552 0x6252460: ??? (in /usr/lib/x86_64-linux-gnu/libcrypto.so.3)
    n1: 1552 0x6248926: OPENSSL_LH_doall_arg (in /usr/lib/x86_64-linux-gnu/libcrypto.so.3)
     n2: 1552 0x626985A: OBJ_NAME_do_all (in /usr/lib/x86_64-linux-gnu/libcrypto.so.3)
      n1: 1312 0x6251FC9: ??? (in /usr/lib/x86_64-linux-gnu/libcrypto.so.3)
       n1: 1312 0x6330F6B: ??? (in /usr/lib/x86_64-linux-gnu/libcrypto.so.3)
        n1: 1312 0x62336C2: EVP_RAND_fetch (in /usr/lib/x86_64-linux-gnu/libcrypto.so.3)
         n1: 1312 0x6285CDB: RAND_get0_primary (in /usr/lib/x86_64-linux-gnu/libcrypto.so.3)
          n1: 1312 0x6285EF6: RAND_status (in /usr/lib/x86_64-linux-gnu/libcrypto.so.3)
           n1: 1312 0x5C962CF: OQS_randombytes_openssl (in /home/anss/random/bench/install/lib/liboqs.so.0.15.0)
            n1: 1312 0x4AAB6AB: PQCLEAN_HQC128_CLEAN_hqc_pke_keygen (in /home/anss/random/bench/install/lib/liboqs.so.0.15.0)
             n1: 1312 0x4AABCAC: PQCLEAN_HQC128_CLEAN_crypto_kem_keypair (in /home/anss/random/bench/install/lib/liboqs.so.0.15.0)
              n1: 1312 0x4AA8EFA: OQS_KEM_hqc_128_keypair (in /home/anss/random/bench/install/lib/liboqs.so.0.15.0)
               n0: 1312 0x1092FB: main (in /home/anss/random/bench/mem_kem)
      n0: 240 in 1 place, below massif's threshold (1.00%)
  n1: 1848 0x625E073: CRYPTO_THREAD_lock_new (in /usr/lib/x86_64-linux-gnu/libcrypto.so.3)
   n0: 1848 in 16 places, all below massif's threshold (1.00%)
 n1: 5424 0x62695D8: OBJ_NAME_add (in /usr/lib/x86_64-linux-gnu/libcrypto.so.3)
  n0: 5424 in 208 places, all below massif's threshold (1.00%)
 n0: 4433 0x10928B: main (in /home/anss/random/bench/mem_kem)
 n2: 3360 0x6253C72: CRYPTO_strndup (in /usr/lib/x86_64-linux-gnu/libcrypto.so.3)
  n2: 3351 0x62559C1: ??? (in /usr/lib/x86_64-linux-gnu/libcrypto.so.3)
   n1: 2085 0x6252460: ??? (in /usr/lib/x86_64-linux-gnu/libcrypto.so.3)
    n1: 2085 0x6248926: OPENSSL_LH_doall_arg (in /usr/lib/x86_64-linux-gnu/libcrypto.so.3)
     n2: 2085 0x626985A: OBJ_NAME_do_all (in /usr/lib/x86_64-linux-gnu/libcrypto.so.3)
      n1: 1756 0x6251FC9: ??? (in /usr/lib/x86_64-linux-gnu/libcrypto.so.3)
       n1: 1756 0x6330F6B: ??? (in /usr/lib/x86_64-linux-gnu/libcrypto.so.3)
        n1: 1756 0x62336C2: EVP_RAND_fetch (in /usr/lib/x86_64-linux-gnu/libcrypto.so.3)
         n1: 1756 0x6285CDB: RAND_get0_primary (in /usr/lib/x86_64-linux-gnu/libcrypto.so.3)
          n1: 1756 0x6285EF6: RAND_status (in /usr/lib/x86_64-linux-gnu/libcrypto.so.3)
           n1: 1756 0x5C962CF: OQS_randombytes_openssl (in /home/anss/random/bench/install/lib/liboqs.so.0.15.0)
            n1: 1756 0x4AAB6AB: PQCLEAN_HQC128_CLEAN_hqc_pke_keygen (in /home/anss/random/bench/install/lib/liboqs.so.0.15.0)
             n1: 1756 0x4AABCAC: PQCLEAN_HQC128_CLEAN_crypto_kem_keypair (in /home/anss/random/bench/install/lib/liboqs.so.0.15.0)
              n1: 1756 0x4AA8EFA: OQS_KEM_hqc_128_keypair (in /home/anss/random/bench/install/lib/liboqs.so.0.15.0)
               n0: 1756 0x1092FB: main (in /home/anss/random/bench/mem_kem)
      n0: 329 in 1 place, below massif's threshold (1.00%)
   n1: 1266 0x62522C7: ??? (in /usr/lib/x86_64-linux-gnu/libcrypto.so.3)
    n0: 1266 in 2 places, all below massif's threshold (1.00%)
  n0: 9 in 1 place, below massif's threshold (1.00%)
 n0: 2305 0x109277: main (in /home/anss/random/bench/mem_kem)
 n0: 2249 0x109263: main (in /home/anss/random/bench/mem_kem)
 n0: 1053 in 18 places, all below massif's threshold (1.00%)
#-----------
snapshot=29
#-----------
time=5303298
mem_heap_B=82199
mem_heap_extra_B=39777
mem_stacks_B=0
heap_tree=empty
#-----------
snapshot=30
#-----------
time=5496782
mem_heap_B=82434
mem_heap_extra_B=39926
mem_stacks_B=0
heap_tree=empty
#-----------
snapshot=31
#-----------
time=5620992
mem_heap_B=83313
mem_heap_extra_B=40575
mem_stacks_B=0
heap_tree=detailed
n9: 83313 (heap allocation functions) malloc/new/new[], --alloc-fns, etc.
 n4: 45000 0x6248625: OPENSSL_LH_insert (in /usr/lib/x86_64-linux-gnu/libcrypto.so.3)
  n2: 33912 0x6339B72: ??? (in /usr/lib/x86_64-linux-gnu/libcrypto.so.3)
   n9: 31944 0x6206BEF: ERR_load_strings_const (in /usr/lib/x86_64-linux-gnu/libcrypto.so.3)
    n0: 13920 in 25 places, all below massif's threshold (1.00%)
    n1: 2952 0x625972B: ??? (in /usr/lib/x86_64-linux-gnu/libcrypto.so.3)
     n1: 2952 0x5F0BEE7: __pthread_once_slow (pthread_once.c:116)
      n1: 2952 0x625E1EC: CRYPTO_THREAD_run_once (in /usr/lib/x86_64-linux-gnu/libcrypto.so.3)
       n1: 2952 0x625AEE2: OPENSSL_init_crypto (in /usr/lib/x86_64-linux-gnu/libcrypto.so.3)
        n1: 2952 0x6208686: ??? (in /usr/lib/x86_64-linux-gnu/libcrypto.so.3)
         n1: 2952 0x620904C: ERR_set_mark (in /usr/lib/x86_64-linux-gnu/libcrypto.so.3)
          n1: 2952 0x61B5451: CONF_modules_load_file_ex (in /usr/lib/x86_64-linux-gnu/libcrypto.so.3)
           n1: 2952 0x625A6EF: ??? (in /usr/lib/x86_64-linux-gnu/libcrypto.so.3)
            n1: 2952 0x5F0BEE7: __pthread_once_slow (pthread_once.c:116)
             n1: 2952 0x625E1EC: CRYPTO_THREAD_run_once (in /usr/lib/x86_64-linux-gnu/libcrypto.so.3)
              n1: 2952 0x625B155: OPENSSL_init_crypto (in /usr/lib/x86_64-linux-gnu/libcrypto.so.3)
               n1: 2952 0x63307AC: ??? (in /usr/lib/x86_64-linux-gnu/libcrypto.so.3)
                n1: 2952 0x62853A4: RAND_get_rand_method (in /usr/lib/x86_64-linux-gnu/libcrypto.so.3)
                 n1: 2952 0x6285EC9: RAND_status (in /usr/lib/x86_64-linux-gnu/libcrypto.so.3)
                  n1: 2952 0x5C962CF: OQS_randombytes_openssl (in /home/anss/random/bench/install/lib/liboqs.so.0.15.0)
                   n1: 2952 0x4AAB6AB: PQCLEAN_HQC128_CLEAN_hqc_pke_keygen (in /home/anss/random/bench/install/lib/liboqs.so.0.15.0)
                    n1: 2952 0x4AABCAC: PQCLEAN_HQC128_CLEAN_crypto_kem_keypair (in /home/anss/random/bench/install/lib/liboqs.so.0.15.0)
                     n1: 2952 0x4AA8EFA: OQS_KEM_hqc_128_keypair (in /home/anss/random/bench/install/lib/liboqs.so.0.15.0)
                      n0: 2952 0x1092FB: main (in /home/anss/random/bench/mem_kem)
    n1: 2760 0x6259801: ??? (in /usr/lib/x86_64-linux-gnu/libcrypto.so.3)
     n1: 2760 0x5F0BEE7: __pthread_once_slow (pthread_once.c:116)
      n1: 2760 0x625E1EC: CRYPTO_THREAD_run_once (in /usr/lib/x86_64-linux-gnu/libcrypto.so.3)
       n1: 2760 0x625AEE2: OPENSSL_init_crypto (in /usr/lib/x86_64-linux-gnu/libcrypto.so.3)
        n1: 2760 0x6208686: ??? (in /usr/lib/x86_64-linux-gnu/libcrypto.so.3)
         n1: 2760 0x620904C: ERR_set_mark (in /usr/lib/x86_64-linux-gnu/libcrypto.so.3)
          n1: 2760 0x61B5451: CONF_modules_load_file_ex (in /usr/lib/x86_64-linux-gnu/libcrypto.so.3)
           n1: 2760 0x625A6EF: ??? (in /usr/lib/x86_64-linux-gnu/libcrypto.so.3)
            n1: 2760 0x5F0BEE7: __pthread_once_slow (pthread_once.c:116)
             n1: 2760 0x625E1EC: CRYPTO_THREAD_run_once (in /usr/lib/x86_64-linux-gnu/libcrypto.so.3)
              n1: 2760 0x625B155: OPENSSL_init_crypto (in /usr/lib/x86_64-linux-gnu/libcrypto.so.3)
               n1: 2760 0x63307AC: ??? (in /usr/lib/x86_64-linux-gnu/libcrypto.so.3)
                n1: 2760 0x62853A4: RAND_get_rand_method (in /usr/lib/x86_64-linux-gnu/libcrypto.so.3)
                 n1: 2760 0x6285EC9: RAND_status (in /usr/lib/x86_64-linux-gnu/libcrypto.so.3)
                  n1: 2760 0x5C962CF: OQS_randombytes_openssl (in /home/anss/random/bench/install/lib/liboqs.so.0.15.0)
                   n1: 2760 0x4AAB6AB: PQCLEAN_HQC128_CLEAN_hqc_pke_keygen (in /home/anss/random/bench/install/lib/liboqs.so.0.15.0)
                    n1: 2760 0x4AABCAC: PQCLEAN_HQC128_CLEAN_crypto_kem_keypair (in /home/anss/random/bench/install/lib/liboqs.so.0.15.0)
                     n1: 2760 0x4AA8EFA: OQS_KEM_hqc_128_keypair (in /home/anss/random/bench/install/lib/liboqs.so.0.15.0)
                      n0: 2760 0x1092FB: main (in /home/anss/random/bench/mem_kem)
    n1: 2616 0x625979B: ??? (in /usr/lib/x86_64-linux-gnu/libcrypto.so.3)
     n1: 2616 0x5F0BEE7: __pthread_once_slow (pthread_once.c:116)
      n1: 2616 0x625E1EC: CRYPTO_THREAD_run_once (in /usr/lib/x86_64-linux-gnu/libcrypto.so.3)
       n1: 2616 0x625AEE2: OPENSSL_init_crypto (in /usr/lib/x86_64-linux-gnu/libcrypto.so.3)
        n1: 2616 0x6208686: ??? (in /usr/lib/x86_64-linux-gnu/libcrypto.so.3)
         n1: 2616 0x620904C: ERR_set_mark (in /usr/lib/x86_64-linux-gnu/libcrypto.so.3)
          n1: 2616 0x61B5451: CONF_modules_load_file_ex (in /usr/lib/x86_64-linux-gnu/libcrypto.so.3)
           n1: 2616 0x625A6EF: ??? (in /usr/lib/x86_64-linux-gnu/libcrypto.so.3)
            n1: 2616 0x5F0BEE7: __pthread_once_slow (pthread_once.c:116)
             n1: 2616 0x625E1EC: CRYPTO_THREAD_run_once (in /usr/lib/x86_64-linux-gnu/libcrypto.so.3)
              n1: 2616 0x625B155: OPENSSL_init_crypto (in /usr/lib/x86_64-linux-gnu/libcrypto.so.3)
               n1: 2616 0x63307AC: ??? (in /usr/lib/x86_64-linux-gnu/libcrypto.so.3)
                n1: 2616 0x62853A4: RAND_get_rand_method (in /usr/lib/x86_64-linux-gnu/libcrypto.so.3)
                 n1: 2616 0x6285EC9: RAND_status (in /usr/lib/x86_64-linux-gnu/libcrypto.so.3)
                  n1: 2616 0x5C962CF: OQS_randombytes_openssl (in /home/anss/random/bench/install/lib/liboqs.so.0.15.0)
                   n1: 2616 0x4AAB6AB: PQCLEAN_HQC128_CLEAN_hqc_pke_keygen (in /home/anss/random/bench/install/lib/liboqs.so.0.15.0)
                    n1: 2616 0x4AABCAC: PQCLEAN_HQC128_CLEAN_crypto_kem_keypair (in /home/anss/random/bench/install/lib/liboqs.so.0.15.0)
                     n1: 2616 0x4AA8EFA: OQS_KEM_hqc_128_keypair (in /home/anss/random/bench/install/lib/liboqs.so.0.15.0)
                      n0: 2616 0x1092FB: main (in /home/anss/random/bench/mem_kem)
    n1: 2304 0x6259845: ??? (in /usr/lib/x86_64-linux-gnu/libcrypto.so.3)
     n1: 2304 0x5F0BEE7: __pthread_once_slow (pthread_once.c:116)
      n1: 2304 0x625E1EC: CRYPTO_THREAD_run_once (in /usr/lib/x86_64-linux-gnu/libcrypto.so.3)
       n1: 2304 0x625AEE2: OPENSSL_init_crypto (in /usr/lib/x86_64-linux-gnu/libcrypto.so.3)
        n1: 2304 0x6208686: ??? (in /usr/lib/x86_64-linux-gnu/libcrypto.so.3)
         n1: 2304 0x620904C: ERR_set_mark (in /usr/lib/x86_64-linux-gnu/libcrypto.so.3)
          n1: 2304 0x61B5451: CONF_modules_load_file_ex (in /usr/lib/x86_64-linux-gnu/libcrypto.so.3)
           n1: 2304 0x625A6EF: ??? (in /usr/lib/x86_64-linux-gnu/libcrypto.so.3)
            n1: 2304 0x5F0BEE7: __pthread_once_slow (pthread_once.c:116)
             n1: 2304 0x625E1EC: CRYPTO_THREAD_run_once (in /usr/lib/x86_64-linux-gnu/libcrypto.so.3)
              n1: 2304 0x625B155: OPENSSL_init_crypto (in /usr/lib/x86_64-linux-gnu/libcrypto.so.3)
               n1: 2304 0x63307AC: ??? (in /usr/lib/x86_64-linux-gnu/libcrypto.so.3)
                n1: 2304 0x62853A4: RAND_get_rand_method (in /usr/lib/x86_64-linux-gnu/libcrypto.so.3)
                 n1: 2304 0x6285EC9: RAND_status (in /usr/lib/x86_64-linux-gnu/libcrypto.so.3)
                  n1: 2304 0x5C962CF: OQS_randombytes_openssl (in /home/anss/random/bench/install/lib/liboqs.so.0.15.0)
                   n1: 2304 0x4AAB6AB: PQCLEAN_HQC128_CLEAN_hqc_pke_keygen (in /home/anss/random/bench/install/lib/liboqs.so.0.15.0)
                    n1: 2304 0x4AABCAC: PQCLEAN_HQC128_CLEAN_crypto_kem_keypair (in /home/anss/random/bench/install/lib/liboqs.so.0.15.0)
                     n1: 2304 0x4AA8EFA: OQS_KEM_hqc_128_keypair (in /home/anss/random/bench/install/lib/liboqs.so.0.15.0)
                      n0: 2304 0x1092FB: main (in /home/anss/random/bench/mem_kem)
    n1: 2016 0x6259823: ??? (in /usr/lib/x86_64-linux-gnu/libcrypto.so.3)
     n1: 2016 0x5F0BEE7: __pthread_once_slow (pthread_once.c:116)
      n1: 2016 0x625E1EC: CRYPTO_THREAD_run_once (in /usr/lib/x86_64-linux-gnu/libcrypto.so.3)
       n1: 2016 0x625AEE2: OPENSSL_init_crypto (in /usr/lib/x86_64-linux-gnu/libcrypto.so.3)
        n1: 2016 0x6208686: ??? (in /usr/lib/x86_64-linux-gnu/libcrypto.so.3)
         n1: 2016 0x620904C: ERR_set_mark (in /usr/lib/x86_64-linux-gnu/libcrypto.so.3)
          n1: 2016 0x61B5451: CONF_modules_load_file_ex (in /usr/lib/x86_64-linux-gnu/libcrypto.so.3)
           n1: 2016 0x625A6EF: ??? (in /usr/lib/x86_64-linux-gnu/libcrypto.so.3)
            n1: 2016 0x5F0BEE7: __pthread_once_slow (pthread_once.c:116)
             n1: 2016 0x625E1EC: CRYPTO_THREAD_run_once (in /usr/lib/x86_64-linux-gnu/libcrypto.so.3)
              n1: 2016 0x625B155: OPENSSL_init_crypto (in /usr/lib/x86_64-linux-gnu/libcrypto.so.3)
               n1: 2016 0x63307AC: ??? (in /usr/lib/x86_64-linux-gnu/libcrypto.so.3)
                n1: 2016 0x62853A4: RAND_get_rand_method (in /usr/lib/x86_64-linux-gnu/libcrypto.so.3)
                 n1: 2016 0x6285EC9: RAND_status (in /usr/lib/x86_64-linux-gnu/libcrypto.so.3)
                  n1: 2016 0x5C962CF: OQS_randombytes_openssl (in /home/anss/random/bench/install/lib/liboqs.so.0.15.0)
                   n1: 2016 0x4AAB6AB: PQCLEAN_HQC128_CLEAN_hqc_pke_keygen (in /home/anss/random/bench/install/lib/liboqs.so.0.15.0)
                    n1: 2016 0x4AABCAC: PQCLEAN_HQC128_CLEAN_crypto_kem_keypair (in /home/anss/random/bench/install/lib/liboqs.so.0.15.0)
                     n1: 2016 0x4AA8EFA: OQS_KEM_hqc_128_keypair (in /home/anss/random/bench/install/lib/liboqs.so.0.15.0)
                      n0: 2016 0x1092FB: main (in /home/anss/random/bench/mem_kem)
    n1: 1968 0x6259783: ??? (in /usr/lib/x86_64-linux-gnu/libcrypto.so.3)
     n1: 1968 0x5F0BEE7: __pthread_once_slow (pthread_once.c:116)
      n1: 1968 0x625E1EC: CRYPTO_THREAD_run_once (in /usr/lib/x86_64-linux-gnu/libcrypto.so.3)
       n1: 1968 0x625AEE2: OPENSSL_init_crypto (in /usr/lib/x86_64-linux-gnu/libcrypto.so.3)
        n1: 1968 0x6208686: ??? (in /usr/lib/x86_64-linux-gnu/libcrypto.so.3)
         n1: 1968 0x620904C: ERR_set_mark (in /usr/lib/x86_64-linux-gnu/libcrypto.so.3)
          n1: 1968 0x61B5451: CONF_modules_load_file_ex (in /usr/lib/x86_64-linux-gnu/libcrypto.so.3)
           n1: 1968 0x625A6EF: ??? (in /usr/lib/x86_64-linux-gnu/libcrypto.so.3)
            n1: 1968 0x5F0BEE7: __pthread_once_slow (pthread_once.c:116)
             n1: 1968 0x625E1EC: CRYPTO_THREAD_run_once (in /usr/lib/x86_64-linux-gnu/libcrypto.so.3)
              n1: 1968 0x625B155: OPENSSL_init_crypto (in /usr/lib/x86_64-linux-gnu/libcrypto.so.3)
               n1: 1968 0x63307AC: ??? (in /usr/lib/x86_64-linux-gnu/libcrypto.so.3)
                n1: 1968 0x62853A4: RAND_get_rand_method (in /usr/lib/x86_64-linux-gnu/libcrypto.so.3)
                 n1: 1968 0x6285EC9: RAND_status (in /usr/lib/x86_64-linux-gnu/libcrypto.so.3)
                  n1: 1968 0x5C962CF: OQS_randombytes_openssl (in /home/anss/random/bench/install/lib/liboqs.so.0.15.0)
                   n1: 1968 0x4AAB6AB: PQCLEAN_HQC128_CLEAN_hqc_pke_keygen (in /home/anss/random/bench/install/lib/liboqs.so.0.15.0)
                    n1: 1968 0x4AABCAC: PQCLEAN_HQC128_CLEAN_crypto_kem_keypair (in /home/anss/random/bench/install/lib/liboqs.so.0.15.0)
                     n1: 1968 0x4AA8EFA: OQS_KEM_hqc_128_keypair (in /home/anss/random/bench/install/lib/liboqs.so.0.15.0)
                      n0: 1968 0x1092FB: main (in /home/anss/random/bench/mem_kem)
    n1: 1776 0x62598CD: ??? (in /usr/lib/x86_64-linux-gnu/libcrypto.so.3)
     n1: 1776 0x5F0BEE7: __pthread_once_slow (pthread_once.c:116)
      n1: 1776 0x625E1EC: CRYPTO_THREAD_run_once (in /usr/lib/x86_64-linux-gnu/libcrypto.so.3)
       n1: 1776 0x625AEE2: OPENSSL_init_crypto (in /usr/lib/x86_64-linux-gnu/libcrypto.so.3)
        n1: 1776 0x6208686: ??? (in /usr/lib/x86_64-linux-gnu/libcrypto.so.3)
         n1: 1776 0x620904C: ERR_set_mark (in /usr/lib/x86_64-linux-gnu/libcrypto.so.3)
          n1: 1776 0x61B5451: CONF_modules_load_file_ex (in /usr/lib/x86_64-linux-gnu/libcrypto.so.3)
           n1: 1776 0x625A6EF: ??? (in /usr/lib/x86_64-linux-gnu/libcrypto.so.3)
            n1: 1776 0x5F0BEE7: __pthread_once_slow (pthread_once.c:116)
             n1: 1776 0x625E1EC: CRYPTO_THREAD_run_once (in /usr/lib/x86_64-linux-gnu/libcrypto.so.3)
              n1: 1776 0x625B155: OPENSSL_init_crypto (in /usr/lib/x86_64-linux-gnu/libcrypto.so.3)
               n1: 1776 0x63307AC: ??? (in /usr/lib/x86_64-linux-gnu/libcrypto.so.3)
                n1: 1776 0x62853A4: RAND_get_rand_method (in /usr/lib/x86_64-linux-gnu/libcrypto.so.3)
                 n1: 1776 0x6285EC9: RAND_status (in /usr/lib/x86_64-linux-gnu/libcrypto.so.3)
                  n1: 1776 0x5C962CF: OQS_randombytes_openssl (in /home/anss/random/bench/install/lib/liboqs.so.0.15.0)
                   n1: 1776 0x4AAB6AB: PQCLEAN_HQC128_CLEAN_hqc_pke_keygen (in /home/anss/random/bench/install/lib/liboqs.so.0.15.0)
                    n1: 1776 0x4AABCAC: PQCLEAN_HQC128_CLEAN_crypto_kem_keypair (in /home/anss/random/bench/install/lib/liboqs.so.0.15.0)
                     n1: 1776 0x4AA8EFA: OQS_KEM_hqc_128_keypair (in /home/anss/random/bench/install/lib/liboqs.so.0.15.0)
                      n0: 1776 0x1092FB: main (in /home/anss/random/bench/mem_kem)
    n1: 1632 0x625989A: ??? (in /usr/lib/x86_64-linux-gnu/libcrypto.so.3)
     n1: 1632 0x5F0BEE7: __pthread_once_slow (pthread_once.c:116)
      n1: 1632 0x625E1EC: CRYPTO_THREAD_run_once (in /usr/lib/x86_64-linux-gnu/libcrypto.so.3)
       n1: 1632 0x625AEE2: OPENSSL_init_crypto (in /usr/lib/x86_64-linux-gnu/libcrypto.so.3)
        n1: 1632 0x6208686: ??? (in /usr/lib/x86_64-linux-gnu/libcrypto.so.3)
         n1: 1632 0x620904C: ERR_set_mark (in /usr/lib/x86_64-linux-gnu/libcrypto.so.3)
          n1: 1632 0x61B5451: CONF_modules_load_file_ex (in /usr/lib/x86_64-linux-gnu/libcrypto.so.3)
           n1: 1632 0x625A6EF: ??? (in /usr/lib/x86_64-linux-gnu/libcrypto.so.3)
            n1: 1632 0x5F0BEE7: __pthread_once_slow (pthread_once.c:116)
             n1: 1632 0x625E1EC: CRYPTO_THREAD_run_once (in /usr/lib/x86_64-linux-gnu/libcrypto.so.3)
              n1: 1632 0x625B155: OPENSSL_init_crypto (in /usr/lib/x86_64-linux-gnu/libcrypto.so.3)
               n1: 1632 0x63307AC: ??? (in /usr/lib/x86_64-linux-gnu/libcrypto.so.3)
                n1: 1632 0x62853A4: RAND_get_rand_method (in /usr/lib/x86_64-linux-gnu/libcrypto.so.3)
                 n1: 1632 0x6285EC9: RAND_status (in /usr/lib/x86_64-linux-gnu/libcrypto.so.3)
                  n1: 1632 0x5C962CF: OQS_randombytes_openssl (in /home/anss/random/bench/install/lib/liboqs.so.0.15.0)
                   n1: 1632 0x4AAB6AB: PQCLEAN_HQC128_CLEAN_hqc_pke_keygen (in /home/anss/random/bench/install/lib/liboqs.so.0.15.0)
                    n1: 1632 0x4AABCAC: PQCLEAN_HQC128_CLEAN_crypto_kem_keypair (in /home/anss/random/bench/install/lib/liboqs.so.0.15.0)
                     n1: 1632 0x4AA8EFA: OQS_KEM_hqc_128_keypair (in /home/anss/random/bench/install/lib/liboqs.so.0.15.0)
                      n0: 1632 0x1092FB: main (in /home/anss/random/bench/mem_kem)
   n0: 1968 in 2 places, all below massif's threshold (1.00%)
  n2: 5472 0x62559E2: ??? (in /usr/lib/x86_64-linux-gnu/libcrypto.so.3)
   n2: 2904 0x62522C7: ??? (in /usr/lib/x86_64-linux-gnu/libcrypto.so.3)
    n2: 2592 0x62523A9: ??? (in /usr/lib/x86_64-linux-gnu/libcrypto.so.3)
     n1: 2472 0x6248926: OPENSSL_LH_doall_arg (in /usr/lib/x86_64-linux-gnu/libcrypto.so.3)
      n2: 2472 0x626985A: OBJ_NAME_do_all (in /usr/lib/x86_64-linux-gnu/libcrypto.so.3)
       n1: 1968 0x6251FC9: ??? (in /usr/lib/x86_64-linux-gnu/libcrypto.so.3)
        n1: 1968 0x6330F6B: ??? (in /usr/lib/x86_64-linux-gnu/libcrypto.so.3)
         n1: 1968 0x62336C2: EVP_RAND_fetch (in /usr/lib/x86_64-linux-gnu/libcrypto.so.3)
          n1: 1968 0x6285CDB: RAND_get0_primary (in /usr/lib/x86_64-linux-gnu/libcrypto.so.3)
           n1: 1968 0x6285EF6: RAND_status (in /usr/lib/x86_64-linux-gnu/libcrypto.so.3)
            n1: 1968 0x5C962CF: OQS_randombytes_openssl (in /home/anss/random/bench/install/lib/liboqs.so.0.15.0)
             n1: 1968 0x4AAB6AB: PQCLEAN_HQC128_CLEAN_hqc_pke_keygen (in /home/anss/random/bench/install/lib/liboqs.so.0.15.0)
              n1: 1968 0x4AABCAC: PQCLEAN_HQC128_CLEAN_crypto_kem_keypair (in /home/anss/random/bench/install/lib/liboqs.so.0.15.0)
               n1: 1968 0x4AA8EFA: OQS_KEM_hqc_128_keypair (in /home/anss/random/bench/install/lib/liboqs.so.0.15.0)
                n0: 1968 0x1092FB: main (in /home/anss/random/bench/mem_kem)
       n0: 504 in 1 place, below massif's threshold (1.00%)
     n0: 120 in 2 places, all below massif's threshold (1.00%)
    n0: 312 in 4 places, all below massif's threshold (1.00%)
   n2: 2568 0x6252460: ??? (in /usr/lib/x86_64-linux-gnu/libcrypto.so.3)
    n1: 2448 0x6248926: OPENSSL_LH_doall_arg (in /usr/lib/x86_64-linux-gnu/libcrypto.so.3)
     n2: 2448 0x626985A: OBJ_NAME_do_all (in /usr/lib/x86_64-linux-gnu/libcrypto.so.3)
      n1: 1968 0x6251FC9: ??? (in /usr/lib/x86_64-linux-gnu/libcrypto.so.3)
       n1: 1968 0x6330F6B: ??? (in /usr/lib/x86_64-linux-gnu/libcrypto.so.3)
        n1: 1968 0x62336C2: EVP_RAND_fetch (in /usr/lib/x86_64-linux-gnu/libcrypto.so.3)
         n1: 1968 0x6285CDB: RAND_get0_primary (in /usr/lib/x86_64-linux-gnu/libcrypto.so.3)
          n1: 1968 0x6285EF6: RAND_status (in /usr/lib/x86_64-linux-gnu/libcrypto.so.3)
           n1: 1968 0x5C962CF: OQS_randombytes_openssl (in /home/anss/random/bench/install/lib/liboqs.so.0.15.0)
            n1: 1968 0x4AAB6AB: PQCLEAN_HQC128_CLEAN_hqc_pke_keygen (in /home/anss/random/bench/install/lib/liboqs.so.0.15.0)
             n1: 1968 0x4AABCAC: PQCLEAN_HQC128_CLEAN_crypto_kem_keypair (in /home/anss/random/bench/install/lib/liboqs.so.0.15.0)
              n1: 1968 0x4AA8EFA: OQS_KEM_hqc_128_keypair (in /home/anss/random/bench/install/lib/liboqs.so.0.15.0)
               n0: 1968 0x1092FB: main (in /home/anss/random/bench/mem_kem)
      n0: 480 in 1 place, below massif's threshold (1.00%)
    n0: 120 in 2 places, all below massif's threshold (1.00%)
  n2: 5424 0x626961A: OBJ_NAME_add (in /usr/lib/x86_64-linux-gnu/libcrypto.so.3)
   n1: 3264 0x623BB24: EVP_add_cipher (in /usr/lib/x86_64-linux-gnu/libcrypto.so.3)
    n0: 3264 in 136 places, all below massif's threshold (1.00%)
   n0: 2160 in 56 places, all below massif's threshold (1.00%)
  n0: 192 in 3 places, all below massif's threshold (1.00%)
 n2: 10240 0x62485D3: OPENSSL_LH_insert (in /usr/lib/x86_64-linux-gnu/libcrypto.so.3)
  n2: 8192 0x6339B72: ??? (in /usr/lib/x86_64-linux-gnu/libcrypto.so.3)
   n2: 8192 0x6206BEF: ERR_load_strings_const (in /usr/lib/x86_64-linux-gnu/libcrypto.so.3)
    n1: 8192 0x62598DE: ??? (in /usr/lib/x86_64-linux-gnu/libcrypto.so.3)
     n1: 8192 0x5F0BEE7: __pthread_once_slow (pthread_once.c:116)
      n1: 8192 0x625E1EC: CRYPTO_THREAD_run_once (in /usr/lib/x86_64-linux-gnu/libcrypto.so.3)
       n1: 8192 0x625AEE2: OPENSSL_init_crypto (in /usr/lib/x86_64-linux-gnu/libcrypto.so.3)
        n1: 8192 0x6208686: ??? (in /usr/lib/x86_64-linux-gnu/libcrypto.so.3)
         n1: 8192 0x620904C: ERR_set_mark (in /usr/lib/x86_64-linux-gnu/libcrypto.so.3)
          n1: 8192 0x61B5451: CONF_modules_load_file_ex (in /usr/lib/x86_64-linux-gnu/libcrypto.so.3)
           n1: 8192 0x625A6EF: ??? (in /usr/lib/x86_64-linux-gnu/libcrypto.so.3)
            n1: 8192 0x5F0BEE7: __pthread_once_slow (pthread_once.c:116)
             n1: 8192 0x625E1EC: CRYPTO_THREAD_run_once (in /usr/lib/x86_64-linux-gnu/libcrypto.so.3)
              n1: 8192 0x625B155: OPENSSL_init_crypto (in /usr/lib/x86_64-linux-gnu/libcrypto.so.3)
               n1: 8192 0x63307AC: ??? (in /usr/lib/x86_64-linux-gnu/libcrypto.so.3)
                n1: 8192 0x62853A4: RAND_get_rand_method (in /usr/lib/x86_64-linux-gnu/libcrypto.so.3)
                 n1: 8192 0x6285EC9: RAND_status (in /usr/lib/x86_64-linux-gnu/libcrypto.so.3)
                  n1: 8192 0x5C962CF: OQS_randombytes_openssl (in /home/anss/random/bench/install/lib/liboqs.so.0.15.0)
                   n1: 8192 0x4AAB6AB: PQCLEAN_HQC128_CLEAN_hqc_pke_keygen (in /home/anss/random/bench/install/lib/liboqs.so.0.15.0)
                    n1: 8192 0x4AABCAC: PQCLEAN_HQC128_CLEAN_crypto_kem_keypair (in /home/anss/random/bench/install/lib/liboqs.so.0.15.0)
                     n1: 8192 0x4AA8EFA: OQS_KEM_hqc_128_keypair (in /home/anss/random/bench/install/lib/liboqs.so.0.15.0)
                      n0: 8192 0x1092FB: main (in /home/anss/random/bench/mem_kem)
    n0: 0 in 3 places, all below massif's threshold (1.00%)
   n0: 0 in 2 places, all below massif's threshold (1.00%)
  n0: 2048 in 3 places, all below massif's threshold (1.00%)
 n3: 8888 0x6252C3D: CRYPTO_zalloc (in /usr/lib/x86_64-linux-gnu/libcrypto.so.3)
  n2: 3648 0x62559A6: ??? (in /usr/lib/x86_64-linux-gnu/libcrypto.so.3)
   n2: 1936 0x62522C7: ??? (in /usr/lib/x86_64-linux-gnu/libcrypto.so.3)
    n2: 1728 0x62523A9: ??? (in /usr/lib/x86_64-linux-gnu/libcrypto.so.3)
     n1: 1648 0x6248926: OPENSSL_LH_doall_arg (in /usr/lib/x86_64-linux-gnu/libcrypto.so.3)
      n2: 1648 0x626985A: OBJ_NAME_do_all (in /usr/lib/x86_64-linux-gnu/libcrypto.so.3)
       n1: 1312 0x6251FC9: ??? (in /usr/lib/x86_64-linux-gnu/libcrypto.so.3)
        n1: 1312 0x6330F6B: ??? (in /usr/lib/x86_64-linux-gnu/libcrypto.so.3)
         n1: 1312 0x62336C2: EVP_RAND_fetch (in /usr/lib/x86_64-linux-gnu/libcrypto.so.3)
          n1: 1312 0x6285CDB: RAND_get0_primary (in /usr/lib/x86_64-linux-gnu/libcrypto.so.3)
           n1: 1312 0x6285EF6: RAND_status (in /usr/lib/x86_64-linux-gnu/libcrypto.so.3)
            n1: 1312 0x5C962CF: OQS_randombytes_openssl (in /home/anss/random/bench/install/lib/liboqs.so.0.15.0)
             n1: 1312 0x4AAB6AB: PQCLEAN_HQC128_CLEAN_hqc_pke_keygen (in /home/anss/random/bench/install/lib/liboqs.so.0.15.0)
              n1: 1312 0x4AABCAC: PQCLEAN_HQC128_CLEAN_crypto_kem_keypair (in /home/anss/random/bench/install/lib/liboqs.so.0.15.0)
               n1: 1312 0x4AA8EFA: OQS_KEM_hqc_128_keypair (in /home/anss/random/bench/install/lib/liboqs.so.0.15.0)
                n0: 1312 0x1092FB: main (in /home/anss/random/bench/mem_kem)
       n0: 336 in 1 place, below massif's threshold (1.00%)
     n0: 80 in 2 places, all below massif's threshold (1.00%)
    n0: 208 in 4 places, all below massif's threshold (1.00%)
   n2: 1712 0x6252460: ??? (in /usr/lib/x86_64-linux-gnu/libcrypto.so.3)
    n1: 1632 0x6248926: OPENSSL_LH_doall_arg (in /usr/lib/x86_64-linux-gnu/libcrypto.so.3)
     n2: 1632 0x626985A: OBJ_NAME_do_all (in /usr/lib/x86_64-linux-gnu/libcrypto.so.3)
      n1: 1312 0x6251FC9: ??? (in /usr/lib/x86_64-linux-gnu/libcrypto.so.3)
       n1: 1312 0x6330F6B: ??? (in /usr/lib/x86_64-linux-gnu/libcrypto.so.3)
        n1: 1312 0x62336C2: EVP_RAND_fetch (in /usr/lib/x86_64-linux-gnu/libcrypto.so.3)
         n1: 1312 0x6285CDB: RAND_get0_primary (in /usr/lib/x86_64-linux-gnu/libcrypto.so.3)
          n1: 1312 0x6285EF6: RAND_status (in /usr/lib/x86_64-linux-gnu/libcrypto.so.3)
           n1: 1312 0x5C962CF: OQS_randombytes_openssl (in /home/anss/random/bench/install/lib/liboqs.so.0.15.0)
            n1: 1312 0x4AAB6AB: PQCLEAN_HQC128_CLEAN_hqc_pke_keygen (in /home/anss/random/bench/install/lib/liboqs.so.0.15.0)
             n1: 1312 0x4AABCAC: PQCLEAN_HQC128_CLEAN_crypto_kem_keypair (in /home/anss/random/bench/install/lib/liboqs.so.0.15.0)
              n1: 1312 0x4AA8EFA: OQS_KEM_hqc_128_keypair (in /home/anss/random/bench/install/lib/liboqs.so.0.15.0)
               n0: 1312 0x1092FB: main (in /home/anss/random/bench/mem_kem)
      n0: 320 in 1 place, below massif's threshold (1.00%)
    n0: 80 in 2 places, all below massif's threshold (1.00%)
  n0: 3392 in 18 places, all below massif's threshold (1.00%)
  n1: 1848 0x625E073: CRYPTO_THREAD_lock_new (in /usr/lib/x86_64-linux-gnu/libcrypto.so.3)
   n0: 1848 in 16 places, all below massif's threshold (1.00%)
 n1: 5424 0x62695D8: OBJ_NAME_add (in /usr/lib/x86_64-linux-gnu/libcrypto.so.3)
  n0: 5424 in 208 places, all below massif's threshold (1.00%)
 n0: 4433 0x10928B: main (in /home/anss/random/bench/mem_kem)
 n2: 3721 0x6253C72: CRYPTO_strndup (in /usr/lib/x86_64-linux-gnu/libcrypto.so.3)
  n2: 3707 0x62559C1: ??? (in /usr/lib/x86_64-linux-gnu/libcrypto.so.3)
   n2: 2270 0x6252460: ??? (in /usr/lib/x86_64-linux-gnu/libcrypto.so.3)
    n1: 2190 0x6248926: OPENSSL_LH_doall_arg (in /usr/lib/x86_64-linux-gnu/libcrypto.so.3)
     n2: 2190 0x626985A: OBJ_NAME_do_all (in /usr/lib/x86_64-linux-gnu/libcrypto.so.3)
      n1: 1756 0x6251FC9: ??? (in /usr/lib/x86_64-linux-gnu/libcrypto.so.3)
       n1: 1756 0x6330F6B: ??? (in /usr/lib/x86_64-linux-gnu/libcrypto.so.3)
        n1: 1756 0x62336C2: EVP_RAND_fetch (in /usr/lib/x86_64-linux-gnu/libcrypto.so.3)
         n1: 1756 0x6285CDB: RAND_get0_primary (in /usr/lib/x86_64-linux-gnu/libcrypto.so.3)
          n1: 1756 0x6285EF6: RAND_status (in /usr/lib/x86_64-linux-gnu/libcrypto.so.3)
           n1: 1756 0x5C962CF: OQS_randombytes_openssl (in /home/anss/random/bench/install/lib/liboqs.so.0.15.0)
            n1: 1756 0x4AAB6AB: PQCLEAN_HQC128_CLEAN_hqc_pke_keygen (in /home/anss/random/bench/install/lib/liboqs.so.0.15.0)
             n1: 1756 0x4AABCAC: PQCLEAN_HQC128_CLEAN_crypto_kem_keypair (in /home/anss/random/bench/install/lib/liboqs.so.0.15.0)
              n1: 1756 0x4AA8EFA: OQS_KEM_hqc_128_keypair (in /home/anss/random/bench/install/lib/liboqs.so.0.15.0)
               n0: 1756 0x1092FB: main (in /home/anss/random/bench/mem_kem)
      n0: 434 in 1 place, below massif's threshold (1.00%)
    n0: 80 in 2 places, all below massif's threshold (1.00%)
   n2: 1437 0x62522C7: ??? (in /usr/lib/x86_64-linux-gnu/libcrypto.so.3)
    n1: 1295 0x62523A9: ??? (in /usr/lib/x86_64-linux-gnu/libcrypto.so.3)
     n0: 1295 in 3 places, all below massif's threshold (1.00%)
    n0: 142 in 4 places, all below massif's threshold (1.00%)
  n0: 14 in 1 place, below massif's threshold (1.00%)
 n0: 2305 0x109277: main (in /home/anss/random/bench/mem_kem)
 n0: 2249 0x109263: main (in /home/anss/random/bench/mem_kem)
 n0: 1053 in 18 places, all below massif's threshold (1.00%)
#-----------
snapshot=32
#-----------
time=5772465
mem_heap_B=153365
mem_heap_extra_B=42083
mem_stacks_B=0
heap_tree=empty
#-----------
snapshot=33
#-----------
time=5891300
mem_heap_B=192461
mem_heap_extra_B=42947
mem_stacks_B=0
heap_tree=detailed
n7: 192461 (heap allocation functions) malloc/new/new[], --alloc-fns, etc.
 n5: 112960 0x6252C3D: CRYPTO_zalloc (in /usr/lib/x86_64-linux-gnu/libcrypto.so.3)
  n1: 65536 0x625DF52: ??? (in /usr/lib/x86_64-linux-gnu/libcrypto.so.3)
   n1: 65536 0x6284365: ??? (in /usr/lib/x86_64-linux-gnu/libcrypto.so.3)
    n1: 65536 0x6227DB9: ??? (in /usr/lib/x86_64-linux-gnu/libcrypto.so.3)
     n1: 65536 0x6247CFB: ??? (in /usr/lib/x86_64-linux-gnu/libcrypto.so.3)
      n1: 65536 0x6247BBB: ??? (in /usr/lib/x86_64-linux-gnu/libcrypto.so.3)
       n1: 65536 0x62672DA: ??? (in /usr/lib/x86_64-linux-gnu/libcrypto.so.3)
        n1: 65536 0x63309E7: ??? (in /usr/lib/x86_64-linux-gnu/libcrypto.so.3)
         n1: 65536 0x633103D: ??? (in /usr/lib/x86_64-linux-gnu/libcrypto.so.3)
          n1: 65536 0x62336C2: EVP_RAND_fetch (in /usr/lib/x86_64-linux-gnu/libcrypto.so.3)
           n1: 65536 0x6285CDB: RAND_get0_primary (in /usr/lib/x86_64-linux-gnu/libcrypto.so.3)
            n1: 65536 0x6285EF6: RAND_status (in /usr/lib/x86_64-linux-gnu/libcrypto.so.3)
             n1: 65536 0x5C962CF: OQS_randombytes_openssl (in /home/anss/random/bench/install/lib/liboqs.so.0.15.0)
              n1: 65536 0x4AAB6AB: PQCLEAN_HQC128_CLEAN_hqc_pke_keygen (in /home/anss/random/bench/install/lib/liboqs.so.0.15.0)
               n1: 65536 0x4AABCAC: PQCLEAN_HQC128_CLEAN_crypto_kem_keypair (in /home/anss/random/bench/install/lib/liboqs.so.0.15.0)
                n1: 65536 0x4AA8EFA: OQS_KEM_hqc_128_keypair (in /home/anss/random/bench/install/lib/liboqs.so.0.15.0)
                 n0: 65536 0x1092FB: main (in /home/anss/random/bench/mem_kem)
  n1: 32768 0x625DFC4: ??? (in /usr/lib/x86_64-linux-gnu/libcrypto.so.3)
   n1: 32768 0x6284365: ??? (in /usr/lib/x86_64-linux-gnu/libcrypto.so.3)
    n1: 32768 0x6227DB9: ??? (in /usr/lib/x86_64-linux-gnu/libcrypto.so.3)
     n1: 32768 0x6247CFB: ??? (in /usr/lib/x86_64-linux-gnu/libcrypto.so.3)
      n1: 32768 0x6247BBB: ??? (in /usr/lib/x86_64-linux-gnu/libcrypto.so.3)
       n1: 32768 0x62672DA: ??? (in /usr/lib/x86_64-linux-gnu/libcrypto.so.3)
        n1: 32768 0x63309E7: ??? (in /usr/lib/x86_64-linux-gnu/libcrypto.so.3)
         n1: 32768 0x633103D: ??? (in /usr/lib/x86_64-linux-gnu/libcrypto.so.3)
          n1: 32768 0x62336C2: EVP_RAND_fetch (in /usr/lib/x86_64-linux-gnu/libcrypto.so.3)
           n1: 32768 0x6285CDB: RAND_get0_primary (in /usr/lib/x86_64-linux-gnu/libcrypto.so.3)
            n1: 32768 0x6285EF6: RAND_status (in /usr/lib/x86_64-linux-gnu/libcrypto.so.3)
             n1: 32768 0x5C962CF: OQS_randombytes_openssl (in /home/anss/random/bench/install/lib/liboqs.so.0.15.0)
              n1: 32768 0x4AAB6AB: PQCLEAN_HQC128_CLEAN_hqc_pke_keygen (in /home/anss/random/bench/install/lib/liboqs.so.0.15.0)
               n1: 32768 0x4AABCAC: PQCLEAN_HQC128_CLEAN_crypto_kem_keypair (in /home/anss/random/bench/install/lib/liboqs.so.0.15.0)
                n1: 32768 0x4AA8EFA: OQS_KEM_hqc_128_keypair (in /home/anss/random/bench/install/lib/liboqs.so.0.15.0)
                 n0: 32768 0x1092FB: main (in /home/anss/random/bench/mem_kem)
  n0: 7976 in 30 places, all below massif's threshold (1.00%)
  n1: 4160 0x62559A6: ??? (in /usr/lib/x86_64-linux-gnu/libcrypto.so.3)
   n0: 4160 in 3 places, all below massif's threshold (1.00%)
  n1: 2520 0x625E073: CRYPTO_THREAD_lock_new (in /usr/lib/x86_64-linux-gnu/libcrypto.so.3)
   n0: 2520 in 23 places, all below massif's threshold (1.00%)
 n4: 45864 0x6248625: OPENSSL_LH_insert (in /usr/lib/x86_64-linux-gnu/libcrypto.so.3)
  n2: 33912 0x6339B72: ??? (in /usr/lib/x86_64-linux-gnu/libcrypto.so.3)
   n4: 31944 0x6206BEF: ERR_load_strings_const (in /usr/lib/x86_64-linux-gnu/libcrypto.so.3)
    n0: 23616 in 30 places, all below massif's threshold (1.00%)
    n1: 2952 0x625972B: ??? (in /usr/lib/x86_64-linux-gnu/libcrypto.so.3)
     n1: 2952 0x5F0BEE7: __pthread_once_slow (pthread_once.c:116)
      n1: 2952 0x625E1EC: CRYPTO_THREAD_run_once (in /usr/lib/x86_64-linux-gnu/libcrypto.so.3)
       n1: 2952 0x625AEE2: OPENSSL_init_crypto (in /usr/lib/x86_64-linux-gnu/libcrypto.so.3)
        n1: 2952 0x6208686: ??? (in /usr/lib/x86_64-linux-gnu/libcrypto.so.3)
         n1: 2952 0x620904C: ERR_set_mark (in /usr/lib/x86_64-linux-gnu/libcrypto.so.3)
          n1: 2952 0x61B5451: CONF_modules_load_file_ex (in /usr/lib/x86_64-linux-gnu/libcrypto.so.3)
           n1: 2952 0x625A6EF: ??? (in /usr/lib/x86_64-linux-gnu/libcrypto.so.3)
            n1: 2952 0x5F0BEE7: __pthread_once_slow (pthread_once.c:116)
             n1: 2952 0x625E1EC: CRYPTO_THREAD_run_once (in /usr/lib/x86_64-linux-gnu/libcrypto.so.3)
              n1: 2952 0x625B155: OPENSSL_init_crypto (in /usr/lib/x86_64-linux-gnu/libcrypto.so.3)
               n1: 2952 0x63307AC: ??? (in /usr/lib/x86_64-linux-gnu/libcrypto.so.3)
                n1: 2952 0x62853A4: RAND_get_rand_method (in /usr/lib/x86_64-linux-gnu/libcrypto.so.3)
                 n1: 2952 0x6285EC9: RAND_status (in /usr/lib/x86_64-linux-gnu/libcrypto.so.3)
                  n1: 2952 0x5C962CF: OQS_randombytes_openssl (in /home/anss/random/bench/install/lib/liboqs.so.0.15.0)
                   n1: 2952 0x4AAB6AB: PQCLEAN_HQC128_CLEAN_hqc_pke_keygen (in /home/anss/random/bench/install/lib/liboqs.so.0.15.0)
                    n1: 2952 0x4AABCAC: PQCLEAN_HQC128_CLEAN_crypto_kem_keypair (in /home/anss/random/bench/install/lib/liboqs.so.0.15.0)
                     n1: 2952 0x4AA8EFA: OQS_KEM_hqc_128_keypair (in /home/anss/random/bench/install/lib/liboqs.so.0.15.0)
                      n0: 2952 0x1092FB: main (in /home/anss/random/bench/mem_kem)
    n1: 2760 0x6259801: ??? (in /usr/lib/x86_64-linux-gnu/libcrypto.so.3)
     n1: 2760 0x5F0BEE7: __pthread_once_slow (pthread_once.c:116)
      n1: 2760 0x625E1EC: CRYPTO_THREAD_run_once (in /usr/lib/x86_64-linux-gnu/libcrypto.so.3)
       n1: 2760 0x625AEE2: OPENSSL_init_crypto (in /usr/lib/x86_64-linux-gnu/libcrypto.so.3)
        n1: 2760 0x6208686: ??? (in /usr/lib/x86_64-linux-gnu/libcrypto.so.3)
         n1: 2760 0x620904C: ERR_set_mark (in /usr/lib/x86_64-linux-gnu/libcrypto.so.3)
          n1: 2760 0x61B5451: CONF_modules_load_file_ex (in /usr/lib/x86_64-linux-gnu/libcrypto.so.3)
           n1: 2760 0x625A6EF: ??? (in /usr/lib/x86_64-linux-gnu/libcrypto.so.3)
            n1: 2760 0x5F0BEE7: __pthread_once_slow (pthread_once.c:116)
             n1: 2760 0x625E1EC: CRYPTO_THREAD_run_once (in /usr/lib/x86_64-linux-gnu/libcrypto.so.3)
              n1: 2760 0x625B155: OPENSSL_init_crypto (in /usr/lib/x86_64-linux-gnu/libcrypto.so.3)
               n1: 2760 0x63307AC: ??? (in /usr/lib/x86_64-linux-gnu/libcrypto.so.3)
                n1: 2760 0x62853A4: RAND_get_rand_method (in /usr/lib/x86_64-linux-gnu/libcrypto.so.3)
                 n1: 2760 0x6285EC9: RAND_status (in /usr/lib/x86_64-linux-gnu/libcrypto.so.3)
                  n1: 2760 0x5C962CF: OQS_randombytes_openssl (in /home/anss/random/bench/install/lib/liboqs.so.0.15.0)
                   n1: 2760 0x4AAB6AB: PQCLEAN_HQC128_CLEAN_hqc_pke_keygen (in /home/anss/random/bench/install/lib/liboqs.so.0.15.0)
                    n1: 2760 0x4AABCAC: PQCLEAN_HQC128_CLEAN_crypto_kem_keypair (in /home/anss/random/bench/install/lib/liboqs.so.0.15.0)
                     n1: 2760 0x4AA8EFA: OQS_KEM_hqc_128_keypair (in /home/anss/random/bench/install/lib/liboqs.so.0.15.0)
                      n0: 2760 0x1092FB: main (in /home/anss/random/bench/mem_kem)
    n1: 2616 0x625979B: ??? (in /usr/lib/x86_64-linux-gnu/libcrypto.so.3)
     n1: 2616 0x5F0BEE7: __pthread_once_slow (pthread_once.c:116)
      n1: 2616 0x625E1EC: CRYPTO_THREAD_run_once (in /usr/lib/x86_64-linux-gnu/libcrypto.so.3)
       n1: 2616 0x625AEE2: OPENSSL_init_crypto (in /usr/lib/x86_64-linux-gnu/libcrypto.so.3)
        n1: 2616 0x6208686: ??? (in /usr/lib/x86_64-linux-gnu/libcrypto.so.3)
         n1: 2616 0x620904C: ERR_set_mark (in /usr/lib/x86_64-linux-gnu/libcrypto.so.3)
          n1: 2616 0x61B5451: CONF_modules_load_file_ex (in /usr/lib/x86_64-linux-gnu/libcrypto.so.3)
           n1: 2616 0x625A6EF: ??? (in /usr/lib/x86_64-linux-gnu/libcrypto.so.3)
            n1: 2616 0x5F0BEE7: __pthread_once_slow (pthread_once.c:116)
             n1: 2616 0x625E1EC: CRYPTO_THREAD_run_once (in /usr/lib/x86_64-linux-gnu/libcrypto.so.3)
              n1: 2616 0x625B155: OPENSSL_init_crypto (in /usr/lib/x86_64-linux-gnu/libcrypto.so.3)
               n1: 2616 0x63307AC: ??? (in /usr/lib/x86_64-linux-gnu/libcrypto.so.3)
                n1: 2616 0x62853A4: RAND_get_rand_method (in /usr/lib/x86_64-linux-gnu/libcrypto.so.3)
                 n1: 2616 0x6285EC9: RAND_status (in /usr/lib/x86_64-linux-gnu/libcrypto.so.3)
                  n1: 2616 0x5C962CF: OQS_randombytes_openssl (in /home/anss/random/bench/install/lib/liboqs.so.0.15.0)
                   n1: 2616 0x4AAB6AB: PQCLEAN_HQC128_CLEAN_hqc_pke_keygen (in /home/anss/random/bench/install/lib/liboqs.so.0.15.0)
                    n1: 2616 0x4AABCAC: PQCLEAN_HQC128_CLEAN_crypto_kem_keypair (in /home/anss/random/bench/install/lib/liboqs.so.0.15.0)
                     n1: 2616 0x4AA8EFA: OQS_KEM_hqc_128_keypair (in /home/anss/random/bench/install/lib/liboqs.so.0.15.0)
                      n0: 2616 0x1092FB: main (in /home/anss/random/bench/mem_kem)
   n0: 1968 in 2 places, all below massif's threshold (1.00%)
  n3: 6240 0x62559E2: ??? (in /usr/lib/x86_64-linux-gnu/libcrypto.so.3)
   n2: 3264 0x62522C7: ??? (in /usr/lib/x86_64-linux-gnu/libcrypto.so.3)
    n2: 2808 0x62523A9: ??? (in /usr/lib/x86_64-linux-gnu/libcrypto.so.3)
     n1: 2472 0x6248926: OPENSSL_LH_doall_arg (in /usr/lib/x86_64-linux-gnu/libcrypto.so.3)
      n1: 2472 0x626985A: OBJ_NAME_do_all (in /usr/lib/x86_64-linux-gnu/libcrypto.so.3)
       n0: 2472 in 2 places, all below massif's threshold (1.00%)
     n0: 336 in 4 places, all below massif's threshold (1.00%)
    n0: 456 in 5 places, all below massif's threshold (1.00%)
   n2: 2832 0x6252460: ??? (in /usr/lib/x86_64-linux-gnu/libcrypto.so.3)
    n1: 2448 0x6248926: OPENSSL_LH_doall_arg (in /usr/lib/x86_64-linux-gnu/libcrypto.so.3)
     n1: 2448 0x626985A: OBJ_NAME_do_all (in /usr/lib/x86_64-linux-gnu/libcrypto.so.3)
      n0: 2448 in 2 places, all below massif's threshold (1.00%)
    n0: 384 in 4 places, all below massif's threshold (1.00%)
   n0: 144 in 1 place, below massif's threshold (1.00%)
  n2: 5424 0x626961A: OBJ_NAME_add (in /usr/lib/x86_64-linux-gnu/libcrypto.so.3)
   n1: 3264 0x623BB24: EVP_add_cipher (in /usr/lib/x86_64-linux-gnu/libcrypto.so.3)
    n0: 3264 in 136 places, all below massif's threshold (1.00%)
   n0: 2160 in 56 places, all below massif's threshold (1.00%)
  n0: 288 in 5 places, all below massif's threshold (1.00%)
 n2: 11264 0x62485D3: OPENSSL_LH_insert (in /usr/lib/x86_64-linux-gnu/libcrypto.so.3)
  n2: 8192 0x6339B72: ??? (in /usr/lib/x86_64-linux-gnu/libcrypto.so.3)
   n2: 8192 0x6206BEF: ERR_load_strings_const (in /usr/lib/x86_64-linux-gnu/libcrypto.so.3)
    n1: 8192 0x62598DE: ??? (in /usr/lib/x86_64-linux-gnu/libcrypto.so.3)
     n1: 8192 0x5F0BEE7: __pthread_once_slow (pthread_once.c:116)
      n1: 8192 0x625E1EC: CRYPTO_THREAD_run_once (in /usr/lib/x86_64-linux-gnu/libcrypto.so.3)
       n1: 8192 0x625AEE2: OPENSSL_init_crypto (in /usr/lib/x86_64-linux-gnu/libcrypto.so.3)
        n1: 8192 0x6208686: ??? (in /usr/lib/x86_64-linux-gnu/libcrypto.so.3)
         n1: 8192 0x620904C: ERR_set_mark (in /usr/lib/x86_64-linux-gnu/libcrypto.so.3)
          n1: 8192 0x61B5451: CONF_modules_load_file_ex (in /usr/lib/x86_64-linux-gnu/libcrypto.so.3)
           n1: 8192 0x625A6EF: ??? (in /usr/lib/x86_64-linux-gnu/libcrypto.so.3)
            n1: 8192 0x5F0BEE7: __pthread_once_slow (pthread_once.c:116)
             n1: 8192 0x625E1EC: CRYPTO_THREAD_run_once (in /usr/lib/x86_64-linux-gnu/libcrypto.so.3)
              n1: 8192 0x625B155: OPENSSL_init_crypto (in /usr/lib/x86_64-linux-gnu/libcrypto.so.3)
               n1: 8192 0x63307AC: ??? (in /usr/lib/x86_64-linux-gnu/libcrypto.so.3)
                n1: 8192 0x62853A4: RAND_get_rand_method (in /usr/lib/x86_64-linux-gnu/libcrypto.so.3)
                 n1: 8192 0x6285EC9: RAND_status (in /usr/lib/x86_64-linux-gnu/libcrypto.so.3)
                  n1: 8192 0x5C962CF: OQS_randombytes_openssl (in /home/anss/random/bench/install/lib/liboqs.so.0.15.0)
                   n1: 8192 0x4AAB6AB: PQCLEAN_HQC128_CLEAN_hqc_pke_keygen (in /home/anss/random/bench/install/lib/liboqs.so.0.15.0)
                    n1: 8192 0x4AABCAC: PQCLEAN_HQC128_CLEAN_crypto_kem_keypair (in /home/anss/random/bench/install/lib/liboqs.so.0.15.0)
                     n1: 8192 0x4AA8EFA: OQS_KEM_hqc_128_keypair (in /home/anss/random/bench/install/lib/liboqs.so.0.15.0)
                      n0: 8192 0x1092FB: main (in /home/anss/random/bench/mem_kem)
    n0: 0 in 3 places, all below massif's threshold (1.00%)
   n0: 0 in 2 places, all below massif's threshold (1.00%)
  n0: 3072 in 3 places, all below massif's threshold (1.00%)
 n0: 8394 in 31 places, all below massif's threshold (1.00%)
 n1: 5424 0x62695D8: OBJ_NAME_add (in /usr/lib/x86_64-linux-gnu/libcrypto.so.3)
  n0: 5424 in 208 places, all below massif's threshold (1.00%)
 n0: 4433 0x10928B: main (in /home/anss/random/bench/mem_kem)
 n2: 4122 0x6253C72: CRYPTO_strndup (in /usr/lib/x86_64-linux-gnu/libcrypto.so.3)
  n2: 4062 0x62559C1: ??? (in /usr/lib/x86_64-linux-gnu/libcrypto.so.3)
   n1: 2446 0x6252460: ??? (in /usr/lib/x86_64-linux-gnu/libcrypto.so.3)
    n0: 2446 in 5 places, all below massif's threshold (1.00%)
   n0: 1616 in 2 places, all below massif's threshold (1.00%)
  n0: 60 in 3 places, all below massif's threshold (1.00%)
#-----------
snapshot=34
#-----------
time=6001034
mem_heap_B=257866
mem_heap_extra_B=43238
mem_stacks_B=0
heap_tree=empty
#-----------
snapshot=35
#-----------
time=6179419
mem_heap_B=298687
mem_heap_extra_B=44185
mem_stacks_B=0
heap_tree=detailed
n7: 298687 (heap allocation functions) malloc/new/new[], --alloc-fns, etc.
 n5: 218400 0x6252C3D: CRYPTO_zalloc (in /usr/lib/x86_64-linux-gnu/libcrypto.so.3)
  n1: 131072 0x625DFC4: ??? (in /usr/lib/x86_64-linux-gnu/libcrypto.so.3)
   n1: 131072 0x6284365: ??? (in /usr/lib/x86_64-linux-gnu/libcrypto.so.3)
    n1: 131072 0x6227DB9: ??? (in /usr/lib/x86_64-linux-gnu/libcrypto.so.3)
     n1: 131072 0x6247CFB: ??? (in /usr/lib/x86_64-linux-gnu/libcrypto.so.3)
      n1: 131072 0x6247BBB: ??? (in /usr/lib/x86_64-linux-gnu/libcrypto.so.3)
       n1: 131072 0x62672DA: ??? (in /usr/lib/x86_64-linux-gnu/libcrypto.so.3)
        n1: 131072 0x63309E7: ??? (in /usr/lib/x86_64-linux-gnu/libcrypto.so.3)
         n2: 131072 0x633103D: ??? (in /usr/lib/x86_64-linux-gnu/libcrypto.so.3)
          n1: 98304 0x6228652: EVP_CIPHER_fetch (in /usr/lib/x86_64-linux-gnu/libcrypto.so.3)
           n1: 98304 0x631B6C4: ??? (in /usr/lib/x86_64-linux-gnu/libcrypto.so.3)
            n1: 98304 0x631BB22: ??? (in /usr/lib/x86_64-linux-gnu/libcrypto.so.3)
             n1: 98304 0x6233AD7: EVP_RAND_instantiate (in /usr/lib/x86_64-linux-gnu/libcrypto.so.3)
              n1: 98304 0x6285A91: ??? (in /usr/lib/x86_64-linux-gnu/libcrypto.so.3)
               n1: 98304 0x6285C2B: RAND_get0_primary (in /usr/lib/x86_64-linux-gnu/libcrypto.so.3)
                n1: 98304 0x6285EF6: RAND_status (in /usr/lib/x86_64-linux-gnu/libcrypto.so.3)
                 n1: 98304 0x5C962CF: OQS_randombytes_openssl (in /home/anss/random/bench/install/lib/liboqs.so.0.15.0)
                  n1: 98304 0x4AAB6AB: PQCLEAN_HQC128_CLEAN_hqc_pke_keygen (in /home/anss/random/bench/install/lib/liboqs.so.0.15.0)
                   n1: 98304 0x4AABCAC: PQCLEAN_HQC128_CLEAN_crypto_kem_keypair (in /home/anss/random/bench/install/lib/liboqs.so.0.15.0)
                    n1: 98304 0x4AA8EFA: OQS_KEM_hqc_128_keypair (in /home/anss/random/bench/install/lib/liboqs.so.0.15.0)
                     n0: 98304 0x1092FB: main (in /home/anss/random/bench/mem_kem)
          n1: 32768 0x62336C2: EVP_RAND_fetch (in /usr/lib/x86_64-linux-gnu/libcrypto.so.3)
           n1: 32768 0x6285CDB: RAND_get0_primary (in /usr/lib/x86_64-linux-gnu/libcrypto.so.3)
            n1: 32768 0x6285EF6: RAND_status (in /usr/lib/x86_64-linux-gnu/libcrypto.so.3)
             n1: 32768 0x5C962CF: OQS_randombytes_openssl (in /home/anss/random/bench/install/lib/liboqs.so.0.15.0)
              n1: 32768 0x4AAB6AB: PQCLEAN_HQC128_CLEAN_hqc_pke_keygen (in /home/anss/random/bench/install/lib/liboqs.so.0.15.0)
               n1: 32768 0x4AABCAC: PQCLEAN_HQC128_CLEAN_crypto_kem_keypair (in /home/anss/random/bench/install/lib/liboqs.so.0.15.0)
                n1: 32768 0x4AA8EFA: OQS_KEM_hqc_128_keypair (in /home/anss/random/bench/install/lib/liboqs.so.0.15.0)
                 n0: 32768 0x1092FB: main (in /home/anss/random/bench/mem_kem)
  n1: 65536 0x625DF52: ??? (in /usr/lib/x86_64-linux-gnu/libcrypto.so.3)
   n1: 65536 0x6284365: ??? (in /usr/lib/x86_64-linux-gnu/libcrypto.so.3)
    n1: 65536 0x6227DB9: ??? (in /usr/lib/x86_64-linux-gnu/libcrypto.so.3)
     n1: 65536 0x6247CFB: ??? (in /usr/lib/x86_64-linux-gnu/libcrypto.so.3)
      n1: 65536 0x6247BBB: ??? (in /usr/lib/x86_64-linux-gnu/libcrypto.so.3)
       n1: 65536 0x62672DA: ??? (in /usr/lib/x86_64-linux-gnu/libcrypto.so.3)
        n1: 65536 0x63309E7: ??? (in /usr/lib/x86_64-linux-gnu/libcrypto.so.3)
         n1: 65536 0x633103D: ??? (in /usr/lib/x86_64-linux-gnu/libcrypto.so.3)
          n1: 65536 0x62336C2: EVP_RAND_fetch (in /usr/lib/x86_64-linux-gnu/libcrypto.so.3)
           n1: 65536 0x6285CDB: RAND_get0_primary (in /usr/lib/x86_64-linux-gnu/libcrypto.so.3)
            n1: 65536 0x6285EF6: RAND_status (in /usr/lib/x86_64-linux-gnu/libcrypto.so.3)
             n1: 65536 0x5C962CF: OQS_randombytes_openssl (in /home/anss/random/bench/install/lib/liboqs.so.0.15.0)
              n1: 65536 0x4AAB6AB: PQCLEAN_HQC128_CLEAN_hqc_pke_keygen (in /home/anss/random/bench/install/lib/liboqs.so.0.15.0)
               n1: 65536 0x4AABCAC: PQCLEAN_HQC128_CLEAN_crypto_kem_keypair (in /home/anss/random/bench/install/lib/liboqs.so.0.15.0)
                n1: 65536 0x4AA8EFA: OQS_KEM_hqc_128_keypair (in /home/anss/random/bench/install/lib/liboqs.so.0.15.0)
                 n0: 65536 0x1092FB: main (in /home/anss/random/bench/mem_kem)
  n0: 13840 in 30 places, all below massif's threshold (1.00%)
  n1: 4256 0x62559A6: ??? (in /usr/lib/x86_64-linux-gnu/libcrypto.so.3)
   n0: 4256 in 3 places, all below massif's threshold (1.00%)
  n1: 3696 0x62482DC: OPENSSL_LH_new (in /usr/lib/x86_64-linux-gnu/libcrypto.so.3)
   n0: 3696 in 8 places, all below massif's threshold (1.00%)
 n4: 46008 0x6248625: OPENSSL_LH_insert (in /usr/lib/x86_64-linux-gnu/libcrypto.so.3)
  n2: 33912 0x6339B72: ??? (in /usr/lib/x86_64-linux-gnu/libcrypto.so.3)
   n1: 31944 0x6206BEF: ERR_load_strings_const (in /usr/lib/x86_64-linux-gnu/libcrypto.so.3)
    n0: 31944 in 33 places, all below massif's threshold (1.00%)
   n0: 1968 in 2 places, all below massif's threshold (1.00%)
  n1: 6384 0x62559E2: ??? (in /usr/lib/x86_64-linux-gnu/libcrypto.so.3)
   n0: 6384 in 3 places, all below massif's threshold (1.00%)
  n1: 5424 0x626961A: OBJ_NAME_add (in /usr/lib/x86_64-linux-gnu/libcrypto.so.3)
   n0: 5424 in 57 places, all below massif's threshold (1.00%)
  n0: 288 in 5 places, all below massif's threshold (1.00%)
 n2: 11264 0x62485D3: OPENSSL_LH_insert (in /usr/lib/x86_64-linux-gnu/libcrypto.so.3)
  n2: 8192 0x6339B72: ??? (in /usr/lib/x86_64-linux-gnu/libcrypto.so.3)
   n2: 8192 0x6206BEF: ERR_load_strings_const (in /usr/lib/x86_64-linux-gnu/libcrypto.so.3)
    n1: 8192 0x62598DE: ??? (in /usr/lib/x86_64-linux-gnu/libcrypto.so.3)
     n1: 8192 0x5F0BEE7: __pthread_once_slow (pthread_once.c:116)
      n1: 8192 0x625E1EC: CRYPTO_THREAD_run_once (in /usr/lib/x86_64-linux-gnu/libcrypto.so.3)
       n1: 8192 0x625AEE2: OPENSSL_init_crypto (in /usr/lib/x86_64-linux-gnu/libcrypto.so.3)
        n1: 8192 0x6208686: ??? (in /usr/lib/x86_64-linux-gnu/libcrypto.so.3)
         n1: 8192 0x620904C: ERR_set_mark (in /usr/lib/x86_64-linux-gnu/libcrypto.so.3)
          n1: 8192 0x61B5451: CONF_modules_load_file_ex (in /usr/lib/x86_64-linux-gnu/libcrypto.so.3)
           n1: 8192 0x625A6EF: ??? (in /usr/lib/x86_64-linux-gnu/libcrypto.so.3)
            n1: 8192 0x5F0BEE7: __pthread_once_slow (pthread_once.c:116)
             n1: 8192 0x625E1EC: CRYPTO_THREAD_run_once (in /usr/lib/x86_64-linux-gnu/libcrypto.so.3)
              n1: 8192 0x625B155: OPENSSL_init_crypto (in /usr/lib/x86_64-linux-gnu/libcrypto.so.3)
               n1: 8192 0x63307AC: ??? (in /usr/lib/x86_64-linux-gnu/libcrypto.so.3)
                n1: 8192 0x62853A4: RAND_get_rand_method (in /usr/lib/x86_64-linux-gnu/libcrypto.so.3)
                 n1: 8192 0x6285EC9: RAND_status (in /usr/lib/x86_64-linux-gnu/libcrypto.so.3)
                  n1: 8192 0x5C962CF: OQS_randombytes_openssl (in /home/anss/random/bench/install/lib/liboqs.so.0.15.0)
                   n1: 8192 0x4AAB6AB: PQCLEAN_HQC128_CLEAN_hqc_pke_keygen (in /home/anss/random/bench/install/lib/liboqs.so.0.15.0)
                    n1: 8192 0x4AABCAC: PQCLEAN_HQC128_CLEAN_crypto_kem_keypair (in /home/anss/random/bench/install/lib/liboqs.so.0.15.0)
                     n1: 8192 0x4AA8EFA: OQS_KEM_hqc_128_keypair (in /home/anss/random/bench/install/lib/liboqs.so.0.15.0)
                      n0: 8192 0x1092FB: main (in /home/anss/random/bench/mem_kem)
    n0: 0 in 3 places, all below massif's threshold (1.00%)
   n0: 0 in 2 places, all below massif's threshold (1.00%)
  n0: 3072 in 3 places, all below massif's threshold (1.00%)
 n0: 8842 in 31 places, all below massif's threshold (1.00%)
 n1: 5424 0x62695D8: OBJ_NAME_add (in /usr/lib/x86_64-linux-gnu/libcrypto.so.3)
  n0: 5424 in 208 places, all below massif's threshold (1.00%)
 n0: 4433 0x10928B: main (in /home/anss/random/bench/mem_kem)
 n2: 4316 0x6253C72: CRYPTO_strndup (in /usr/lib/x86_64-linux-gnu/libcrypto.so.3)
  n1: 4131 0x62559C1: ??? (in /usr/lib/x86_64-linux-gnu/libcrypto.so.3)
   n0: 4131 in 3 places, all below massif's threshold (1.00%)
  n0: 185 in 3 places, all below massif's threshold (1.00%)
#-----------
snapshot=36
#-----------
time=6288934
mem_heap_B=334479
mem_heap_extra_B=44593
mem_stacks_B=0
heap_tree=detailed
n7: 334479 (heap allocation functions) malloc/new/new[], --alloc-fns, etc.
 n6: 253984 0x6252C3D: CRYPTO_zalloc (in /usr/lib/x86_64-linux-gnu/libcrypto.so.3)
  n1: 163840 0x625DFC4: ??? (in /usr/lib/x86_64-linux-gnu/libcrypto.so.3)
   n1: 163840 0x6284365: ??? (in /usr/lib/x86_64-linux-gnu/libcrypto.so.3)
    n1: 163840 0x6227DB9: ??? (in /usr/lib/x86_64-linux-gnu/libcrypto.so.3)
     n1: 163840 0x6247CFB: ??? (in /usr/lib/x86_64-linux-gnu/libcrypto.so.3)
      n1: 163840 0x6247BBB: ??? (in /usr/lib/x86_64-linux-gnu/libcrypto.so.3)
       n1: 163840 0x62672DA: ??? (in /usr/lib/x86_64-linux-gnu/libcrypto.so.3)
        n1: 163840 0x63309E7: ??? (in /usr/lib/x86_64-linux-gnu/libcrypto.so.3)
         n2: 163840 0x633103D: ??? (in /usr/lib/x86_64-linux-gnu/libcrypto.so.3)
          n1: 131072 0x6228652: EVP_CIPHER_fetch (in /usr/lib/x86_64-linux-gnu/libcrypto.so.3)
           n1: 131072 0x631B6C4: ??? (in /usr/lib/x86_64-linux-gnu/libcrypto.so.3)
            n1: 131072 0x631BB22: ??? (in /usr/lib/x86_64-linux-gnu/libcrypto.so.3)
             n1: 131072 0x6233AD7: EVP_RAND_instantiate (in /usr/lib/x86_64-linux-gnu/libcrypto.so.3)
              n1: 131072 0x6285A91: ??? (in /usr/lib/x86_64-linux-gnu/libcrypto.so.3)
               n1: 131072 0x6285C2B: RAND_get0_primary (in /usr/lib/x86_64-linux-gnu/libcrypto.so.3)
                n1: 131072 0x6285EF6: RAND_status (in /usr/lib/x86_64-linux-gnu/libcrypto.so.3)
                 n1: 131072 0x5C962CF: OQS_randombytes_openssl (in /home/anss/random/bench/install/lib/liboqs.so.0.15.0)
                  n1: 131072 0x4AAB6AB: PQCLEAN_HQC128_CLEAN_hqc_pke_keygen (in /home/anss/random/bench/install/lib/liboqs.so.0.15.0)
                   n1: 131072 0x4AABCAC: PQCLEAN_HQC128_CLEAN_crypto_kem_keypair (in /home/anss/random/bench/install/lib/liboqs.so.0.15.0)
                    n1: 131072 0x4AA8EFA: OQS_KEM_hqc_128_keypair (in /home/anss/random/bench/install/lib/liboqs.so.0.15.0)
                     n0: 131072 0x1092FB: main (in /home/anss/random/bench/mem_kem)
          n1: 32768 0x62336C2: EVP_RAND_fetch (in /usr/lib/x86_64-linux-gnu/libcrypto.so.3)
           n1: 32768 0x6285CDB: RAND_get0_primary (in /usr/lib/x86_64-linux-gnu/libcrypto.so.3)
            n1: 32768 0x6285EF6: RAND_status (in /usr/lib/x86_64-linux-gnu/libcrypto.so.3)
             n1: 32768 0x5C962CF: OQS_randombytes_openssl (in /home/anss/random/bench/install/lib/liboqs.so.0.15.0)
              n1: 32768 0x4AAB6AB: PQCLEAN_HQC128_CLEAN_hqc_pke_keygen (in /home/anss/random/bench/install/lib/liboqs.so.0.15.0)
               n1: 32768 0x4AABCAC: PQCLEAN_HQC128_CLEAN_crypto_kem_keypair (in /home/anss/random/bench/install/lib/liboqs.so.0.15.0)
                n1: 32768 0x4AA8EFA: OQS_KEM_hqc_128_keypair (in /home/anss/random/bench/install/lib/liboqs.so.0.15.0)
                 n0: 32768 0x1092FB: main (in /home/anss/random/bench/mem_kem)
  n1: 65536 0x625DF52: ??? (in /usr/lib/x86_64-linux-gnu/libcrypto.so.3)
   n1: 65536 0x6284365: ??? (in /usr/lib/x86_64-linux-gnu/libcrypto.so.3)
    n1: 65536 0x6227DB9: ??? (in /usr/lib/x86_64-linux-gnu/libcrypto.so.3)
     n1: 65536 0x6247CFB: ??? (in /usr/lib/x86_64-linux-gnu/libcrypto.so.3)
      n1: 65536 0x6247BBB: ??? (in /usr/lib/x86_64-linux-gnu/libcrypto.so.3)
       n1: 65536 0x62672DA: ??? (in /usr/lib/x86_64-linux-gnu/libcrypto.so.3)
        n1: 65536 0x63309E7: ??? (in /usr/lib/x86_64-linux-gnu/libcrypto.so.3)
         n1: 65536 0x633103D: ??? (in /usr/lib/x86_64-linux-gnu/libcrypto.so.3)
          n1: 65536 0x62336C2: EVP_RAND_fetch (in /usr/lib/x86_64-linux-gnu/libcrypto.so.3)
           n1: 65536 0x6285CDB: RAND_get0_primary (in /usr/lib/x86_64-linux-gnu/libcrypto.so.3)
            n1: 65536 0x6285EF6: RAND_status (in /usr/lib/x86_64-linux-gnu/libcrypto.so.3)
             n1: 65536 0x5C962CF: OQS_randombytes_openssl (in /home/anss/random/bench/install/lib/liboqs.so.0.15.0)
              n1: 65536 0x4AAB6AB: PQCLEAN_HQC128_CLEAN_hqc_pke_keygen (in /home/anss/random/bench/install/lib/liboqs.so.0.15.0)
               n1: 65536 0x4AABCAC: PQCLEAN_HQC128_CLEAN_crypto_kem_keypair (in /home/anss/random/bench/install/lib/liboqs.so.0.15.0)
                n1: 65536 0x4AA8EFA: OQS_KEM_hqc_128_keypair (in /home/anss/random/bench/install/lib/liboqs.so.0.15.0)
                 n0: 65536 0x1092FB: main (in /home/anss/random/bench/mem_kem)
  n0: 12112 in 29 places, all below massif's threshold (1.00%)
  n1: 4400 0x62482DC: OPENSSL_LH_new (in /usr/lib/x86_64-linux-gnu/libcrypto.so.3)
   n0: 4400 in 8 places, all below massif's threshold (1.00%)
  n1: 4256 0x62559A6: ??? (in /usr/lib/x86_64-linux-gnu/libcrypto.so.3)
   n0: 4256 in 3 places, all below massif's threshold (1.00%)
  n1: 3840 0x622FE73: ??? (in /usr/lib/x86_64-linux-gnu/libcrypto.so.3)
   n1: 3840 0x623119D: ??? (in /usr/lib/x86_64-linux-gnu/libcrypto.so.3)
    n1: 3840 0x6227E59: ??? (in /usr/lib/x86_64-linux-gnu/libcrypto.so.3)
     n1: 3840 0x6247C98: ??? (in /usr/lib/x86_64-linux-gnu/libcrypto.so.3)
      n1: 3840 0x6247BBB: ??? (in /usr/lib/x86_64-linux-gnu/libcrypto.so.3)
       n1: 3840 0x62672DA: ??? (in /usr/lib/x86_64-linux-gnu/libcrypto.so.3)
        n1: 3840 0x63309E7: ??? (in /usr/lib/x86_64-linux-gnu/libcrypto.so.3)
         n1: 3840 0x633103D: ??? (in /usr/lib/x86_64-linux-gnu/libcrypto.so.3)
          n1: 3840 0x6228652: EVP_CIPHER_fetch (in /usr/lib/x86_64-linux-gnu/libcrypto.so.3)
           n1: 3840 0x631B6C4: ??? (in /usr/lib/x86_64-linux-gnu/libcrypto.so.3)
            n1: 3840 0x631BB22: ??? (in /usr/lib/x86_64-linux-gnu/libcrypto.so.3)
             n1: 3840 0x6233AD7: EVP_RAND_instantiate (in /usr/lib/x86_64-linux-gnu/libcrypto.so.3)
              n1: 3840 0x6285A91: ??? (in /usr/lib/x86_64-linux-gnu/libcrypto.so.3)
               n1: 3840 0x6285C2B: RAND_get0_primary (in /usr/lib/x86_64-linux-gnu/libcrypto.so.3)
                n1: 3840 0x6285EF6: RAND_status (in /usr/lib/x86_64-linux-gnu/libcrypto.so.3)
                 n1: 3840 0x5C962CF: OQS_randombytes_openssl (in /home/anss/random/bench/install/lib/liboqs.so.0.15.0)
                  n1: 3840 0x4AAB6AB: PQCLEAN_HQC128_CLEAN_hqc_pke_keygen (in /home/anss/random/bench/install/lib/liboqs.so.0.15.0)
                   n1: 3840 0x4AABCAC: PQCLEAN_HQC128_CLEAN_crypto_kem_keypair (in /home/anss/random/bench/install/lib/liboqs.so.0.15.0)
                    n1: 3840 0x4AA8EFA: OQS_KEM_hqc_128_keypair (in /home/anss/random/bench/install/lib/liboqs.so.0.15.0)
                     n0: 3840 0x1092FB: main (in /home/anss/random/bench/mem_kem)
 n4: 46008 0x6248625: OPENSSL_LH_insert (in /usr/lib/x86_64-linux-gnu/libcrypto.so.3)
  n2: 33912 0x6339B72: ??? (in /usr/lib/x86_64-linux-gnu/libcrypto.so.3)
   n1: 31944 0x6206BEF: ERR_load_strings_const (in /usr/lib/x86_64-linux-gnu/libcrypto.so.3)
    n0: 31944 in 33 places, all below massif's threshold (1.00%)
   n0: 1968 in 2 places, all below massif's threshold (1.00%)
  n1: 6384 0x62559E2: ??? (in /usr/lib/x86_64-linux-gnu/libcrypto.so.3)
   n0: 6384 in 3 places, all below massif's threshold (1.00%)
  n1: 5424 0x626961A: OBJ_NAME_add (in /usr/lib/x86_64-linux-gnu/libcrypto.so.3)
   n0: 5424 in 57 places, all below massif's threshold (1.00%)
  n0: 288 in 5 places, all below massif's threshold (1.00%)
 n2: 11264 0x62485D3: OPENSSL_LH_insert (in /usr/lib/x86_64-linux-gnu/libcrypto.so.3)
  n2: 8192 0x6339B72: ??? (in /usr/lib/x86_64-linux-gnu/libcrypto.so.3)
   n2: 8192 0x6206BEF: ERR_load_strings_const (in /usr/lib/x86_64-linux-gnu/libcrypto.so.3)
    n1: 8192 0x62598DE: ??? (in /usr/lib/x86_64-linux-gnu/libcrypto.so.3)
     n1: 8192 0x5F0BEE7: __pthread_once_slow (pthread_once.c:116)
      n1: 8192 0x625E1EC: CRYPTO_THREAD_run_once (in /usr/lib/x86_64-linux-gnu/libcrypto.so.3)
       n1: 8192 0x625AEE2: OPENSSL_init_crypto (in /usr/lib/x86_64-linux-gnu/libcrypto.so.3)
        n1: 8192 0x6208686: ??? (in /usr/lib/x86_64-linux-gnu/libcrypto.so.3)
         n1: 8192 0x620904C: ERR_set_mark (in /usr/lib/x86_64-linux-gnu/libcrypto.so.3)
          n1: 8192 0x61B5451: CONF_modules_load_file_ex (in /usr/lib/x86_64-linux-gnu/libcrypto.so.3)
           n1: 8192 0x625A6EF: ??? (in /usr/lib/x86_64-linux-gnu/libcrypto.so.3)
            n1: 8192 0x5F0BEE7: __pthread_once_slow (pthread_once.c:116)
             n1: 8192 0x625E1EC: CRYPTO_THREAD_run_once (in /usr/lib/x86_64-linux-gnu/libcrypto.so.3)
              n1: 8192 0x625B155: OPENSSL_init_crypto (in /usr/lib/x86_64-linux-gnu/libcrypto.so.3)
               n1: 8192 0x63307AC: ??? (in /usr/lib/x86_64-linux-gnu/libcrypto.so.3)
                n1: 8192 0x62853A4: RAND_get_rand_method (in /usr/lib/x86_64-linux-gnu/libcrypto.so.3)
                 n1: 8192 0x6285EC9: RAND_status (in /usr/lib/x86_64-linux-gnu/libcrypto.so.3)
                  n1: 8192 0x5C962CF: OQS_randombytes_openssl (in /home/anss/random/bench/install/lib/liboqs.so.0.15.0)
                   n1: 8192 0x4AAB6AB: PQCLEAN_HQC128_CLEAN_hqc_pke_keygen (in /home/anss/random/bench/install/lib/liboqs.so.0.15.0)
                    n1: 8192 0x4AABCAC: PQCLEAN_HQC128_CLEAN_crypto_kem_keypair (in /home/anss/random/bench/install/lib/liboqs.so.0.15.0)
                     n1: 8192 0x4AA8EFA: OQS_KEM_hqc_128_keypair (in /home/anss/random/bench/install/lib/liboqs.so.0.15.0)
                      n0: 8192 0x1092FB: main (in /home/anss/random/bench/mem_kem)
    n0: 0 in 3 places, all below massif's threshold (1.00%)
   n0: 0 in 2 places, all below massif's threshold (1.00%)
  n0: 3072 in 3 places, all below massif's threshold (1.00%)
 n0: 9002 in 31 places, all below massif's threshold (1.00%)
 n1: 5424 0x62695D8: OBJ_NAME_add (in /usr/lib/x86_64-linux-gnu/libcrypto.so.3)
  n0: 5424 in 208 places, all below massif's threshold (1.00%)
 n0: 4433 0x10928B: main (in /home/anss/random/bench/mem_kem)
 n2: 4364 0x6253C72: CRYPTO_strndup (in /usr/lib/x86_64-linux-gnu/libcrypto.so.3)
  n1: 4131 0x62559C1: ??? (in /usr/lib/x86_64-linux-gnu/libcrypto.so.3)
   n0: 4131 in 3 places, all below massif's threshold (1.00%)
  n0: 233 in 3 places, all below massif's threshold (1.00%)
#-----------
snapshot=37
#-----------
time=6466455
mem_heap_B=374543
mem_heap_extra_B=45777
mem_stacks_B=0
heap_tree=detailed
n7: 374543 (heap allocation functions) malloc/new/new[], --alloc-fns, etc.
 n6: 293216 0x6252C3D: CRYPTO_zalloc (in /usr/lib/x86_64-linux-gnu/libcrypto.so.3)
  n1: 196608 0x625DFC4: ??? (in /usr/lib/x86_64-linux-gnu/libcrypto.so.3)
   n1: 196608 0x6284365: ??? (in /usr/lib/x86_64-linux-gnu/libcrypto.so.3)
    n1: 196608 0x6227DB9: ??? (in /usr/lib/x86_64-linux-gnu/libcrypto.so.3)
     n1: 196608 0x6247CFB: ??? (in /usr/lib/x86_64-linux-gnu/libcrypto.so.3)
      n1: 196608 0x6247BBB: ??? (in /usr/lib/x86_64-linux-gnu/libcrypto.so.3)
       n1: 196608 0x62672DA: ??? (in /usr/lib/x86_64-linux-gnu/libcrypto.so.3)
        n1: 196608 0x63309E7: ??? (in /usr/lib/x86_64-linux-gnu/libcrypto.so.3)
         n2: 196608 0x633103D: ??? (in /usr/lib/x86_64-linux-gnu/libcrypto.so.3)
          n1: 163840 0x6228652: EVP_CIPHER_fetch (in /usr/lib/x86_64-linux-gnu/libcrypto.so.3)
           n1: 163840 0x631B6C4: ??? (in /usr/lib/x86_64-linux-gnu/libcrypto.so.3)
            n1: 163840 0x631BB22: ??? (in /usr/lib/x86_64-linux-gnu/libcrypto.so.3)
             n1: 163840 0x6233AD7: EVP_RAND_instantiate (in /usr/lib/x86_64-linux-gnu/libcrypto.so.3)
              n1: 163840 0x6285A91: ??? (in /usr/lib/x86_64-linux-gnu/libcrypto.so.3)
               n1: 163840 0x6285C2B: RAND_get0_primary (in /usr/lib/x86_64-linux-gnu/libcrypto.so.3)
                n1: 163840 0x6285EF6: RAND_status (in /usr/lib/x86_64-linux-gnu/libcrypto.so.3)
                 n1: 163840 0x5C962CF: OQS_randombytes_openssl (in /home/anss/random/bench/install/lib/liboqs.so.0.15.0)
                  n1: 163840 0x4AAB6AB: PQCLEAN_HQC128_CLEAN_hqc_pke_keygen (in /home/anss/random/bench/install/lib/liboqs.so.0.15.0)
                   n1: 163840 0x4AABCAC: PQCLEAN_HQC128_CLEAN_crypto_kem_keypair (in /home/anss/random/bench/install/lib/liboqs.so.0.15.0)
                    n1: 163840 0x4AA8EFA: OQS_KEM_hqc_128_keypair (in /home/anss/random/bench/install/lib/liboqs.so.0.15.0)
                     n0: 163840 0x1092FB: main (in /home/anss/random/bench/mem_kem)
          n1: 32768 0x62336C2: EVP_RAND_fetch (in /usr/lib/x86_64-linux-gnu/libcrypto.so.3)
           n1: 32768 0x6285CDB: RAND_get0_primary (in /usr/lib/x86_64-linux-gnu/libcrypto.so.3)
            n1: 32768 0x6285EF6: RAND_status (in /usr/lib/x86_64-linux-gnu/libcrypto.so.3)
             n1: 32768 0x5C962CF: OQS_randombytes_openssl (in /home/anss/random/bench/install/lib/liboqs.so.0.15.0)
              n1: 32768 0x4AAB6AB: PQCLEAN_HQC128_CLEAN_hqc_pke_keygen (in /home/anss/random/bench/install/lib/liboqs.so.0.15.0)
               n1: 32768 0x4AABCAC: PQCLEAN_HQC128_CLEAN_crypto_kem_keypair (in /home/anss/random/bench/install/lib/liboqs.so.0.15.0)
                n1: 32768 0x4AA8EFA: OQS_KEM_hqc_128_keypair (in /home/anss/random/bench/install/lib/liboqs.so.0.15.0)
                 n0: 32768 0x1092FB: main (in /home/anss/random/bench/mem_kem)
  n1: 65536 0x625DF52: ??? (in /usr/lib/x86_64-linux-gnu/libcrypto.so.3)
   n1: 65536 0x6284365: ??? (in /usr/lib/x86_64-linux-gnu/libcrypto.so.3)
    n1: 65536 0x6227DB9: ??? (in /usr/lib/x86_64-linux-gnu/libcrypto.so.3)
     n1: 65536 0x6247CFB: ??? (in /usr/lib/x86_64-linux-gnu/libcrypto.so.3)
      n1: 65536 0x6247BBB: ??? (in /usr/lib/x86_64-linux-gnu/libcrypto.so.3)
       n1: 65536 0x62672DA: ??? (in /usr/lib/x86_64-linux-gnu/libcrypto.so.3)
        n1: 65536 0x63309E7: ??? (in /usr/lib/x86_64-linux-gnu/libcrypto.so.3)
         n1: 65536 0x633103D: ??? (in /usr/lib/x86_64-linux-gnu/libcrypto.so.3)
          n1: 65536 0x62336C2: EVP_RAND_fetch (in /usr/lib/x86_64-linux-gnu/libcrypto.so.3)
           n1: 65536 0x6285CDB: RAND_get0_primary (in /usr/lib/x86_64-linux-gnu/libcrypto.so.3)
            n1: 65536 0x6285EF6: RAND_status (in /usr/lib/x86_64-linux-gnu/libcrypto.so.3)
             n1: 65536 0x5C962CF: OQS_randombytes_openssl (in /home/anss/random/bench/install/lib/liboqs.so.0.15.0)
              n1: 65536 0x4AAB6AB: PQCLEAN_HQC128_CLEAN_hqc_pke_keygen (in /home/anss/random/bench/install/lib/liboqs.so.0.15.0)
               n1: 65536 0x4AABCAC: PQCLEAN_HQC128_CLEAN_crypto_kem_keypair (in /home/anss/random/bench/install/lib/liboqs.so.0.15.0)
                n1: 65536 0x4AA8EFA: OQS_KEM_hqc_128_keypair (in /home/anss/random/bench/install/lib/liboqs.so.0.15.0)
                 n0: 65536 0x1092FB: main (in /home/anss/random/bench/mem_kem)
  n0: 14560 in 29 places, all below massif's threshold (1.00%)
  n1: 6144 0x622FE73: ??? (in /usr/lib/x86_64-linux-gnu/libcrypto.so.3)
   n1: 6144 0x623119D: ??? (in /usr/lib/x86_64-linux-gnu/libcrypto.so.3)
    n1: 6144 0x6227E59: ??? (in /usr/lib/x86_64-linux-gnu/libcrypto.so.3)
     n1: 6144 0x6247C98: ??? (in /usr/lib/x86_64-linux-gnu/libcrypto.so.3)
      n1: 6144 0x6247BBB: ??? (in /usr/lib/x86_64-linux-gnu/libcrypto.so.3)
       n1: 6144 0x62672DA: ??? (in /usr/lib/x86_64-linux-gnu/libcrypto.so.3)
        n1: 6144 0x63309E7: ??? (in /usr/lib/x86_64-linux-gnu/libcrypto.so.3)
         n1: 6144 0x633103D: ??? (in /usr/lib/x86_64-linux-gnu/libcrypto.so.3)
          n1: 6144 0x6228652: EVP_CIPHER_fetch (in /usr/lib/x86_64-linux-gnu/libcrypto.so.3)
           n1: 6144 0x631B6C4: ??? (in /usr/lib/x86_64-linux-gnu/libcrypto.so.3)
            n1: 6144 0x631BB22: ??? (in /usr/lib/x86_64-linux-gnu/libcrypto.so.3)
             n1: 6144 0x6233AD7: EVP_RAND_instantiate (in /usr/lib/x86_64-linux-gnu/libcrypto.so.3)
              n1: 6144 0x6285A91: ??? (in /usr/lib/x86_64-linux-gnu/libcrypto.so.3)
               n1: 6144 0x6285C2B: RAND_get0_primary (in /usr/lib/x86_64-linux-gnu/libcrypto.so.3)
                n1: 6144 0x6285EF6: RAND_status (in /usr/lib/x86_64-linux-gnu/libcrypto.so.3)
                 n1: 6144 0x5C962CF: OQS_randombytes_openssl (in /home/anss/random/bench/install/lib/liboqs.so.0.15.0)
                  n1: 6144 0x4AAB6AB: PQCLEAN_HQC128_CLEAN_hqc_pke_keygen (in /home/anss/random/bench/install/lib/liboqs.so.0.15.0)
                   n1: 6144 0x4AABCAC: PQCLEAN_HQC128_CLEAN_crypto_kem_keypair (in /home/anss/random/bench/install/lib/liboqs.so.0.15.0)
                    n1: 6144 0x4AA8EFA: OQS_KEM_hqc_128_keypair (in /home/anss/random/bench/install/lib/liboqs.so.0.15.0)
                     n0: 6144 0x1092FB: main (in /home/anss/random/bench/mem_kem)
  n2: 5984 0x62482DC: OPENSSL_LH_new (in /usr/lib/x86_64-linux-gnu/libcrypto.so.3)
   n1: 4928 0x628433F: ??? (in /usr/lib/x86_64-linux-gnu/libcrypto.so.3)
    n1: 4928 0x6227DB9: ??? (in /usr/lib/x86_64-linux-gnu/libcrypto.so.3)
     n1: 4928 0x6247CFB: ??? (in /usr/lib/x86_64-linux-gnu/libcrypto.so.3)
      n1: 4928 0x6247BBB: ??? (in /usr/lib/x86_64-linux-gnu/libcrypto.so.3)
       n1: 4928 0x62672DA: ??? (in /usr/lib/x86_64-linux-gnu/libcrypto.so.3)
        n1: 4928 0x63309E7: ??? (in /usr/lib/x86_64-linux-gnu/libcrypto.so.3)
         n1: 4928 0x633103D: ??? (in /usr/lib/x86_64-linux-gnu/libcrypto.so.3)
          n0: 4928 in 2 places, all below massif's threshold (1.00%)
   n0: 1056 in 7 places, all below massif's threshold (1.00%)
  n1: 4384 0x62559A6: ??? (in /usr/lib/x86_64-linux-gnu/libcrypto.so.3)
   n0: 4384 in 3 places, all below massif's threshold (1.00%)
 n4: 46200 0x6248625: OPENSSL_LH_insert (in /usr/lib/x86_64-linux-gnu/libcrypto.so.3)
  n2: 33912 0x6339B72: ??? (in /usr/lib/x86_64-linux-gnu/libcrypto.so.3)
   n1: 31944 0x6206BEF: ERR_load_strings_const (in /usr/lib/x86_64-linux-gnu/libcrypto.so.3)
    n0: 31944 in 33 places, all below massif's threshold (1.00%)
   n0: 1968 in 2 places, all below massif's threshold (1.00%)
  n1: 6576 0x62559E2: ??? (in /usr/lib/x86_64-linux-gnu/libcrypto.so.3)
   n0: 6576 in 3 places, all below massif's threshold (1.00%)
  n1: 5424 0x626961A: OBJ_NAME_add (in /usr/lib/x86_64-linux-gnu/libcrypto.so.3)
   n0: 5424 in 57 places, all below massif's threshold (1.00%)
  n0: 288 in 5 places, all below massif's threshold (1.00%)
 n2: 11264 0x62485D3: OPENSSL_LH_insert (in /usr/lib/x86_64-linux-gnu/libcrypto.so.3)
  n2: 8192 0x6339B72: ??? (in /usr/lib/x86_64-linux-gnu/libcrypto.so.3)
   n2: 8192 0x6206BEF: ERR_load_strings_const (in /usr/lib/x86_64-linux-gnu/libcrypto.so.3)
    n1: 8192 0x62598DE: ??? (in /usr/lib/x86_64-linux-gnu/libcrypto.so.3)
     n1: 8192 0x5F0BEE7: __pthread_once_slow (pthread_once.c:116)
      n1: 8192 0x625E1EC: CRYPTO_THREAD_run_once (in /usr/lib/x86_64-linux-gnu/libcrypto.so.3)
       n1: 8192 0x625AEE2: OPENSSL_init_crypto (in /usr/lib/x86_64-linux-gnu/libcrypto.so.3)
        n1: 8192 0x6208686: ??? (in /usr/lib/x86_64-linux-gnu/libcrypto.so.3)
         n1: 8192 0x620904C: ERR_set_mark (in /usr/lib/x86_64-linux-gnu/libcrypto.so.3)
          n1: 8192 0x61B5451: CONF_modules_load_file_ex (in /usr/lib/x86_64-linux-gnu/libcrypto.so.3)
           n1: 8192 0x625A6EF: ??? (in /usr/lib/x86_64-linux-gnu/libcrypto.so.3)
            n1: 8192 0x5F0BEE7: __pthread_once_slow (pthread_once.c:116)
             n1: 8192 0x625E1EC: CRYPTO_THREAD_run_once (in /usr/lib/x86_64-linux-gnu/libcrypto.so.3)
              n1: 8192 0x625B155: OPENSSL_init_crypto (in /usr/lib/x86_64-linux-gnu/libcrypto.so.3)
               n1: 8192 0x63307AC: ??? (in /usr/lib/x86_64-linux-gnu/libcrypto.so.3)
                n1: 8192 0x62853A4: RAND_get_rand_method (in /usr/lib/x86_64-linux-gnu/libcrypto.so.3)
                 n1: 8192 0x6285EC9: RAND_status (in /usr/lib/x86_64-linux-gnu/libcrypto.so.3)
                  n1: 8192 0x5C962CF: OQS_randombytes_openssl (in /home/anss/random/bench/install/lib/liboqs.so.0.15.0)
                   n1: 8192 0x4AAB6AB: PQCLEAN_HQC128_CLEAN_hqc_pke_keygen (in /home/anss/random/bench/install/lib/liboqs.so.0.15.0)
                    n1: 8192 0x4AABCAC: PQCLEAN_HQC128_CLEAN_crypto_kem_keypair (in /home/anss/random/bench/install/lib/liboqs.so.0.15.0)
                     n1: 8192 0x4AA8EFA: OQS_KEM_hqc_128_keypair (in /home/anss/random/bench/install/lib/liboqs.so.0.15.0)
                      n0: 8192 0x1092FB: main (in /home/anss/random/bench/mem_kem)
    n0: 0 in 3 places, all below massif's threshold (1.00%)
   n0: 0 in 2 places, all below massif's threshold (1.00%)
  n0: 3072 in 3 places, all below massif's threshold (1.00%)
 n0: 9426 in 31 places, all below massif's threshold (1.00%)
 n1: 5424 0x62695D8: OBJ_NAME_add (in /usr/lib/x86_64-linux-gnu/libcrypto.so.3)
  n0: 5424 in 208 places, all below massif's threshold (1.00%)
 n2: 4580 0x6253C72: CRYPTO_strndup (in /usr/lib/x86_64-linux-gnu/libcrypto.so.3)
  n1: 4233 0x62559C1: ??? (in /usr/lib/x86_64-linux-gnu/libcrypto.so.3)
   n0: 4233 in 3 places, all below massif's threshold (1.00%)
  n0: 347 in 3 places, all below massif's threshold (1.00%)
 n0: 4433 0x10928B: main (in /home/anss/random/bench/mem_kem)
#-----------
snapshot=38
#-----------
time=6587578
mem_heap_B=409079
mem_heap_extra_B=46409
mem_stacks_B=0
heap_tree=empty
#-----------
snapshot=39
#-----------
time=6690802
mem_heap_B=413811
mem_heap_extra_B=47141
mem_stacks_B=0
heap_tree=empty
#-----------
snapshot=40
#-----------
time=6806731
mem_heap_B=417684
mem_heap_extra_B=47700
mem_stacks_B=0
heap_tree=empty
#-----------
snapshot=41
#-----------
time=6961854
mem_heap_B=425260
mem_heap_extra_B=48804
mem_stacks_B=0
heap_tree=detailed
n6: 425260 (heap allocation functions) malloc/new/new[], --alloc-fns, etc.
 n7: 341808 0x6252C3D: CRYPTO_zalloc (in /usr/lib/x86_64-linux-gnu/libcrypto.so.3)
  n1: 229376 0x625DFC4: ??? (in /usr/lib/x86_64-linux-gnu/libcrypto.so.3)
   n1: 229376 0x6284365: ??? (in /usr/lib/x86_64-linux-gnu/libcrypto.so.3)
    n1: 229376 0x6227DB9: ??? (in /usr/lib/x86_64-linux-gnu/libcrypto.so.3)
     n1: 229376 0x6247CFB: ??? (in /usr/lib/x86_64-linux-gnu/libcrypto.so.3)
      n1: 229376 0x6247BBB: ??? (in /usr/lib/x86_64-linux-gnu/libcrypto.so.3)
       n1: 229376 0x62672DA: ??? (in /usr/lib/x86_64-linux-gnu/libcrypto.so.3)
        n1: 229376 0x63309E7: ??? (in /usr/lib/x86_64-linux-gnu/libcrypto.so.3)
         n2: 229376 0x633103D: ??? (in /usr/lib/x86_64-linux-gnu/libcrypto.so.3)
          n1: 196608 0x6228652: EVP_CIPHER_fetch (in /usr/lib/x86_64-linux-gnu/libcrypto.so.3)
           n1: 196608 0x631B6C4: ??? (in /usr/lib/x86_64-linux-gnu/libcrypto.so.3)
            n1: 196608 0x631BB22: ??? (in /usr/lib/x86_64-linux-gnu/libcrypto.so.3)
             n1: 196608 0x6233AD7: EVP_RAND_instantiate (in /usr/lib/x86_64-linux-gnu/libcrypto.so.3)
              n1: 196608 0x6285A91: ??? (in /usr/lib/x86_64-linux-gnu/libcrypto.so.3)
               n1: 196608 0x6285C2B: RAND_get0_primary (in /usr/lib/x86_64-linux-gnu/libcrypto.so.3)
                n1: 196608 0x6285EF6: RAND_status (in /usr/lib/x86_64-linux-gnu/libcrypto.so.3)
                 n1: 196608 0x5C962CF: OQS_randombytes_openssl (in /home/anss/random/bench/install/lib/liboqs.so.0.15.0)
                  n1: 196608 0x4AAB6AB: PQCLEAN_HQC128_CLEAN_hqc_pke_keygen (in /home/anss/random/bench/install/lib/liboqs.so.0.15.0)
                   n1: 196608 0x4AABCAC: PQCLEAN_HQC128_CLEAN_crypto_kem_keypair (in /home/anss/random/bench/install/lib/liboqs.so.0.15.0)
                    n1: 196608 0x4AA8EFA: OQS_KEM_hqc_128_keypair (in /home/anss/random/bench/install/lib/liboqs.so.0.15.0)
                     n0: 196608 0x1092FB: main (in /home/anss/random/bench/mem_kem)
          n1: 32768 0x62336C2: EVP_RAND_fetch (in /usr/lib/x86_64-linux-gnu/libcrypto.so.3)
           n1: 32768 0x6285CDB: RAND_get0_primary (in /usr/lib/x86_64-linux-gnu/libcrypto.so.3)
            n1: 32768 0x6285EF6: RAND_status (in /usr/lib/x86_64-linux-gnu/libcrypto.so.3)
             n1: 32768 0x5C962CF: OQS_randombytes_openssl (in /home/anss/random/bench/install/lib/liboqs.so.0.15.0)
              n1: 32768 0x4AAB6AB: PQCLEAN_HQC128_CLEAN_hqc_pke_keygen (in /home/anss/random/bench/install/lib/liboqs.so.0.15.0)
               n1: 32768 0x4AABCAC: PQCLEAN_HQC128_CLEAN_crypto_kem_keypair (in /home/anss/random/bench/install/lib/liboqs.so.0.15.0)
                n1: 32768 0x4AA8EFA: OQS_KEM_hqc_128_keypair (in /home/anss/random/bench/install/lib/liboqs.so.0.15.0)
                 n0: 32768 0x1092FB: main (in /home/anss/random/bench/mem_kem)
  n1: 65536 0x625DF52: ??? (in /usr/lib/x86_64-linux-gnu/libcrypto.so.3)
   n1: 65536 0x6284365: ??? (in /usr/lib/x86_64-linux-gnu/libcrypto.so.3)
    n1: 65536 0x6227DB9: ??? (in /usr/lib/x86_64-linux-gnu/libcrypto.so.3)
     n1: 65536 0x6247CFB: ??? (in /usr/lib/x86_64-linux-gnu/libcrypto.so.3)
      n1: 65536 0x6247BBB: ??? (in /usr/lib/x86_64-linux-gnu/libcrypto.so.3)
       n1: 65536 0x62672DA: ??? (in /usr/lib/x86_64-linux-gnu/libcrypto.so.3)
        n1: 65536 0x63309E7: ??? (in /usr/lib/x86_64-linux-gnu/libcrypto.so.3)
         n1: 65536 0x633103D: ??? (in /usr/lib/x86_64-linux-gnu/libcrypto.so.3)
          n1: 65536 0x62336C2: EVP_RAND_fetch (in /usr/lib/x86_64-linux-gnu/libcrypto.so.3)
           n1: 65536 0x6285CDB: RAND_get0_primary (in /usr/lib/x86_64-linux-gnu/libcrypto.so.3)
            n1: 65536 0x6285EF6: RAND_status (in /usr/lib/x86_64-linux-gnu/libcrypto.so.3)
             n1: 65536 0x5C962CF: OQS_randombytes_openssl (in /home/anss/random/bench/install/lib/liboqs.so.0.15.0)
              n1: 65536 0x4AAB6AB: PQCLEAN_HQC128_CLEAN_hqc_pke_keygen (in /home/anss/random/bench/install/lib/liboqs.so.0.15.0)
               n1: 65536 0x4AABCAC: PQCLEAN_HQC128_CLEAN_crypto_kem_keypair (in /home/anss/random/bench/install/lib/liboqs.so.0.15.0)
                n1: 65536 0x4AA8EFA: OQS_KEM_hqc_128_keypair (in /home/anss/random/bench/install/lib/liboqs.so.0.15.0)
                 n0: 65536 0x1092FB: main (in /home/anss/random/bench/mem_kem)
  n0: 13440 in 28 places, all below massif's threshold (1.00%)
  n1: 11776 0x622FE73: ??? (in /usr/lib/x86_64-linux-gnu/libcrypto.so.3)
   n1: 11776 0x623119D: ??? (in /usr/lib/x86_64-linux-gnu/libcrypto.so.3)
    n1: 11776 0x6227E59: ??? (in /usr/lib/x86_64-linux-gnu/libcrypto.so.3)
     n1: 11776 0x6247C98: ??? (in /usr/lib/x86_64-linux-gnu/libcrypto.so.3)
      n1: 11776 0x6247BBB: ??? (in /usr/lib/x86_64-linux-gnu/libcrypto.so.3)
       n1: 11776 0x62672DA: ??? (in /usr/lib/x86_64-linux-gnu/libcrypto.so.3)
        n1: 11776 0x63309E7: ??? (in /usr/lib/x86_64-linux-gnu/libcrypto.so.3)
         n1: 11776 0x633103D: ??? (in /usr/lib/x86_64-linux-gnu/libcrypto.so.3)
          n1: 11776 0x6228652: EVP_CIPHER_fetch (in /usr/lib/x86_64-linux-gnu/libcrypto.so.3)
           n1: 11776 0x631B6C4: ??? (in /usr/lib/x86_64-linux-gnu/libcrypto.so.3)
            n1: 11776 0x631BB22: ??? (in /usr/lib/x86_64-linux-gnu/libcrypto.so.3)
             n1: 11776 0x6233AD7: EVP_RAND_instantiate (in /usr/lib/x86_64-linux-gnu/libcrypto.so.3)
              n1: 11776 0x6285A91: ??? (in /usr/lib/x86_64-linux-gnu/libcrypto.so.3)
               n1: 11776 0x6285C2B: RAND_get0_primary (in /usr/lib/x86_64-linux-gnu/libcrypto.so.3)
                n1: 11776 0x6285EF6: RAND_status (in /usr/lib/x86_64-linux-gnu/libcrypto.so.3)
                 n1: 11776 0x5C962CF: OQS_randombytes_openssl (in /home/anss/random/bench/install/lib/liboqs.so.0.15.0)
                  n1: 11776 0x4AAB6AB: PQCLEAN_HQC128_CLEAN_hqc_pke_keygen (in /home/anss/random/bench/install/lib/liboqs.so.0.15.0)
                   n1: 11776 0x4AABCAC: PQCLEAN_HQC128_CLEAN_crypto_kem_keypair (in /home/anss/random/bench/install/lib/liboqs.so.0.15.0)
                    n1: 11776 0x4AA8EFA: OQS_KEM_hqc_128_keypair (in /home/anss/random/bench/install/lib/liboqs.so.0.15.0)
                     n0: 11776 0x1092FB: main (in /home/anss/random/bench/mem_kem)
  n2: 9856 0x62482DC: OPENSSL_LH_new (in /usr/lib/x86_64-linux-gnu/libcrypto.so.3)
   n1: 8800 0x628433F: ??? (in /usr/lib/x86_64-linux-gnu/libcrypto.so.3)
    n1: 8800 0x6227DB9: ??? (in /usr/lib/x86_64-linux-gnu/libcrypto.so.3)
     n1: 8800 0x6247CFB: ??? (in /usr/lib/x86_64-linux-gnu/libcrypto.so.3)
      n1: 8800 0x6247BBB: ??? (in /usr/lib/x86_64-linux-gnu/libcrypto.so.3)
       n1: 8800 0x62672DA: ??? (in /usr/lib/x86_64-linux-gnu/libcrypto.so.3)
        n1: 8800 0x63309E7: ??? (in /usr/lib/x86_64-linux-gnu/libcrypto.so.3)
         n2: 8800 0x633103D: ??? (in /usr/lib/x86_64-linux-gnu/libcrypto.so.3)
          n1: 7920 0x6228652: EVP_CIPHER_fetch (in /usr/lib/x86_64-linux-gnu/libcrypto.so.3)
           n1: 7920 0x631B6C4: ??? (in /usr/lib/x86_64-linux-gnu/libcrypto.so.3)
            n1: 7920 0x631BB22: ??? (in /usr/lib/x86_64-linux-gnu/libcrypto.so.3)
             n1: 7920 0x6233AD7: EVP_RAND_instantiate (in /usr/lib/x86_64-linux-gnu/libcrypto.so.3)
              n1: 7920 0x6285A91: ??? (in /usr/lib/x86_64-linux-gnu/libcrypto.so.3)
               n1: 7920 0x6285C2B: RAND_get0_primary (in /usr/lib/x86_64-linux-gnu/libcrypto.so.3)
                n1: 7920 0x6285EF6: RAND_status (in /usr/lib/x86_64-linux-gnu/libcrypto.so.3)
                 n1: 7920 0x5C962CF: OQS_randombytes_openssl (in /home/anss/random/bench/install/lib/liboqs.so.0.15.0)
                  n1: 7920 0x4AAB6AB: PQCLEAN_HQC128_CLEAN_hqc_pke_keygen (in /home/anss/random/bench/install/lib/liboqs.so.0.15.0)
                   n1: 7920 0x4AABCAC: PQCLEAN_HQC128_CLEAN_crypto_kem_keypair (in /home/anss/random/bench/install/lib/liboqs.so.0.15.0)
                    n1: 7920 0x4AA8EFA: OQS_KEM_hqc_128_keypair (in /home/anss/random/bench/install/lib/liboqs.so.0.15.0)
                     n0: 7920 0x1092FB: main (in /home/anss/random/bench/mem_kem)
          n0: 880 in 1 place, below massif's threshold (1.00%)
   n0: 1056 in 7 places, all below massif's threshold (1.00%)
  n2: 6784 0x62482F6: OPENSSL_LH_new (in /usr/lib/x86_64-linux-gnu/libcrypto.so.3)
   n1: 6400 0x628433F: ??? (in /usr/lib/x86_64-linux-gnu/libcrypto.so.3)
    n1: 6400 0x6227DB9: ??? (in /usr/lib/x86_64-linux-gnu/libcrypto.so.3)
     n1: 6400 0x6247CFB: ??? (in /usr/lib/x86_64-linux-gnu/libcrypto.so.3)
      n1: 6400 0x6247BBB: ??? (in /usr/lib/x86_64-linux-gnu/libcrypto.so.3)
       n1: 6400 0x62672DA: ??? (in /usr/lib/x86_64-linux-gnu/libcrypto.so.3)
        n1: 6400 0x63309E7: ??? (in /usr/lib/x86_64-linux-gnu/libcrypto.so.3)
         n2: 6400 0x633103D: ??? (in /usr/lib/x86_64-linux-gnu/libcrypto.so.3)
          n1: 5760 0x6228652: EVP_CIPHER_fetch (in /usr/lib/x86_64-linux-gnu/libcrypto.so.3)
           n1: 5760 0x631B6C4: ??? (in /usr/lib/x86_64-linux-gnu/libcrypto.so.3)
            n1: 5760 0x631BB22: ??? (in /usr/lib/x86_64-linux-gnu/libcrypto.so.3)
             n1: 5760 0x6233AD7: EVP_RAND_instantiate (in /usr/lib/x86_64-linux-gnu/libcrypto.so.3)
              n1: 5760 0x6285A91: ??? (in /usr/lib/x86_64-linux-gnu/libcrypto.so.3)
               n1: 5760 0x6285C2B: RAND_get0_primary (in /usr/lib/x86_64-linux-gnu/libcrypto.so.3)
                n1: 5760 0x6285EF6: RAND_status (in /usr/lib/x86_64-linux-gnu/libcrypto.so.3)
                 n1: 5760 0x5C962CF: OQS_randombytes_openssl (in /home/anss/random/bench/install/lib/liboqs.so.0.15.0)
                  n1: 5760 0x4AAB6AB: PQCLEAN_HQC128_CLEAN_hqc_pke_keygen (in /home/anss/random/bench/install/lib/liboqs.so.0.15.0)
                   n1: 5760 0x4AABCAC: PQCLEAN_HQC128_CLEAN_crypto_kem_keypair (in /home/anss/random/bench/install/lib/liboqs.so.0.15.0)
                    n1: 5760 0x4AA8EFA: OQS_KEM_hqc_128_keypair (in /home/anss/random/bench/install/lib/liboqs.so.0.15.0)
                     n0: 5760 0x1092FB: main (in /home/anss/random/bench/mem_kem)
          n0: 640 in 1 place, below massif's threshold (1.00%)
   n0: 384 in 7 places, all below massif's threshold (1.00%)
  n1: 5040 0x625E073: CRYPTO_THREAD_lock_new (in /usr/lib/x86_64-linux-gnu/libcrypto.so.3)
   n0: 5040 in 23 places, all below massif's threshold (1.00%)
 n4: 46704 0x6248625: OPENSSL_LH_insert (in /usr/lib/x86_64-linux-gnu/libcrypto.so.3)
  n2: 33912 0x6339B72: ??? (in /usr/lib/x86_64-linux-gnu/libcrypto.so.3)
   n1: 31944 0x6206BEF: ERR_load_strings_const (in /usr/lib/x86_64-linux-gnu/libcrypto.so.3)
    n0: 31944 in 33 places, all below massif's threshold (1.00%)
   n0: 1968 in 2 places, all below massif's threshold (1.00%)
  n1: 7080 0x62559E2: ??? (in /usr/lib/x86_64-linux-gnu/libcrypto.so.3)
   n0: 7080 in 3 places, all below massif's threshold (1.00%)
  n1: 5424 0x626961A: OBJ_NAME_add (in /usr/lib/x86_64-linux-gnu/libcrypto.so.3)
   n0: 5424 in 57 places, all below massif's threshold (1.00%)
  n0: 288 in 5 places, all below massif's threshold (1.00%)
 n0: 14907 in 32 places, all below massif's threshold (1.00%)
 n2: 11264 0x62485D3: OPENSSL_LH_insert (in /usr/lib/x86_64-linux-gnu/libcrypto.so.3)
  n2: 8192 0x6339B72: ??? (in /usr/lib/x86_64-linux-gnu/libcrypto.so.3)
   n2: 8192 0x6206BEF: ERR_load_strings_const (in /usr/lib/x86_64-linux-gnu/libcrypto.so.3)
    n1: 8192 0x62598DE: ??? (in /usr/lib/x86_64-linux-gnu/libcrypto.so.3)
     n1: 8192 0x5F0BEE7: __pthread_once_slow (pthread_once.c:116)
      n1: 8192 0x625E1EC: CRYPTO_THREAD_run_once (in /usr/lib/x86_64-linux-gnu/libcrypto.so.3)
       n1: 8192 0x625AEE2: OPENSSL_init_crypto (in /usr/lib/x86_64-linux-gnu/libcrypto.so.3)
        n1: 8192 0x6208686: ??? (in /usr/lib/x86_64-linux-gnu/libcrypto.so.3)
         n1: 8192 0x620904C: ERR_set_mark (in /usr/lib/x86_64-linux-gnu/libcrypto.so.3)
          n1: 8192 0x61B5451: CONF_modules_load_file_ex (in /usr/lib/x86_64-linux-gnu/libcrypto.so.3)
           n1: 8192 0x625A6EF: ??? (in /usr/lib/x86_64-linux-gnu/libcrypto.so.3)
            n1: 8192 0x5F0BEE7: __pthread_once_slow (pthread_once.c:116)
             n1: 8192 0x625E1EC: CRYPTO_THREAD_run_once (in /usr/lib/x86_64-linux-gnu/libcrypto.so.3)
              n1: 8192 0x625B155: OPENSSL_init_crypto (in /usr/lib/x86_64-linux-gnu/libcrypto.so.3)
               n1: 8192 0x63307AC: ??? (in /usr/lib/x86_64-linux-gnu/libcrypto.so.3)
                n1: 8192 0x62853A4: RAND_get_rand_method (in /usr/lib/x86_64-linux-gnu/libcrypto.so.3)
                 n1: 8192 0x6285EC9: RAND_status (in /usr/lib/x86_64-linux-gnu/libcrypto.so.3)
                  n1: 8192 0x5C962CF: OQS_randombytes_openssl (in /home/anss/random/bench/install/lib/liboqs.so.0.15.0)
                   n1: 8192 0x4AAB6AB: PQCLEAN_HQC128_CLEAN_hqc_pke_keygen (in /home/anss/random/bench/install/lib/liboqs.so.0.15.0)
                    n1: 8192 0x4AABCAC: PQCLEAN_HQC128_CLEAN_crypto_kem_keypair (in /home/anss/random/bench/install/lib/liboqs.so.0.15.0)
                     n1: 8192 0x4AA8EFA: OQS_KEM_hqc_128_keypair (in /home/anss/random/bench/install/lib/liboqs.so.0.15.0)
                      n0: 8192 0x1092FB: main (in /home/anss/random/bench/mem_kem)
    n0: 0 in 3 places, all below massif's threshold (1.00%)
   n0: 0 in 2 places, all below massif's threshold (1.00%)
  n0: 3072 in 3 places, all below massif's threshold (1.00%)
 n1: 5424 0x62695D8: OBJ_NAME_add (in /usr/lib/x86_64-linux-gnu/libcrypto.so.3)
  n0: 5424 in 208 places, all below massif's threshold (1.00%)
 n1: 5153 0x6253C72: CRYPTO_strndup (in /usr/lib/x86_64-linux-gnu/libcrypto.so.3)
  n0: 5153 in 4 places, all below massif's threshold (1.00%)
#-----------
snapshot=42
#-----------
time=7151867
mem_heap_B=462555
mem_heap_extra_B=50205
mem_stacks_B=0
heap_tree=empty
#-----------
snapshot=43
#-----------
time=7310027
mem_heap_B=471169
mem_heap_extra_B=51063
mem_stacks_B=0
heap_tree=detailed
n6: 471169 (heap allocation functions) malloc/new/new[], --alloc-fns, etc.
 n7: 386064 0x6252C3D: CRYPTO_zalloc (in /usr/lib/x86_64-linux-gnu/libcrypto.so.3)
  n1: 262144 0x625DFC4: ??? (in /usr/lib/x86_64-linux-gnu/libcrypto.so.3)
   n1: 262144 0x6284365: ??? (in /usr/lib/x86_64-linux-gnu/libcrypto.so.3)
    n1: 262144 0x6227DB9: ??? (in /usr/lib/x86_64-linux-gnu/libcrypto.so.3)
     n1: 262144 0x6247CFB: ??? (in /usr/lib/x86_64-linux-gnu/libcrypto.so.3)
      n1: 262144 0x6247BBB: ??? (in /usr/lib/x86_64-linux-gnu/libcrypto.so.3)
       n1: 262144 0x62672DA: ??? (in /usr/lib/x86_64-linux-gnu/libcrypto.so.3)
        n1: 262144 0x63309E7: ??? (in /usr/lib/x86_64-linux-gnu/libcrypto.so.3)
         n2: 262144 0x633103D: ??? (in /usr/lib/x86_64-linux-gnu/libcrypto.so.3)
          n1: 229376 0x6228652: EVP_CIPHER_fetch (in /usr/lib/x86_64-linux-gnu/libcrypto.so.3)
           n1: 229376 0x631B6C4: ??? (in /usr/lib/x86_64-linux-gnu/libcrypto.so.3)
            n1: 229376 0x631BB22: ??? (in /usr/lib/x86_64-linux-gnu/libcrypto.so.3)
             n1: 229376 0x6233AD7: EVP_RAND_instantiate (in /usr/lib/x86_64-linux-gnu/libcrypto.so.3)
              n1: 229376 0x6285A91: ??? (in /usr/lib/x86_64-linux-gnu/libcrypto.so.3)
               n1: 229376 0x6285C2B: RAND_get0_primary (in /usr/lib/x86_64-linux-gnu/libcrypto.so.3)
                n1: 229376 0x6285EF6: RAND_status (in /usr/lib/x86_64-linux-gnu/libcrypto.so.3)
                 n1: 229376 0x5C962CF: OQS_randombytes_openssl (in /home/anss/random/bench/install/lib/liboqs.so.0.15.0)
                  n1: 229376 0x4AAB6AB: PQCLEAN_HQC128_CLEAN_hqc_pke_keygen (in /home/anss/random/bench/install/lib/liboqs.so.0.15.0)
                   n1: 229376 0x4AABCAC: PQCLEAN_HQC128_CLEAN_crypto_kem_keypair (in /home/anss/random/bench/install/lib/liboqs.so.0.15.0)
                    n1: 229376 0x4AA8EFA: OQS_KEM_hqc_128_keypair (in /home/anss/random/bench/install/lib/liboqs.so.0.15.0)
                     n0: 229376 0x1092FB: main (in /home/anss/random/bench/mem_kem)
          n1: 32768 0x62336C2: EVP_RAND_fetch (in /usr/lib/x86_64-linux-gnu/libcrypto.so.3)
           n1: 32768 0x6285CDB: RAND_get0_primary (in /usr/lib/x86_64-linux-gnu/libcrypto.so.3)
            n1: 32768 0x6285EF6: RAND_status (in /usr/lib/x86_64-linux-gnu/libcrypto.so.3)
             n1: 32768 0x5C962CF: OQS_randombytes_openssl (in /home/anss/random/bench/install/lib/liboqs.so.0.15.0)
              n1: 32768 0x4AAB6AB: PQCLEAN_HQC128_CLEAN_hqc_pke_keygen (in /home/anss/random/bench/install/lib/liboqs.so.0.15.0)
               n1: 32768 0x4AABCAC: PQCLEAN_HQC128_CLEAN_crypto_kem_keypair (in /home/anss/random/bench/install/lib/liboqs.so.0.15.0)
                n1: 32768 0x4AA8EFA: OQS_KEM_hqc_128_keypair (in /home/anss/random/bench/install/lib/liboqs.so.0.15.0)
                 n0: 32768 0x1092FB: main (in /home/anss/random/bench/mem_kem)
  n1: 65536 0x625DF52: ??? (in /usr/lib/x86_64-linux-gnu/libcrypto.so.3)
   n1: 65536 0x6284365: ??? (in /usr/lib/x86_64-linux-gnu/libcrypto.so.3)
    n1: 65536 0x6227DB9: ??? (in /usr/lib/x86_64-linux-gnu/libcrypto.so.3)
     n1: 65536 0x6247CFB: ??? (in /usr/lib/x86_64-linux-gnu/libcrypto.so.3)
      n1: 65536 0x6247BBB: ??? (in /usr/lib/x86_64-linux-gnu/libcrypto.so.3)
       n1: 65536 0x62672DA: ??? (in /usr/lib/x86_64-linux-gnu/libcrypto.so.3)
        n1: 65536 0x63309E7: ??? (in /usr/lib/x86_64-linux-gnu/libcrypto.so.3)
         n1: 65536 0x633103D: ??? (in /usr/lib/x86_64-linux-gnu/libcrypto.so.3)
          n1: 65536 0x62336C2: EVP_RAND_fetch (in /usr/lib/x86_64-linux-gnu/libcrypto.so.3)
           n1: 65536 0x6285CDB: RAND_get0_primary (in /usr/lib/x86_64-linux-gnu/libcrypto.so.3)
            n1: 65536 0x6285EF6: RAND_status (in /usr/lib/x86_64-linux-gnu/libcrypto.so.3)
             n1: 65536 0x5C962CF: OQS_randombytes_openssl (in /home/anss/random/bench/install/lib/liboqs.so.0.15.0)
              n1: 65536 0x4AAB6AB: PQCLEAN_HQC128_CLEAN_hqc_pke_keygen (in /home/anss/random/bench/install/lib/liboqs.so.0.15.0)
               n1: 65536 0x4AABCAC: PQCLEAN_HQC128_CLEAN_crypto_kem_keypair (in /home/anss/random/bench/install/lib/liboqs.so.0.15.0)
                n1: 65536 0x4AA8EFA: OQS_KEM_hqc_128_keypair (in /home/anss/random/bench/install/lib/liboqs.so.0.15.0)
                 n0: 65536 0x1092FB: main (in /home/anss/random/bench/mem_kem)
  n1: 15872 0x622FE73: ??? (in /usr/lib/x86_64-linux-gnu/libcrypto.so.3)
   n1: 15872 0x623119D: ??? (in /usr/lib/x86_64-linux-gnu/libcrypto.so.3)
    n1: 15872 0x6227E59: ??? (in /usr/lib/x86_64-linux-gnu/libcrypto.so.3)
     n1: 15872 0x6247C98: ??? (in /usr/lib/x86_64-linux-gnu/libcrypto.so.3)
      n1: 15872 0x6247BBB: ??? (in /usr/lib/x86_64-linux-gnu/libcrypto.so.3)
       n1: 15872 0x62672DA: ??? (in /usr/lib/x86_64-linux-gnu/libcrypto.so.3)
        n1: 15872 0x63309E7: ??? (in /usr/lib/x86_64-linux-gnu/libcrypto.so.3)
         n1: 15872 0x633103D: ??? (in /usr/lib/x86_64-linux-gnu/libcrypto.so.3)
          n1: 15872 0x6228652: EVP_CIPHER_fetch (in /usr/lib/x86_64-linux-gnu/libcrypto.so.3)
           n1: 15872 0x631B6C4: ??? (in /usr/lib/x86_64-linux-gnu/libcrypto.so.3)
            n1: 15872 0x631BB22: ??? (in /usr/lib/x86_64-linux-gnu/libcrypto.so.3)
             n1: 15872 0x6233AD7: EVP_RAND_instantiate (in /usr/lib/x86_64-linux-gnu/libcrypto.so.3)
              n1: 15872 0x6285A91: ??? (in /usr/lib/x86_64-linux-gnu/libcrypto.so.3)
               n1: 15872 0x6285C2B: RAND_get0_primary (in /usr/lib/x86_64-linux-gnu/libcrypto.so.3)
                n1: 15872 0x6285EF6: RAND_status (in /usr/lib/x86_64-linux-gnu/libcrypto.so.3)
                 n1: 15872 0x5C962CF: OQS_randombytes_openssl (in /home/anss/random/bench/install/lib/liboqs.so.0.15.0)
                  n1: 15872 0x4AAB6AB: PQCLEAN_HQC128_CLEAN_hqc_pke_keygen (in /home/anss/random/bench/install/lib/liboqs.so.0.15.0)
                   n1: 15872 0x4AABCAC: PQCLEAN_HQC128_CLEAN_crypto_kem_keypair (in /home/anss/random/bench/install/lib/liboqs.so.0.15.0)
                    n1: 15872 0x4AA8EFA: OQS_KEM_hqc_128_keypair (in /home/anss/random/bench/install/lib/liboqs.so.0.15.0)
                     n0: 15872 0x1092FB: main (in /home/anss/random/bench/mem_kem)
  n0: 15072 in 28 places, all below massif's threshold (1.00%)
  n2: 12672 0x62482DC: OPENSSL_LH_new (in /usr/lib/x86_64-linux-gnu/libcrypto.so.3)
   n1: 11616 0x628433F: ??? (in /usr/lib/x86_64-linux-gnu/libcrypto.so.3)
    n1: 11616 0x6227DB9: ??? (in /usr/lib/x86_64-linux-gnu/libcrypto.so.3)
     n1: 11616 0x6247CFB: ??? (in /usr/lib/x86_64-linux-gnu/libcrypto.so.3)
      n1: 11616 0x6247BBB: ??? (in /usr/lib/x86_64-linux-gnu/libcrypto.so.3)
       n1: 11616 0x62672DA: ??? (in /usr/lib/x86_64-linux-gnu/libcrypto.so.3)
        n1: 11616 0x63309E7: ??? (in /usr/lib/x86_64-linux-gnu/libcrypto.so.3)
         n2: 11616 0x633103D: ??? (in /usr/lib/x86_64-linux-gnu/libcrypto.so.3)
          n1: 10736 0x6228652: EVP_CIPHER_fetch (in /usr/lib/x86_64-linux-gnu/libcrypto.so.3)
           n1: 10736 0x631B6C4: ??? (in /usr/lib/x86_64-linux-gnu/libcrypto.so.3)
            n1: 10736 0x631BB22: ??? (in /usr/lib/x86_64-linux-gnu/libcrypto.so.3)
             n1: 10736 0x6233AD7: EVP_RAND_instantiate (in /usr/lib/x86_64-linux-gnu/libcrypto.so.3)
              n1: 10736 0x6285A91: ??? (in /usr/lib/x86_64-linux-gnu/libcrypto.so.3)
               n1: 10736 0x6285C2B: RAND_get0_primary (in /usr/lib/x86_64-linux-gnu/libcrypto.so.3)
                n1: 10736 0x6285EF6: RAND_status (in /usr/lib/x86_64-linux-gnu/libcrypto.so.3)
                 n1: 10736 0x5C962CF: OQS_randombytes_openssl (in /home/anss/random/bench/install/lib/liboqs.so.0.15.0)
                  n1: 10736 0x4AAB6AB: PQCLEAN_HQC128_CLEAN_hqc_pke_keygen (in /home/anss/random/bench/install/lib/liboqs.so.0.15.0)
                   n1: 10736 0x4AABCAC: PQCLEAN_HQC128_CLEAN_crypto_kem_keypair (in /home/anss/random/bench/install/lib/liboqs.so.0.15.0)
                    n1: 10736 0x4AA8EFA: OQS_KEM_hqc_128_keypair (in /home/anss/random/bench/install/lib/liboqs.so.0.15.0)
                     n0: 10736 0x1092FB: main (in /home/anss/random/bench/mem_kem)
          n0: 880 in 1 place, below massif's threshold (1.00%)
   n0: 1056 in 7 places, all below massif's threshold (1.00%)
  n2: 8832 0x62482F6: OPENSSL_LH_new (in /usr/lib/x86_64-linux-gnu/libcrypto.so.3)
   n1: 8448 0x628433F: ??? (in /usr/lib/x86_64-linux-gnu/libcrypto.so.3)
    n1: 8448 0x6227DB9: ??? (in /usr/lib/x86_64-linux-gnu/libcrypto.so.3)
     n1: 8448 0x6247CFB: ??? (in /usr/lib/x86_64-linux-gnu/libcrypto.so.3)
      n1: 8448 0x6247BBB: ??? (in /usr/lib/x86_64-linux-gnu/libcrypto.so.3)
       n1: 8448 0x62672DA: ??? (in /usr/lib/x86_64-linux-gnu/libcrypto.so.3)
        n1: 8448 0x63309E7: ??? (in /usr/lib/x86_64-linux-gnu/libcrypto.so.3)
         n2: 8448 0x633103D: ??? (in /usr/lib/x86_64-linux-gnu/libcrypto.so.3)
          n1: 7808 0x6228652: EVP_CIPHER_fetch (in /usr/lib/x86_64-linux-gnu/libcrypto.so.3)
           n1: 7808 0x631B6C4: ??? (in /usr/lib/x86_64-linux-gnu/libcrypto.so.3)
            n1: 7808 0x631BB22: ??? (in /usr/lib/x86_64-linux-gnu/libcrypto.so.3)
             n1: 7808 0x6233AD7: EVP_RAND_instantiate (in /usr/lib/x86_64-linux-gnu/libcrypto.so.3)
              n1: 7808 0x6285A91: ??? (in /usr/lib/x86_64-linux-gnu/libcrypto.so.3)
               n1: 7808 0x6285C2B: RAND_get0_primary (in /usr/lib/x86_64-linux-gnu/libcrypto.so.3)
                n1: 7808 0x6285EF6: RAND_status (in /usr/lib/x86_64-linux-gnu/libcrypto.so.3)
                 n1: 7808 0x5C962CF: OQS_randombytes_openssl (in /home/anss/random/bench/install/lib/liboqs.so.0.15.0)
                  n1: 7808 0x4AAB6AB: PQCLEAN_HQC128_CLEAN_hqc_pke_keygen (in /home/anss/random/bench/install/lib/liboqs.so.0.15.0)
                   n1: 7808 0x4AABCAC: PQCLEAN_HQC128_CLEAN_crypto_kem_keypair (in /home/anss/random/bench/install/lib/liboqs.so.0.15.0)
                    n1: 7808 0x4AA8EFA: OQS_KEM_hqc_128_keypair (in /home/anss/random/bench/install/lib/liboqs.so.0.15.0)
                     n0: 7808 0x1092FB: main (in /home/anss/random/bench/mem_kem)
          n0: 640 in 1 place, below massif's threshold (1.00%)
   n0: 384 in 7 places, all below massif's threshold (1.00%)
  n1: 5936 0x625E073: CRYPTO_THREAD_lock_new (in /usr/lib/x86_64-linux-gnu/libcrypto.so.3)
   n0: 5936 in 23 places, all below massif's threshold (1.00%)
 n4: 47040 0x6248625: OPENSSL_LH_insert (in /usr/lib/x86_64-linux-gnu/libcrypto.so.3)
  n2: 33912 0x6339B72: ??? (in /usr/lib/x86_64-linux-gnu/libcrypto.so.3)
   n1: 31944 0x6206BEF: ERR_load_strings_const (in /usr/lib/x86_64-linux-gnu/libcrypto.so.3)
    n0: 31944 in 33 places, all below massif's threshold (1.00%)
   n0: 1968 in 2 places, all below massif's threshold (1.00%)
  n1: 7416 0x62559E2: ??? (in /usr/lib/x86_64-linux-gnu/libcrypto.so.3)
   n0: 7416 in 3 places, all below massif's threshold (1.00%)
  n1: 5424 0x626961A: OBJ_NAME_add (in /usr/lib/x86_64-linux-gnu/libcrypto.so.3)
   n0: 5424 in 57 places, all below massif's threshold (1.00%)
  n0: 288 in 5 places, all below massif's threshold (1.00%)
 n0: 15659 in 32 places, all below massif's threshold (1.00%)
 n2: 11264 0x62485D3: OPENSSL_LH_insert (in /usr/lib/x86_64-linux-gnu/libcrypto.so.3)
  n2: 8192 0x6339B72: ??? (in /usr/lib/x86_64-linux-gnu/libcrypto.so.3)
   n2: 8192 0x6206BEF: ERR_load_strings_const (in /usr/lib/x86_64-linux-gnu/libcrypto.so.3)
    n1: 8192 0x62598DE: ??? (in /usr/lib/x86_64-linux-gnu/libcrypto.so.3)
     n1: 8192 0x5F0BEE7: __pthread_once_slow (pthread_once.c:116)
      n1: 8192 0x625E1EC: CRYPTO_THREAD_run_once (in /usr/lib/x86_64-linux-gnu/libcrypto.so.3)
       n1: 8192 0x625AEE2: OPENSSL_init_crypto (in /usr/lib/x86_64-linux-gnu/libcrypto.so.3)
        n1: 8192 0x6208686: ??? (in /usr/lib/x86_64-linux-gnu/libcrypto.so.3)
         n1: 8192 0x620904C: ERR_set_mark (in /usr/lib/x86_64-linux-gnu/libcrypto.so.3)
          n1: 8192 0x61B5451: CONF_modules_load_file_ex (in /usr/lib/x86_64-linux-gnu/libcrypto.so.3)
           n1: 8192 0x625A6EF: ??? (in /usr/lib/x86_64-linux-gnu/libcrypto.so.3)
            n1: 8192 0x5F0BEE7: __pthread_once_slow (pthread_once.c:116)
             n1: 8192 0x625E1EC: CRYPTO_THREAD_run_once (in /usr/lib/x86_64-linux-gnu/libcrypto.so.3)
              n1: 8192 0x625B155: OPENSSL_init_crypto (in /usr/lib/x86_64-linux-gnu/libcrypto.so.3)
               n1: 8192 0x63307AC: ??? (in /usr/lib/x86_64-linux-gnu/libcrypto.so.3)
                n1: 8192 0x62853A4: RAND_get_rand_method (in /usr/lib/x86_64-linux-gnu/libcrypto.so.3)
                 n1: 8192 0x6285EC9: RAND_status (in /usr/lib/x86_64-linux-gnu/libcrypto.so.3)
                  n1: 8192 0x5C962CF: OQS_randombytes_openssl (in /home/anss/random/bench/install/lib/liboqs.so.0.15.0)
                   n1: 8192 0x4AAB6AB: PQCLEAN_HQC128_CLEAN_hqc_pke_keygen (in /home/anss/random/bench/install/lib/liboqs.so.0.15.0)
                    n1: 8192 0x4AABCAC: PQCLEAN_HQC128_CLEAN_crypto_kem_keypair (in /home/anss/random/bench/install/lib/liboqs.so.0.15.0)
                     n1: 8192 0x4AA8EFA: OQS_KEM_hqc_128_keypair (in /home/anss/random/bench/install/lib/liboqs.so.0.15.0)
                      n0: 8192 0x1092FB: main (in /home/anss/random/bench/mem_kem)
    n0: 0 in 3 places, all below massif's threshold (1.00%)
   n0: 0 in 2 places, all below massif's threshold (1.00%)
  n0: 3072 in 3 places, all below massif's threshold (1.00%)
 n1: 5718 0x6253C72: CRYPTO_strndup (in /usr/lib/x86_64-linux-gnu/libcrypto.so.3)
  n0: 5718 in 4 places, all below massif's threshold (1.00%)
 n1: 5424 0x62695D8: OBJ_NAME_add (in /usr/lib/x86_64-linux-gnu/libcrypto.so.3)
  n0: 5424 in 208 places, all below massif's threshold (1.00%)
#-----------
snapshot=44
#-----------
time=7401409
mem_heap_B=471898
mem_heap_extra_B=51566
mem_stacks_B=0
heap_tree=empty
#-----------
snapshot=45
#-----------
time=7570506
mem_heap_B=481303
mem_heap_extra_B=52529
mem_stacks_B=0
heap_tree=detailed
n6: 481303 (heap allocation functions) malloc/new/new[], --alloc-fns, etc.
 n7: 395296 0x6252C3D: CRYPTO_zalloc (in /usr/lib/x86_64-linux-gnu/libcrypto.so.3)
  n1: 262144 0x625DFC4: ??? (in /usr/lib/x86_64-linux-gnu/libcrypto.so.3)
   n1: 262144 0x6284365: ??? (in /usr/lib/x86_64-linux-gnu/libcrypto.so.3)
    n1: 262144 0x6227DB9: ??? (in /usr/lib/x86_64-linux-gnu/libcrypto.so.3)
     n1: 262144 0x6247CFB: ??? (in /usr/lib/x86_64-linux-gnu/libcrypto.so.3)
      n1: 262144 0x6247BBB: ??? (in /usr/lib/x86_64-linux-gnu/libcrypto.so.3)
       n1: 262144 0x62672DA: ??? (in /usr/lib/x86_64-linux-gnu/libcrypto.so.3)
        n1: 262144 0x63309E7: ??? (in /usr/lib/x86_64-linux-gnu/libcrypto.so.3)
         n2: 262144 0x633103D: ??? (in /usr/lib/x86_64-linux-gnu/libcrypto.so.3)
          n1: 229376 0x6228652: EVP_CIPHER_fetch (in /usr/lib/x86_64-linux-gnu/libcrypto.so.3)
           n1: 229376 0x631B6C4: ??? (in /usr/lib/x86_64-linux-gnu/libcrypto.so.3)
            n1: 229376 0x631BB22: ??? (in /usr/lib/x86_64-linux-gnu/libcrypto.so.3)
             n1: 229376 0x6233AD7: EVP_RAND_instantiate (in /usr/lib/x86_64-linux-gnu/libcrypto.so.3)
              n1: 229376 0x6285A91: ??? (in /usr/lib/x86_64-linux-gnu/libcrypto.so.3)
               n1: 229376 0x6285C2B: RAND_get0_primary (in /usr/lib/x86_64-linux-gnu/libcrypto.so.3)
                n1: 229376 0x6285EF6: RAND_status (in /usr/lib/x86_64-linux-gnu/libcrypto.so.3)
                 n1: 229376 0x5C962CF: OQS_randombytes_openssl (in /home/anss/random/bench/install/lib/liboqs.so.0.15.0)
                  n1: 229376 0x4AAB6AB: PQCLEAN_HQC128_CLEAN_hqc_pke_keygen (in /home/anss/random/bench/install/lib/liboqs.so.0.15.0)
                   n1: 229376 0x4AABCAC: PQCLEAN_HQC128_CLEAN_crypto_kem_keypair (in /home/anss/random/bench/install/lib/liboqs.so.0.15.0)
                    n1: 229376 0x4AA8EFA: OQS_KEM_hqc_128_keypair (in /home/anss/random/bench/install/lib/liboqs.so.0.15.0)
                     n0: 229376 0x1092FB: main (in /home/anss/random/bench/mem_kem)
          n1: 32768 0x62336C2: EVP_RAND_fetch (in /usr/lib/x86_64-linux-gnu/libcrypto.so.3)
           n1: 32768 0x6285CDB: RAND_get0_primary (in /usr/lib/x86_64-linux-gnu/libcrypto.so.3)
            n1: 32768 0x6285EF6: RAND_status (in /usr/lib/x86_64-linux-gnu/libcrypto.so.3)
             n1: 32768 0x5C962CF: OQS_randombytes_openssl (in /home/anss/random/bench/install/lib/liboqs.so.0.15.0)
              n1: 32768 0x4AAB6AB: PQCLEAN_HQC128_CLEAN_hqc_pke_keygen (in /home/anss/random/bench/install/lib/liboqs.so.0.15.0)
               n1: 32768 0x4AABCAC: PQCLEAN_HQC128_CLEAN_crypto_kem_keypair (in /home/anss/random/bench/install/lib/liboqs.so.0.15.0)
                n1: 32768 0x4AA8EFA: OQS_KEM_hqc_128_keypair (in /home/anss/random/bench/install/lib/liboqs.so.0.15.0)
                 n0: 32768 0x1092FB: main (in /home/anss/random/bench/mem_kem)
  n1: 65536 0x625DF52: ??? (in /usr/lib/x86_64-linux-gnu/libcrypto.so.3)
   n1: 65536 0x6284365: ??? (in /usr/lib/x86_64-linux-gnu/libcrypto.so.3)
    n1: 65536 0x6227DB9: ??? (in /usr/lib/x86_64-linux-gnu/libcrypto.so.3)
     n1: 65536 0x6247CFB: ??? (in /usr/lib/x86_64-linux-gnu/libcrypto.so.3)
      n1: 65536 0x6247BBB: ??? (in /usr/lib/x86_64-linux-gnu/libcrypto.so.3)
       n1: 65536 0x62672DA: ??? (in /usr/lib/x86_64-linux-gnu/libcrypto.so.3)
        n1: 65536 0x63309E7: ??? (in /usr/lib/x86_64-linux-gnu/libcrypto.so.3)
         n1: 65536 0x633103D: ??? (in /usr/lib/x86_64-linux-gnu/libcrypto.so.3)
          n1: 65536 0x62336C2: EVP_RAND_fetch (in /usr/lib/x86_64-linux-gnu/libcrypto.so.3)
           n1: 65536 0x6285CDB: RAND_get0_primary (in /usr/lib/x86_64-linux-gnu/libcrypto.so.3)
            n1: 65536 0x6285EF6: RAND_status (in /usr/lib/x86_64-linux-gnu/libcrypto.so.3)
             n1: 65536 0x5C962CF: OQS_randombytes_openssl (in /home/anss/random/bench/install/lib/liboqs.so.0.15.0)
              n1: 65536 0x4AAB6AB: PQCLEAN_HQC128_CLEAN_hqc_pke_keygen (in /home/anss/random/bench/install/lib/liboqs.so.0.15.0)
               n1: 65536 0x4AABCAC: PQCLEAN_HQC128_CLEAN_crypto_kem_keypair (in /home/anss/random/bench/install/lib/liboqs.so.0.15.0)
                n1: 65536 0x4AA8EFA: OQS_KEM_hqc_128_keypair (in /home/anss/random/bench/install/lib/liboqs.so.0.15.0)
                 n0: 65536 0x1092FB: main (in /home/anss/random/bench/mem_kem)
  n1: 19200 0x622FE73: ??? (in /usr/lib/x86_64-linux-gnu/libcrypto.so.3)
   n1: 19200 0x623119D: ??? (in /usr/lib/x86_64-linux-gnu/libcrypto.so.3)
    n1: 19200 0x6227E59: ??? (in /usr/lib/x86_64-linux-gnu/libcrypto.so.3)
     n1: 19200 0x6247C98: ??? (in /usr/lib/x86_64-linux-gnu/libcrypto.so.3)
      n1: 19200 0x6247BBB: ??? (in /usr/lib/x86_64-linux-gnu/libcrypto.so.3)
       n1: 19200 0x62672DA: ??? (in /usr/lib/x86_64-linux-gnu/libcrypto.so.3)
        n1: 19200 0x63309E7: ??? (in /usr/lib/x86_64-linux-gnu/libcrypto.so.3)
         n1: 19200 0x633103D: ??? (in /usr/lib/x86_64-linux-gnu/libcrypto.so.3)
          n1: 19200 0x6228652: EVP_CIPHER_fetch (in /usr/lib/x86_64-linux-gnu/libcrypto.so.3)
           n1: 19200 0x631B6C4: ??? (in /usr/lib/x86_64-linux-gnu/libcrypto.so.3)
            n1: 19200 0x631BB22: ??? (in /usr/lib/x86_64-linux-gnu/libcrypto.so.3)
             n1: 19200 0x6233AD7: EVP_RAND_instantiate (in /usr/lib/x86_64-linux-gnu/libcrypto.so.3)
              n1: 19200 0x6285A91: ??? (in /usr/lib/x86_64-linux-gnu/libcrypto.so.3)
               n1: 19200 0x6285C2B: RAND_get0_primary (in /usr/lib/x86_64-linux-gnu/libcrypto.so.3)
                n1: 19200 0x6285EF6: RAND_status (in /usr/lib/x86_64-linux-gnu/libcrypto.so.3)
                 n1: 19200 0x5C962CF: OQS_randombytes_openssl (in /home/anss/random/bench/install/lib/liboqs.so.0.15.0)
                  n1: 19200 0x4AAB6AB: PQCLEAN_HQC128_CLEAN_hqc_pke_keygen (in /home/anss/random/bench/install/lib/liboqs.so.0.15.0)
                   n1: 19200 0x4AABCAC: PQCLEAN_HQC128_CLEAN_crypto_kem_keypair (in /home/anss/random/bench/install/lib/liboqs.so.0.15.0)
                    n1: 19200 0x4AA8EFA: OQS_KEM_hqc_128_keypair (in /home/anss/random/bench/install/lib/liboqs.so.0.15.0)
                     n0: 19200 0x1092FB: main (in /home/anss/random/bench/mem_kem)
  n0: 16296 in 28 places, all below massif's threshold (1.00%)
  n2: 14960 0x62482DC: OPENSSL_LH_new (in /usr/lib/x86_64-linux-gnu/libcrypto.so.3)
   n1: 13904 0x628433F: ??? (in /usr/lib/x86_64-linux-gnu/libcrypto.so.3)
    n1: 13904 0x6227DB9: ??? (in /usr/lib/x86_64-linux-gnu/libcrypto.so.3)
     n1: 13904 0x6247CFB: ??? (in /usr/lib/x86_64-linux-gnu/libcrypto.so.3)
      n1: 13904 0x6247BBB: ??? (in /usr/lib/x86_64-linux-gnu/libcrypto.so.3)
       n1: 13904 0x62672DA: ??? (in /usr/lib/x86_64-linux-gnu/libcrypto.so.3)
        n1: 13904 0x63309E7: ??? (in /usr/lib/x86_64-linux-gnu/libcrypto.so.3)
         n2: 13904 0x633103D: ??? (in /usr/lib/x86_64-linux-gnu/libcrypto.so.3)
          n1: 13024 0x6228652: EVP_CIPHER_fetch (in /usr/lib/x86_64-linux-gnu/libcrypto.so.3)
           n1: 13024 0x631B6C4: ??? (in /usr/lib/x86_64-linux-gnu/libcrypto.so.3)
            n1: 13024 0x631BB22: ??? (in /usr/lib/x86_64-linux-gnu/libcrypto.so.3)
             n1: 13024 0x6233AD7: EVP_RAND_instantiate (in /usr/lib/x86_64-linux-gnu/libcrypto.so.3)
              n1: 13024 0x6285A91: ??? (in /usr/lib/x86_64-linux-gnu/libcrypto.so.3)
               n1: 13024 0x6285C2B: RAND_get0_primary (in /usr/lib/x86_64-linux-gnu/libcrypto.so.3)
                n1: 13024 0x6285EF6: RAND_status (in /usr/lib/x86_64-linux-gnu/libcrypto.so.3)
                 n1: 13024 0x5C962CF: OQS_randombytes_openssl (in /home/anss/random/bench/install/lib/liboqs.so.0.15.0)
                  n1: 13024 0x4AAB6AB: PQCLEAN_HQC128_CLEAN_hqc_pke_keygen (in /home/anss/random/bench/install/lib/liboqs.so.0.15.0)
                   n1: 13024 0x4AABCAC: PQCLEAN_HQC128_CLEAN_crypto_kem_keypair (in /home/anss/random/bench/install/lib/liboqs.so.0.15.0)
                    n1: 13024 0x4AA8EFA: OQS_KEM_hqc_128_keypair (in /home/anss/random/bench/install/lib/liboqs.so.0.15.0)
                     n0: 13024 0x1092FB: main (in /home/anss/random/bench/mem_kem)
          n0: 880 in 1 place, below massif's threshold (1.00%)
   n0: 1056 in 7 places, all below massif's threshold (1.00%)
  n2: 10496 0x62482F6: OPENSSL_LH_new (in /usr/lib/x86_64-linux-gnu/libcrypto.so.3)
   n1: 10112 0x628433F: ??? (in /usr/lib/x86_64-linux-gnu/libcrypto.so.3)
    n1: 10112 0x6227DB9: ??? (in /usr/lib/x86_64-linux-gnu/libcrypto.so.3)
     n1: 10112 0x6247CFB: ??? (in /usr/lib/x86_64-linux-gnu/libcrypto.so.3)
      n1: 10112 0x6247BBB: ??? (in /usr/lib/x86_64-linux-gnu/libcrypto.so.3)
       n1: 10112 0x62672DA: ??? (in /usr/lib/x86_64-linux-gnu/libcrypto.so.3)
        n1: 10112 0x63309E7: ??? (in /usr/lib/x86_64-linux-gnu/libcrypto.so.3)
         n2: 10112 0x633103D: ??? (in /usr/lib/x86_64-linux-gnu/libcrypto.so.3)
          n1: 9472 0x6228652: EVP_CIPHER_fetch (in /usr/lib/x86_64-linux-gnu/libcrypto.so.3)
           n1: 9472 0x631B6C4: ??? (in /usr/lib/x86_64-linux-gnu/libcrypto.so.3)
            n1: 9472 0x631BB22: ??? (in /usr/lib/x86_64-linux-gnu/libcrypto.so.3)
             n1: 9472 0x6233AD7: EVP_RAND_instantiate (in /usr/lib/x86_64-linux-gnu/libcrypto.so.3)
              n1: 9472 0x6285A91: ??? (in /usr/lib/x86_64-linux-gnu/libcrypto.so.3)
               n1: 9472 0x6285C2B: RAND_get0_primary (in /usr/lib/x86_64-linux-gnu/libcrypto.so.3)
                n1: 9472 0x6285EF6: RAND_status (in /usr/lib/x86_64-linux-gnu/libcrypto.so.3)
                 n1: 9472 0x5C962CF: OQS_randombytes_openssl (in /home/anss/random/bench/install/lib/liboqs.so.0.15.0)
                  n1: 9472 0x4AAB6AB: PQCLEAN_HQC128_CLEAN_hqc_pke_keygen (in /home/anss/random/bench/install/lib/liboqs.so.0.15.0)
                   n1: 9472 0x4AABCAC: PQCLEAN_HQC128_CLEAN_crypto_kem_keypair (in /home/anss/random/bench/install/lib/liboqs.so.0.15.0)
                    n1: 9472 0x4AA8EFA: OQS_KEM_hqc_128_keypair (in /home/anss/random/bench/install/lib/liboqs.so.0.15.0)
                     n0: 9472 0x1092FB: main (in /home/anss/random/bench/mem_kem)
          n0: 640 in 1 place, below massif's threshold (1.00%)
   n0: 384 in 7 places, all below massif's threshold (1.00%)
  n1: 6664 0x625E073: CRYPTO_THREAD_lock_new (in /usr/lib/x86_64-linux-gnu/libcrypto.so.3)
   n0: 6664 in 23 places, all below massif's threshold (1.00%)
 n4: 47160 0x6248625: OPENSSL_LH_insert (in /usr/lib/x86_64-linux-gnu/libcrypto.so.3)
  n2: 33912 0x6339B72: ??? (in /usr/lib/x86_64-linux-gnu/libcrypto.so.3)
   n1: 31944 0x6206BEF: ERR_load_strings_const (in /usr/lib/x86_64-linux-gnu/libcrypto.so.3)
    n0: 31944 in 33 places, all below massif's threshold (1.00%)
   n0: 1968 in 2 places, all below massif's threshold (1.00%)
  n1: 7536 0x62559E2: ??? (in /usr/lib/x86_64-linux-gnu/libcrypto.so.3)
   n0: 7536 in 3 places, all below massif's threshold (1.00%)
  n1: 5424 0x626961A: OBJ_NAME_add (in /usr/lib/x86_64-linux-gnu/libcrypto.so.3)
   n0: 5424 in 57 places, all below massif's threshold (1.00%)
  n0: 288 in 5 places, all below massif's threshold (1.00%)
 n0: 16219 in 32 places, all below massif's threshold (1.00%)
 n2: 11264 0x62485D3: OPENSSL_LH_insert (in /usr/lib/x86_64-linux-gnu/libcrypto.so.3)
  n2: 8192 0x6339B72: ??? (in /usr/lib/x86_64-linux-gnu/libcrypto.so.3)
   n2: 8192 0x6206BEF: ERR_load_strings_const (in /usr/lib/x86_64-linux-gnu/libcrypto.so.3)
    n1: 8192 0x62598DE: ??? (in /usr/lib/x86_64-linux-gnu/libcrypto.so.3)
     n1: 8192 0x5F0BEE7: __pthread_once_slow (pthread_once.c:116)
      n1: 8192 0x625E1EC: CRYPTO_THREAD_run_once (in /usr/lib/x86_64-linux-gnu/libcrypto.so.3)
       n1: 8192 0x625AEE2: OPENSSL_init_crypto (in /usr/lib/x86_64-linux-gnu/libcrypto.so.3)
        n1: 8192 0x6208686: ??? (in /usr/lib/x86_64-linux-gnu/libcrypto.so.3)
         n1: 8192 0x620904C: ERR_set_mark (in /usr/lib/x86_64-linux-gnu/libcrypto.so.3)
          n1: 8192 0x61B5451: CONF_modules_load_file_ex (in /usr/lib/x86_64-linux-gnu/libcrypto.so.3)
           n1: 8192 0x625A6EF: ??? (in /usr/lib/x86_64-linux-gnu/libcrypto.so.3)
            n1: 8192 0x5F0BEE7: __pthread_once_slow (pthread_once.c:116)
             n1: 8192 0x625E1EC: CRYPTO_THREAD_run_once (in /usr/lib/x86_64-linux-gnu/libcrypto.so.3)
              n1: 8192 0x625B155: OPENSSL_init_crypto (in /usr/lib/x86_64-linux-gnu/libcrypto.so.3)
               n1: 8192 0x63307AC: ??? (in /usr/lib/x86_64-linux-gnu/libcrypto.so.3)
                n1: 8192 0x62853A4: RAND_get_rand_method (in /usr/lib/x86_64-linux-gnu/libcrypto.so.3)
                 n1: 8192 0x6285EC9: RAND_status (in /usr/lib/x86_64-linux-gnu/libcrypto.so.3)
                  n1: 8192 0x5C962CF: OQS_randombytes_openssl (in /home/anss/random/bench/install/lib/liboqs.so.0.15.0)
                   n1: 8192 0x4AAB6AB: PQCLEAN_HQC128_CLEAN_hqc_pke_keygen (in /home/anss/random/bench/install/lib/liboqs.so.0.15.0)
                    n1: 8192 0x4AABCAC: PQCLEAN_HQC128_CLEAN_crypto_kem_keypair (in /home/anss/random/bench/install/lib/liboqs.so.0.15.0)
                     n1: 8192 0x4AA8EFA: OQS_KEM_hqc_128_keypair (in /home/anss/random/bench/install/lib/liboqs.so.0.15.0)
                      n0: 8192 0x1092FB: main (in /home/anss/random/bench/mem_kem)
    n0: 0 in 3 places, all below massif's threshold (1.00%)
   n0: 0 in 2 places, all below massif's threshold (1.00%)
  n0: 3072 in 3 places, all below massif's threshold (1.00%)
 n1: 5940 0x6253C72: CRYPTO_strndup (in /usr/lib/x86_64-linux-gnu/libcrypto.so.3)
  n0: 5940 in 4 places, all below massif's threshold (1.00%)
 n1: 5424 0x62695D8: OBJ_NAME_add (in /usr/lib/x86_64-linux-gnu/libcrypto.so.3)
  n0: 5424 in 208 places, all below massif's threshold (1.00%)
#-----------
snapshot=46
#-----------
time=7677258
mem_heap_B=486098
mem_heap_extra_B=53254
mem_stacks_B=0
heap_tree=detailed
n6: 486098 (heap allocation functions) malloc/new/new[], --alloc-fns, etc.
 n7: 399584 0x6252C3D: CRYPTO_zalloc (in /usr/lib/x86_64-linux-gnu/libcrypto.so.3)
  n1: 262144 0x625DFC4: ??? (in /usr/lib/x86_64-linux-gnu/libcrypto.so.3)
   n1: 262144 0x6284365: ??? (in /usr/lib/x86_64-linux-gnu/libcrypto.so.3)
    n1: 262144 0x6227DB9: ??? (in /usr/lib/x86_64-linux-gnu/libcrypto.so.3)
     n1: 262144 0x6247CFB: ??? (in /usr/lib/x86_64-linux-gnu/libcrypto.so.3)
      n1: 262144 0x6247BBB: ??? (in /usr/lib/x86_64-linux-gnu/libcrypto.so.3)
       n1: 262144 0x62672DA: ??? (in /usr/lib/x86_64-linux-gnu/libcrypto.so.3)
        n1: 262144 0x63309E7: ??? (in /usr/lib/x86_64-linux-gnu/libcrypto.so.3)
         n2: 262144 0x633103D: ??? (in /usr/lib/x86_64-linux-gnu/libcrypto.so.3)
          n1: 229376 0x6228652: EVP_CIPHER_fetch (in /usr/lib/x86_64-linux-gnu/libcrypto.so.3)
           n1: 229376 0x631B6C4: ??? (in /usr/lib/x86_64-linux-gnu/libcrypto.so.3)
            n1: 229376 0x631BB22: ??? (in /usr/lib/x86_64-linux-gnu/libcrypto.so.3)
             n1: 229376 0x6233AD7: EVP_RAND_instantiate (in /usr/lib/x86_64-linux-gnu/libcrypto.so.3)
              n1: 229376 0x6285A91: ??? (in /usr/lib/x86_64-linux-gnu/libcrypto.so.3)
               n1: 229376 0x6285C2B: RAND_get0_primary (in /usr/lib/x86_64-linux-gnu/libcrypto.so.3)
                n1: 229376 0x6285EF6: RAND_status (in /usr/lib/x86_64-linux-gnu/libcrypto.so.3)
                 n1: 229376 0x5C962CF: OQS_randombytes_openssl (in /home/anss/random/bench/install/lib/liboqs.so.0.15.0)
                  n1: 229376 0x4AAB6AB: PQCLEAN_HQC128_CLEAN_hqc_pke_keygen (in /home/anss/random/bench/install/lib/liboqs.so.0.15.0)
                   n1: 229376 0x4AABCAC: PQCLEAN_HQC128_CLEAN_crypto_kem_keypair (in /home/anss/random/bench/install/lib/liboqs.so.0.15.0)
                    n1: 229376 0x4AA8EFA: OQS_KEM_hqc_128_keypair (in /home/anss/random/bench/install/lib/liboqs.so.0.15.0)
                     n0: 229376 0x1092FB: main (in /home/anss/random/bench/mem_kem)
          n1: 32768 0x62336C2: EVP_RAND_fetch (in /usr/lib/x86_64-linux-gnu/libcrypto.so.3)
           n1: 32768 0x6285CDB: RAND_get0_primary (in /usr/lib/x86_64-linux-gnu/libcrypto.so.3)
            n1: 32768 0x6285EF6: RAND_status (in /usr/lib/x86_64-linux-gnu/libcrypto.so.3)
             n1: 32768 0x5C962CF: OQS_randombytes_openssl (in /home/anss/random/bench/install/lib/liboqs.so.0.15.0)
              n1: 32768 0x4AAB6AB: PQCLEAN_HQC128_CLEAN_hqc_pke_keygen (in /home/anss/random/bench/install/lib/liboqs.so.0.15.0)
               n1: 32768 0x4AABCAC: PQCLEAN_HQC128_CLEAN_crypto_kem_keypair (in /home/anss/random/bench/install/lib/liboqs.so.0.15.0)
                n1: 32768 0x4AA8EFA: OQS_KEM_hqc_128_keypair (in /home/anss/random/bench/install/lib/liboqs.so.0.15.0)
                 n0: 32768 0x1092FB: main (in /home/anss/random/bench/mem_kem)
  n1: 65536 0x625DF52: ??? (in /usr/lib/x86_64-linux-gnu/libcrypto.so.3)
   n1: 65536 0x6284365: ??? (in /usr/lib/x86_64-linux-gnu/libcrypto.so.3)
    n1: 65536 0x6227DB9: ??? (in /usr/lib/x86_64-linux-gnu/libcrypto.so.3)
     n1: 65536 0x6247CFB: ??? (in /usr/lib/x86_64-linux-gnu/libcrypto.so.3)
      n1: 65536 0x6247BBB: ??? (in /usr/lib/x86_64-linux-gnu/libcrypto.so.3)
       n1: 65536 0x62672DA: ??? (in /usr/lib/x86_64-linux-gnu/libcrypto.so.3)
        n1: 65536 0x63309E7: ??? (in /usr/lib/x86_64-linux-gnu/libcrypto.so.3)
         n1: 65536 0x633103D: ??? (in /usr/lib/x86_64-linux-gnu/libcrypto.so.3)
          n1: 65536 0x62336C2: EVP_RAND_fetch (in /usr/lib/x86_64-linux-gnu/libcrypto.so.3)
           n1: 65536 0x6285CDB: RAND_get0_primary (in /usr/lib/x86_64-linux-gnu/libcrypto.so.3)
            n1: 65536 0x6285EF6: RAND_status (in /usr/lib/x86_64-linux-gnu/libcrypto.so.3)
             n1: 65536 0x5C962CF: OQS_randombytes_openssl (in /home/anss/random/bench/install/lib/liboqs.so.0.15.0)
              n1: 65536 0x4AAB6AB: PQCLEAN_HQC128_CLEAN_hqc_pke_keygen (in /home/anss/random/bench/install/lib/liboqs.so.0.15.0)
               n1: 65536 0x4AABCAC: PQCLEAN_HQC128_CLEAN_crypto_kem_keypair (in /home/anss/random/bench/install/lib/liboqs.so.0.15.0)
                n1: 65536 0x4AA8EFA: OQS_KEM_hqc_128_keypair (in /home/anss/random/bench/install/lib/liboqs.so.0.15.0)
                 n0: 65536 0x1092FB: main (in /home/anss/random/bench/mem_kem)
  n1: 20736 0x622FE73: ??? (in /usr/lib/x86_64-linux-gnu/libcrypto.so.3)
   n1: 20736 0x623119D: ??? (in /usr/lib/x86_64-linux-gnu/libcrypto.so.3)
    n1: 20736 0x6227E59: ??? (in /usr/lib/x86_64-linux-gnu/libcrypto.so.3)
     n1: 20736 0x6247C98: ??? (in /usr/lib/x86_64-linux-gnu/libcrypto.so.3)
      n1: 20736 0x6247BBB: ??? (in /usr/lib/x86_64-linux-gnu/libcrypto.so.3)
       n1: 20736 0x62672DA: ??? (in /usr/lib/x86_64-linux-gnu/libcrypto.so.3)
        n1: 20736 0x63309E7: ??? (in /usr/lib/x86_64-linux-gnu/libcrypto.so.3)
         n1: 20736 0x633103D: ??? (in /usr/lib/x86_64-linux-gnu/libcrypto.so.3)
          n1: 20736 0x6228652: EVP_CIPHER_fetch (in /usr/lib/x86_64-linux-gnu/libcrypto.so.3)
           n1: 20736 0x631B6C4: ??? (in /usr/lib/x86_64-linux-gnu/libcrypto.so.3)
            n1: 20736 0x631BB22: ??? (in /usr/lib/x86_64-linux-gnu/libcrypto.so.3)
             n1: 20736 0x6233AD7: EVP_RAND_instantiate (in /usr/lib/x86_64-linux-gnu/libcrypto.so.3)
              n1: 20736 0x6285A91: ??? (in /usr/lib/x86_64-linux-gnu/libcrypto.so.3)
               n1: 20736 0x6285C2B: RAND_get0_primary (in /usr/lib/x86_64-linux-gnu/libcrypto.so.3)
                n1: 20736 0x6285EF6: RAND_status (in /usr/lib/x86_64-linux-gnu/libcrypto.so.3)
                 n1: 20736 0x5C962CF: OQS_randombytes_openssl (in /home/anss/random/bench/install/lib/liboqs.so.0.15.0)
                  n1: 20736 0x4AAB6AB: PQCLEAN_HQC128_CLEAN_hqc_pke_keygen (in /home/anss/random/bench/install/lib/liboqs.so.0.15.0)
                   n1: 20736 0x4AABCAC: PQCLEAN_HQC128_CLEAN_crypto_kem_keypair (in /home/anss/random/bench/install/lib/liboqs.so.0.15.0)
                    n1: 20736 0x4AA8EFA: OQS_KEM_hqc_128_keypair (in /home/anss/random/bench/install/lib/liboqs.so.0.15.0)
                     n0: 20736 0x1092FB: main (in /home/anss/random/bench/mem_kem)
  n0: 16888 in 28 places, all below massif's threshold (1.00%)
  n2: 16016 0x62482DC: OPENSSL_LH_new (in /usr/lib/x86_64-linux-gnu/libcrypto.so.3)
   n1: 14960 0x628433F: ??? (in /usr/lib/x86_64-linux-gnu/libcrypto.so.3)
    n1: 14960 0x6227DB9: ??? (in /usr/lib/x86_64-linux-gnu/libcrypto.so.3)
     n1: 14960 0x6247CFB: ??? (in /usr/lib/x86_64-linux-gnu/libcrypto.so.3)
      n1: 14960 0x6247BBB: ??? (in /usr/lib/x86_64-linux-gnu/libcrypto.so.3)
       n1: 14960 0x62672DA: ??? (in /usr/lib/x86_64-linux-gnu/libcrypto.so.3)
        n1: 14960 0x63309E7: ??? (in /usr/lib/x86_64-linux-gnu/libcrypto.so.3)
         n2: 14960 0x633103D: ??? (in /usr/lib/x86_64-linux-gnu/libcrypto.so.3)
          n1: 14080 0x6228652: EVP_CIPHER_fetch (in /usr/lib/x86_64-linux-gnu/libcrypto.so.3)
           n1: 14080 0x631B6C4: ??? (in /usr/lib/x86_64-linux-gnu/libcrypto.so.3)
            n1: 14080 0x631BB22: ??? (in /usr/lib/x86_64-linux-gnu/libcrypto.so.3)
             n1: 14080 0x6233AD7: EVP_RAND_instantiate (in /usr/lib/x86_64-linux-gnu/libcrypto.so.3)
              n1: 14080 0x6285A91: ??? (in /usr/lib/x86_64-linux-gnu/libcrypto.so.3)
               n1: 14080 0x6285C2B: RAND_get0_primary (in /usr/lib/x86_64-linux-gnu/libcrypto.so.3)
                n1: 14080 0x6285EF6: RAND_status (in /usr/lib/x86_64-linux-gnu/libcrypto.so.3)
                 n1: 14080 0x5C962CF: OQS_randombytes_openssl (in /home/anss/random/bench/install/lib/liboqs.so.0.15.0)
                  n1: 14080 0x4AAB6AB: PQCLEAN_HQC128_CLEAN_hqc_pke_keygen (in /home/anss/random/bench/install/lib/liboqs.so.0.15.0)
                   n1: 14080 0x4AABCAC: PQCLEAN_HQC128_CLEAN_crypto_kem_keypair (in /home/anss/random/bench/install/lib/liboqs.so.0.15.0)
                    n1: 14080 0x4AA8EFA: OQS_KEM_hqc_128_keypair (in /home/anss/random/bench/install/lib/liboqs.so.0.15.0)
                     n0: 14080 0x1092FB: main (in /home/anss/random/bench/mem_kem)
          n0: 880 in 1 place, below massif's threshold (1.00%)
   n0: 1056 in 7 places, all below massif's threshold (1.00%)
  n2: 11264 0x62482F6: OPENSSL_LH_new (in /usr/lib/x86_64-linux-gnu/libcrypto.so.3)
   n1: 10880 0x628433F: ??? (in /usr/lib/x86_64-linux-gnu/libcrypto.so.3)
    n1: 10880 0x6227DB9: ??? (in /usr/lib/x86_64-linux-gnu/libcrypto.so.3)
     n1: 10880 0x6247CFB: ??? (in /usr/lib/x86_64-linux-gnu/libcrypto.so.3)
      n1: 10880 0x6247BBB: ??? (in /usr/lib/x86_64-linux-gnu/libcrypto.so.3)
       n1: 10880 0x62672DA: ??? (in /usr/lib/x86_64-linux-gnu/libcrypto.so.3)
        n1: 10880 0x63309E7: ??? (in /usr/lib/x86_64-linux-gnu/libcrypto.so.3)
         n2: 10880 0x633103D: ??? (in /usr/lib/x86_64-linux-gnu/libcrypto.so.3)
          n1: 10240 0x6228652: EVP_CIPHER_fetch (in /usr/lib/x86_64-linux-gnu/libcrypto.so.3)
           n1: 10240 0x631B6C4: ??? (in /usr/lib/x86_64-linux-gnu/libcrypto.so.3)
            n1: 10240 0x631BB22: ??? (in /usr/lib/x86_64-linux-gnu/libcrypto.so.3)
             n1: 10240 0x6233AD7: EVP_RAND_instantiate (in /usr/lib/x86_64-linux-gnu/libcrypto.so.3)
              n1: 10240 0x6285A91: ??? (in /usr/lib/x86_64-linux-gnu/libcrypto.so.3)
               n1: 10240 0x6285C2B: RAND_get0_primary (in /usr/lib/x86_64-linux-gnu/libcrypto.so.3)
                n1: 10240 0x6285EF6: RAND_status (in /usr/lib/x86_64-linux-gnu/libcrypto.so.3)
                 n1: 10240 0x5C962CF: OQS_randombytes_openssl (in /home/anss/random/bench/install/lib/liboqs.so.0.15.0)
                  n1: 10240 0x4AAB6AB: PQCLEAN_HQC128_CLEAN_hqc_pke_keygen (in /home/anss/random/bench/install/lib/liboqs.so.0.15.0)
                   n1: 10240 0x4AABCAC: PQCLEAN_HQC128_CLEAN_crypto_kem_keypair (in /home/anss/random/bench/install/lib/liboqs.so.0.15.0)
                    n1: 10240 0x4AA8EFA: OQS_KEM_hqc_128_keypair (in /home/anss/random/bench/install/lib/liboqs.so.0.15.0)
                     n0: 10240 0x1092FB: main (in /home/anss/random/bench/mem_kem)
          n0: 640 in 1 place, below massif's threshold (1.00%)
   n0: 384 in 7 places, all below massif's threshold (1.00%)
  n1: 7000 0x625E073: CRYPTO_THREAD_lock_new (in /usr/lib/x86_64-linux-gnu/libcrypto.so.3)
   n0: 7000 in 23 places, all below massif's threshold (1.00%)
 n4: 47256 0x6248625: OPENSSL_LH_insert (in /usr/lib/x86_64-linux-gnu/libcrypto.so.3)
  n2: 33912 0x6339B72: ??? (in /usr/lib/x86_64-linux-gnu/libcrypto.so.3)
   n1: 31944 0x6206BEF: ERR_load_strings_const (in /usr/lib/x86_64-linux-gnu/libcrypto.so.3)
    n0: 31944 in 33 places, all below massif's threshold (1.00%)
   n0: 1968 in 2 places, all below massif's threshold (1.00%)
  n1: 7632 0x62559E2: ??? (in /usr/lib/x86_64-linux-gnu/libcrypto.so.3)
   n0: 7632 in 3 places, all below massif's threshold (1.00%)
  n1: 5424 0x626961A: OBJ_NAME_add (in /usr/lib/x86_64-linux-gnu/libcrypto.so.3)
   n0: 5424 in 57 places, all below massif's threshold (1.00%)
  n0: 288 in 5 places, all below massif's threshold (1.00%)
 n0: 16491 in 32 places, all below massif's threshold (1.00%)
 n2: 11264 0x62485D3: OPENSSL_LH_insert (in /usr/lib/x86_64-linux-gnu/libcrypto.so.3)
  n2: 8192 0x6339B72: ??? (in /usr/lib/x86_64-linux-gnu/libcrypto.so.3)
   n2: 8192 0x6206BEF: ERR_load_strings_const (in /usr/lib/x86_64-linux-gnu/libcrypto.so.3)
    n1: 8192 0x62598DE: ??? (in /usr/lib/x86_64-linux-gnu/libcrypto.so.3)
     n1: 8192 0x5F0BEE7: __pthread_once_slow (pthread_once.c:116)
      n1: 8192 0x625E1EC: CRYPTO_THREAD_run_once (in /usr/lib/x86_64-linux-gnu/libcrypto.so.3)
       n1: 8192 0x625AEE2: OPENSSL_init_crypto (in /usr/lib/x86_64-linux-gnu/libcrypto.so.3)
        n1: 8192 0x6208686: ??? (in /usr/lib/x86_64-linux-gnu/libcrypto.so.3)
         n1: 8192 0x620904C: ERR_set_mark (in /usr/lib/x86_64-linux-gnu/libcrypto.so.3)
          n1: 8192 0x61B5451: CONF_modules_load_file_ex (in /usr/lib/x86_64-linux-gnu/libcrypto.so.3)
           n1: 8192 0x625A6EF: ??? (in /usr/lib/x86_64-linux-gnu/libcrypto.so.3)
            n1: 8192 0x5F0BEE7: __pthread_once_slow (pthread_once.c:116)
             n1: 8192 0x625E1EC: CRYPTO_THREAD_run_once (in /usr/lib/x86_64-linux-gnu/libcrypto.so.3)
              n1: 8192 0x625B155: OPENSSL_init_crypto (in /usr/lib/x86_64-linux-gnu/libcrypto.so.3)
               n1: 8192 0x63307AC: ??? (in /usr/lib/x86_64-linux-gnu/libcrypto.so.3)
                n1: 8192 0x62853A4: RAND_get_rand_method (in /usr/lib/x86_64-linux-gnu/libcrypto.so.3)
                 n1: 8192 0x6285EC9: RAND_status (in /usr/lib/x86_64-linux-gnu/libcrypto.so.3)
                  n1: 8192 0x5C962CF: OQS_randombytes_openssl (in /home/anss/random/bench/install/lib/liboqs.so.0.15.0)
                   n1: 8192 0x4AAB6AB: PQCLEAN_HQC128_CLEAN_hqc_pke_keygen (in /home/anss/random/bench/install/lib/liboqs.so.0.15.0)
                    n1: 8192 0x4AABCAC: PQCLEAN_HQC128_CLEAN_crypto_kem_keypair (in /home/anss/random/bench/install/lib/liboqs.so.0.15.0)
                     n1: 8192 0x4AA8EFA: OQS_KEM_hqc_128_keypair (in /home/anss/random/bench/install/lib/liboqs.so.0.15.0)
                      n0: 8192 0x1092FB: main (in /home/anss/random/bench/mem_kem)
    n0: 0 in 3 places, all below massif's threshold (1.00%)
   n0: 0 in 2 places, all below massif's threshold (1.00%)
  n0: 3072 in 3 places, all below massif's threshold (1.00%)
 n1: 6079 0x6253C72: CRYPTO_strndup (in /usr/lib/x86_64-linux-gnu/libcrypto.so.3)
  n0: 6079 in 4 places, all below massif's threshold (1.00%)
 n1: 5424 0x62695D8: OBJ_NAME_add (in /usr/lib/x86_64-linux-gnu/libcrypto.so.3)
  n0: 5424 in 208 places, all below massif's threshold (1.00%)
#-----------
snapshot=47
#-----------
time=7834584
mem_heap_B=491597
mem_heap_extra_B=54123
mem_stacks_B=0
heap_tree=detailed
n5: 491597 (heap allocation functions) malloc/new/new[], --alloc-fns, etc.
 n7: 404560 0x6252C3D: CRYPTO_zalloc (in /usr/lib/x86_64-linux-gnu/libcrypto.so.3)
  n1: 262144 0x625DFC4: ??? (in /usr/lib/x86_64-linux-gnu/libcrypto.so.3)
   n1: 262144 0x6284365: ??? (in /usr/lib/x86_64-linux-gnu/libcrypto.so.3)
    n1: 262144 0x6227DB9: ??? (in /usr/lib/x86_64-linux-gnu/libcrypto.so.3)
     n1: 262144 0x6247CFB: ??? (in /usr/lib/x86_64-linux-gnu/libcrypto.so.3)
      n1: 262144 0x6247BBB: ??? (in /usr/lib/x86_64-linux-gnu/libcrypto.so.3)
       n1: 262144 0x62672DA: ??? (in /usr/lib/x86_64-linux-gnu/libcrypto.so.3)
        n1: 262144 0x63309E7: ??? (in /usr/lib/x86_64-linux-gnu/libcrypto.so.3)
         n2: 262144 0x633103D: ??? (in /usr/lib/x86_64-linux-gnu/libcrypto.so.3)
          n1: 229376 0x6228652: EVP_CIPHER_fetch (in /usr/lib/x86_64-linux-gnu/libcrypto.so.3)
           n1: 229376 0x631B6C4: ??? (in /usr/lib/x86_64-linux-gnu/libcrypto.so.3)
            n1: 229376 0x631BB22: ??? (in /usr/lib/x86_64-linux-gnu/libcrypto.so.3)
             n1: 229376 0x6233AD7: EVP_RAND_instantiate (in /usr/lib/x86_64-linux-gnu/libcrypto.so.3)
              n1: 229376 0x6285A91: ??? (in /usr/lib/x86_64-linux-gnu/libcrypto.so.3)
               n1: 229376 0x6285C2B: RAND_get0_primary (in /usr/lib/x86_64-linux-gnu/libcrypto.so.3)
                n1: 229376 0x6285EF6: RAND_status (in /usr/lib/x86_64-linux-gnu/libcrypto.so.3)
                 n1: 229376 0x5C962CF: OQS_randombytes_openssl (in /home/anss/random/bench/install/lib/liboqs.so.0.15.0)
                  n1: 229376 0x4AAB6AB: PQCLEAN_HQC128_CLEAN_hqc_pke_keygen (in /home/anss/random/bench/install/lib/liboqs.so.0.15.0)
                   n1: 229376 0x4AABCAC: PQCLEAN_HQC128_CLEAN_crypto_kem_keypair (in /home/anss/random/bench/install/lib/liboqs.so.0.15.0)
                    n1: 229376 0x4AA8EFA: OQS_KEM_hqc_128_keypair (in /home/anss/random/bench/install/lib/liboqs.so.0.15.0)
                     n0: 229376 0x1092FB: main (in /home/anss/random/bench/mem_kem)
          n1: 32768 0x62336C2: EVP_RAND_fetch (in /usr/lib/x86_64-linux-gnu/libcrypto.so.3)
           n1: 32768 0x6285CDB: RAND_get0_primary (in /usr/lib/x86_64-linux-gnu/libcrypto.so.3)
            n1: 32768 0x6285EF6: RAND_status (in /usr/lib/x86_64-linux-gnu/libcrypto.so.3)
             n1: 32768 0x5C962CF: OQS_randombytes_openssl (in /home/anss/random/bench/install/lib/liboqs.so.0.15.0)
              n1: 32768 0x4AAB6AB: PQCLEAN_HQC128_CLEAN_hqc_pke_keygen (in /home/anss/random/bench/install/lib/liboqs.so.0.15.0)
               n1: 32768 0x4AABCAC: PQCLEAN_HQC128_CLEAN_crypto_kem_keypair (in /home/anss/random/bench/install/lib/liboqs.so.0.15.0)
                n1: 32768 0x4AA8EFA: OQS_KEM_hqc_128_keypair (in /home/anss/random/bench/install/lib/liboqs.so.0.15.0)
                 n0: 32768 0x1092FB: main (in /home/anss/random/bench/mem_kem)
  n1: 65536 0x625DF52: ??? (in /usr/lib/x86_64-linux-gnu/libcrypto.so.3)
   n1: 65536 0x6284365: ??? (in /usr/lib/x86_64-linux-gnu/libcrypto.so.3)
    n1: 65536 0x6227DB9: ??? (in /usr/lib/x86_64-linux-gnu/libcrypto.so.3)
     n1: 65536 0x6247CFB: ??? (in /usr/lib/x86_64-linux-gnu/libcrypto.so.3)
      n1: 65536 0x6247BBB: ??? (in /usr/lib/x86_64-linux-gnu/libcrypto.so.3)
       n1: 65536 0x62672DA: ??? (in /usr/lib/x86_64-linux-gnu/libcrypto.so.3)
        n1: 65536 0x63309E7: ??? (in /usr/lib/x86_64-linux-gnu/libcrypto.so.3)
         n1: 65536 0x633103D: ??? (in /usr/lib/x86_64-linux-gnu/libcrypto.so.3)
          n1: 65536 0x62336C2: EVP_RAND_fetch (in /usr/lib/x86_64-linux-gnu/libcrypto.so.3)
           n1: 65536 0x6285CDB: RAND_get0_primary (in /usr/lib/x86_64-linux-gnu/libcrypto.so.3)
            n1: 65536 0x6285EF6: RAND_status (in /usr/lib/x86_64-linux-gnu/libcrypto.so.3)
             n1: 65536 0x5C962CF: OQS_randombytes_openssl (in /home/anss/random/bench/install/lib/liboqs.so.0.15.0)
              n1: 65536 0x4AAB6AB: PQCLEAN_HQC128_CLEAN_hqc_pke_keygen (in /home/anss/random/bench/install/lib/liboqs.so.0.15.0)
               n1: 65536 0x4AABCAC: PQCLEAN_HQC128_CLEAN_crypto_kem_keypair (in /home/anss/random/bench/install/lib/liboqs.so.0.15.0)
                n1: 65536 0x4AA8EFA: OQS_KEM_hqc_128_keypair (in /home/anss/random/bench/install/lib/liboqs.so.0.15.0)
                 n0: 65536 0x1092FB: main (in /home/anss/random/bench/mem_kem)
  n1: 22528 0x622FE73: ??? (in /usr/lib/x86_64-linux-gnu/libcrypto.so.3)
   n1: 22528 0x623119D: ??? (in /usr/lib/x86_64-linux-gnu/libcrypto.so.3)
    n1: 22528 0x6227E59: ??? (in /usr/lib/x86_64-linux-gnu/libcrypto.so.3)
     n1: 22528 0x6247C98: ??? (in /usr/lib/x86_64-linux-gnu/libcrypto.so.3)
      n1: 22528 0x6247BBB: ??? (in /usr/lib/x86_64-linux-gnu/libcrypto.so.3)
       n1: 22528 0x62672DA: ??? (in /usr/lib/x86_64-linux-gnu/libcrypto.so.3)
        n1: 22528 0x63309E7: ??? (in /usr/lib/x86_64-linux-gnu/libcrypto.so.3)
         n1: 22528 0x633103D: ??? (in /usr/lib/x86_64-linux-gnu/libcrypto.so.3)
          n1: 22528 0x6228652: EVP_CIPHER_fetch (in /usr/lib/x86_64-linux-gnu/libcrypto.so.3)
           n1: 22528 0x631B6C4: ??? (in /usr/lib/x86_64-linux-gnu/libcrypto.so.3)
            n1: 22528 0x631BB22: ??? (in /usr/lib/x86_64-linux-gnu/libcrypto.so.3)
             n1: 22528 0x6233AD7: EVP_RAND_instantiate (in /usr/lib/x86_64-linux-gnu/libcrypto.so.3)
              n1: 22528 0x6285A91: ??? (in /usr/lib/x86_64-linux-gnu/libcrypto.so.3)
               n1: 22528 0x6285C2B: RAND_get0_primary (in /usr/lib/x86_64-linux-gnu/libcrypto.so.3)
                n1: 22528 0x6285EF6: RAND_status (in /usr/lib/x86_64-linux-gnu/libcrypto.so.3)
                 n1: 22528 0x5C962CF: OQS_randombytes_openssl (in /home/anss/random/bench/install/lib/liboqs.so.0.15.0)
                  n1: 22528 0x4AAB6AB: PQCLEAN_HQC128_CLEAN_hqc_pke_keygen (in /home/anss/random/bench/install/lib/liboqs.so.0.15.0)
                   n1: 22528 0x4AABCAC: PQCLEAN_HQC128_CLEAN_crypto_kem_keypair (in /home/anss/random/bench/install/lib/liboqs.so.0.15.0)
                    n1: 22528 0x4AA8EFA: OQS_KEM_hqc_128_keypair (in /home/anss/random/bench/install/lib/liboqs.so.0.15.0)
                     n0: 22528 0x1092FB: main (in /home/anss/random/bench/mem_kem)
  n0: 17552 in 28 places, all below massif's threshold (1.00%)
  n2: 17248 0x62482DC: OPENSSL_LH_new (in /usr/lib/x86_64-linux-gnu/libcrypto.so.3)
   n1: 16192 0x628433F: ??? (in /usr/lib/x86_64-linux-gnu/libcrypto.so.3)
    n1: 16192 0x6227DB9: ??? (in /usr/lib/x86_64-linux-gnu/libcrypto.so.3)
     n1: 16192 0x6247CFB: ??? (in /usr/lib/x86_64-linux-gnu/libcrypto.so.3)
      n1: 16192 0x6247BBB: ??? (in /usr/lib/x86_64-linux-gnu/libcrypto.so.3)
       n1: 16192 0x62672DA: ??? (in /usr/lib/x86_64-linux-gnu/libcrypto.so.3)
        n1: 16192 0x63309E7: ??? (in /usr/lib/x86_64-linux-gnu/libcrypto.so.3)
         n2: 16192 0x633103D: ??? (in /usr/lib/x86_64-linux-gnu/libcrypto.so.3)
          n1: 15312 0x6228652: EVP_CIPHER_fetch (in /usr/lib/x86_64-linux-gnu/libcrypto.so.3)
           n1: 15312 0x631B6C4: ??? (in /usr/lib/x86_64-linux-gnu/libcrypto.so.3)
            n1: 15312 0x631BB22: ??? (in /usr/lib/x86_64-linux-gnu/libcrypto.so.3)
             n1: 15312 0x6233AD7: EVP_RAND_instantiate (in /usr/lib/x86_64-linux-gnu/libcrypto.so.3)
              n1: 15312 0x6285A91: ??? (in /usr/lib/x86_64-linux-gnu/libcrypto.so.3)
               n1: 15312 0x6285C2B: RAND_get0_primary (in /usr/lib/x86_64-linux-gnu/libcrypto.so.3)
                n1: 15312 0x6285EF6: RAND_status (in /usr/lib/x86_64-linux-gnu/libcrypto.so.3)
                 n1: 15312 0x5C962CF: OQS_randombytes_openssl (in /home/anss/random/bench/install/lib/liboqs.so.0.15.0)
                  n1: 15312 0x4AAB6AB: PQCLEAN_HQC128_CLEAN_hqc_pke_keygen (in /home/anss/random/bench/install/lib/liboqs.so.0.15.0)
                   n1: 15312 0x4AABCAC: PQCLEAN_HQC128_CLEAN_crypto_kem_keypair (in /home/anss/random/bench/install/lib/liboqs.so.0.15.0)
                    n1: 15312 0x4AA8EFA: OQS_KEM_hqc_128_keypair (in /home/anss/random/bench/install/lib/liboqs.so.0.15.0)
                     n0: 15312 0x1092FB: main (in /home/anss/random/bench/mem_kem)
          n0: 880 in 1 place, below massif's threshold (1.00%)
   n0: 1056 in 7 places, all below massif's threshold (1.00%)
  n2: 12160 0x62482F6: OPENSSL_LH_new (in /usr/lib/x86_64-linux-gnu/libcrypto.so.3)
   n1: 11776 0x628433F: ??? (in /usr/lib/x86_64-linux-gnu/libcrypto.so.3)
    n1: 11776 0x6227DB9: ??? (in /usr/lib/x86_64-linux-gnu/libcrypto.so.3)
     n1: 11776 0x6247CFB: ??? (in /usr/lib/x86_64-linux-gnu/libcrypto.so.3)
      n1: 11776 0x6247BBB: ??? (in /usr/lib/x86_64-linux-gnu/libcrypto.so.3)
       n1: 11776 0x62672DA: ??? (in /usr/lib/x86_64-linux-gnu/libcrypto.so.3)
        n1: 11776 0x63309E7: ??? (in /usr/lib/x86_64-linux-gnu/libcrypto.so.3)
         n2: 11776 0x633103D: ??? (in /usr/lib/x86_64-linux-gnu/libcrypto.so.3)
          n1: 11136 0x6228652: EVP_CIPHER_fetch (in /usr/lib/x86_64-linux-gnu/libcrypto.so.3)
           n1: 11136 0x631B6C4: ??? (in /usr/lib/x86_64-linux-gnu/libcrypto.so.3)
            n1: 11136 0x631BB22: ??? (in /usr/lib/x86_64-linux-gnu/libcrypto.so.3)
             n1: 11136 0x6233AD7: EVP_RAND_instantiate (in /usr/lib/x86_64-linux-gnu/libcrypto.so.3)
              n1: 11136 0x6285A91: ??? (in /usr/lib/x86_64-linux-gnu/libcrypto.so.3)
               n1: 11136 0x6285C2B: RAND_get0_primary (in /usr/lib/x86_64-linux-gnu/libcrypto.so.3)
                n1: 11136 0x6285EF6: RAND_status (in /usr/lib/x86_64-linux-gnu/libcrypto.so.3)
                 n1: 11136 0x5C962CF: OQS_randombytes_openssl (in /home/anss/random/bench/install/lib/liboqs.so.0.15.0)
                  n1: 11136 0x4AAB6AB: PQCLEAN_HQC128_CLEAN_hqc_pke_keygen (in /home/anss/random/bench/install/lib/liboqs.so.0.15.0)
                   n1: 11136 0x4AABCAC: PQCLEAN_HQC128_CLEAN_crypto_kem_keypair (in /home/anss/random/bench/install/lib/liboqs.so.0.15.0)
                    n1: 11136 0x4AA8EFA: OQS_KEM_hqc_128_keypair (in /home/anss/random/bench/install/lib/liboqs.so.0.15.0)
                     n0: 11136 0x1092FB: main (in /home/anss/random/bench/mem_kem)
          n0: 640 in 1 place, below massif's threshold (1.00%)
   n0: 384 in 7 places, all below massif's threshold (1.00%)
  n1: 7392 0x625E073: CRYPTO_THREAD_lock_new (in /usr/lib/x86_64-linux-gnu/libcrypto.so.3)
   n0: 7392 in 23 places, all below massif's threshold (1.00%)
 n3: 47328 0x6248625: OPENSSL_LH_insert (in /usr/lib/x86_64-linux-gnu/libcrypto.so.3)
  n2: 33912 0x6339B72: ??? (in /usr/lib/x86_64-linux-gnu/libcrypto.so.3)
   n1: 31944 0x6206BEF: ERR_load_strings_const (in /usr/lib/x86_64-linux-gnu/libcrypto.so.3)
    n0: 31944 in 33 places, all below massif's threshold (1.00%)
   n0: 1968 in 2 places, all below massif's threshold (1.00%)
  n1: 7704 0x62559E2: ??? (in /usr/lib/x86_64-linux-gnu/libcrypto.so.3)
   n0: 7704 in 3 places, all below massif's threshold (1.00%)
  n0: 5712 in 6 places, all below massif's threshold (1.00%)
 n0: 22219 in 33 places, all below massif's threshold (1.00%)
 n2: 11264 0x62485D3: OPENSSL_LH_insert (in /usr/lib/x86_64-linux-gnu/libcrypto.so.3)
  n2: 8192 0x6339B72: ??? (in /usr/lib/x86_64-linux-gnu/libcrypto.so.3)
   n2: 8192 0x6206BEF: ERR_load_strings_const (in /usr/lib/x86_64-linux-gnu/libcrypto.so.3)
    n1: 8192 0x62598DE: ??? (in /usr/lib/x86_64-linux-gnu/libcrypto.so.3)
     n1: 8192 0x5F0BEE7: __pthread_once_slow (pthread_once.c:116)
      n1: 8192 0x625E1EC: CRYPTO_THREAD_run_once (in /usr/lib/x86_64-linux-gnu/libcrypto.so.3)
       n1: 8192 0x625AEE2: OPENSSL_init_crypto (in /usr/lib/x86_64-linux-gnu/libcrypto.so.3)
        n1: 8192 0x6208686: ??? (in /usr/lib/x86_64-linux-gnu/libcrypto.so.3)
         n1: 8192 0x620904C: ERR_set_mark (in /usr/lib/x86_64-linux-gnu/libcrypto.so.3)
          n1: 8192 0x61B5451: CONF_modules_load_file_ex (in /usr/lib/x86_64-linux-gnu/libcrypto.so.3)
           n1: 8192 0x625A6EF: ??? (in /usr/lib/x86_64-linux-gnu/libcrypto.so.3)
            n1: 8192 0x5F0BEE7: __pthread_once_slow (pthread_once.c:116)
             n1: 8192 0x625E1EC: CRYPTO_THREAD_run_once (in /usr/lib/x86_64-linux-gnu/libcrypto.so.3)
              n1: 8192 0x625B155: OPENSSL_init_crypto (in /usr/lib/x86_64-linux-gnu/libcrypto.so.3)
               n1: 8192 0x63307AC: ??? (in /usr/lib/x86_64-linux-gnu/libcrypto.so.3)
                n1: 8192 0x62853A4: RAND_get_rand_method (in /usr/lib/x86_64-linux-gnu/libcrypto.so.3)
                 n1: 8192 0x6285EC9: RAND_status (in /usr/lib/x86_64-linux-gnu/libcrypto.so.3)
                  n1: 8192 0x5C962CF: OQS_randombytes_openssl (in /home/anss/random/bench/install/lib/liboqs.so.0.15.0)
                   n1: 8192 0x4AAB6AB: PQCLEAN_HQC128_CLEAN_hqc_pke_keygen (in /home/anss/random/bench/install/lib/liboqs.so.0.15.0)
                    n1: 8192 0x4AABCAC: PQCLEAN_HQC128_CLEAN_crypto_kem_keypair (in /home/anss/random/bench/install/lib/liboqs.so.0.15.0)
                     n1: 8192 0x4AA8EFA: OQS_KEM_hqc_128_keypair (in /home/anss/random/bench/install/lib/liboqs.so.0.15.0)
                      n0: 8192 0x1092FB: main (in /home/anss/random/bench/mem_kem)
    n0: 0 in 3 places, all below massif's threshold (1.00%)
   n0: 0 in 2 places, all below massif's threshold (1.00%)
  n0: 3072 in 3 places, all below massif's threshold (1.00%)
 n1: 6226 0x6253C72: CRYPTO_strndup (in /usr/lib/x86_64-linux-gnu/libcrypto.so.3)
  n0: 6226 in 4 places, all below massif's threshold (1.00%)
#-----------
snapshot=48
#-----------
time=7995343
mem_heap_B=495329
mem_heap_extra_B=55135
mem_stacks_B=0
heap_tree=empty
#-----------
snapshot=49
#-----------
time=8105363
mem_heap_B=531768
mem_heap_extra_B=55808
mem_stacks_B=0
heap_tree=detailed
n5: 531768 (heap allocation functions) malloc/new/new[], --alloc-fns, etc.
 n7: 446264 0x6252C3D: CRYPTO_zalloc (in /usr/lib/x86_64-linux-gnu/libcrypto.so.3)
  n1: 294912 0x625DFC4: ??? (in /usr/lib/x86_64-linux-gnu/libcrypto.so.3)
   n1: 294912 0x6284365: ??? (in /usr/lib/x86_64-linux-gnu/libcrypto.so.3)
    n1: 294912 0x6227DB9: ??? (in /usr/lib/x86_64-linux-gnu/libcrypto.so.3)
     n1: 294912 0x6247CFB: ??? (in /usr/lib/x86_64-linux-gnu/libcrypto.so.3)
      n1: 294912 0x6247BBB: ??? (in /usr/lib/x86_64-linux-gnu/libcrypto.so.3)
       n1: 294912 0x62672DA: ??? (in /usr/lib/x86_64-linux-gnu/libcrypto.so.3)
        n1: 294912 0x63309E7: ??? (in /usr/lib/x86_64-linux-gnu/libcrypto.so.3)
         n2: 294912 0x633103D: ??? (in /usr/lib/x86_64-linux-gnu/libcrypto.so.3)
          n1: 262144 0x6228652: EVP_CIPHER_fetch (in /usr/lib/x86_64-linux-gnu/libcrypto.so.3)
           n1: 262144 0x631B6C4: ??? (in /usr/lib/x86_64-linux-gnu/libcrypto.so.3)
            n1: 262144 0x631BB22: ??? (in /usr/lib/x86_64-linux-gnu/libcrypto.so.3)
             n1: 262144 0x6233AD7: EVP_RAND_instantiate (in /usr/lib/x86_64-linux-gnu/libcrypto.so.3)
              n1: 262144 0x6285A91: ??? (in /usr/lib/x86_64-linux-gnu/libcrypto.so.3)
               n1: 262144 0x6285C2B: RAND_get0_primary (in /usr/lib/x86_64-linux-gnu/libcrypto.so.3)
                n1: 262144 0x6285EF6: RAND_status (in /usr/lib/x86_64-linux-gnu/libcrypto.so.3)
                 n1: 262144 0x5C962CF: OQS_randombytes_openssl (in /home/anss/random/bench/install/lib/liboqs.so.0.15.0)
                  n1: 262144 0x4AAB6AB: PQCLEAN_HQC128_CLEAN_hqc_pke_keygen (in /home/anss/random/bench/install/lib/liboqs.so.0.15.0)
                   n1: 262144 0x4AABCAC: PQCLEAN_HQC128_CLEAN_crypto_kem_keypair (in /home/anss/random/bench/install/lib/liboqs.so.0.15.0)
                    n1: 262144 0x4AA8EFA: OQS_KEM_hqc_128_keypair (in /home/anss/random/bench/install/lib/liboqs.so.0.15.0)
                     n0: 262144 0x1092FB: main (in /home/anss/random/bench/mem_kem)
          n1: 32768 0x62336C2: EVP_RAND_fetch (in /usr/lib/x86_64-linux-gnu/libcrypto.so.3)
           n1: 32768 0x6285CDB: RAND_get0_primary (in /usr/lib/x86_64-linux-gnu/libcrypto.so.3)
            n1: 32768 0x6285EF6: RAND_status (in /usr/lib/x86_64-linux-gnu/libcrypto.so.3)
             n1: 32768 0x5C962CF: OQS_randombytes_openssl (in /home/anss/random/bench/install/lib/liboqs.so.0.15.0)
              n1: 32768 0x4AAB6AB: PQCLEAN_HQC128_CLEAN_hqc_pke_keygen (in /home/anss/random/bench/install/lib/liboqs.so.0.15.0)
               n1: 32768 0x4AABCAC: PQCLEAN_HQC128_CLEAN_crypto_kem_keypair (in /home/anss/random/bench/install/lib/liboqs.so.0.15.0)
                n1: 32768 0x4AA8EFA: OQS_KEM_hqc_128_keypair (in /home/anss/random/bench/install/lib/liboqs.so.0.15.0)
                 n0: 32768 0x1092FB: main (in /home/anss/random/bench/mem_kem)
  n1: 65536 0x625DF52: ??? (in /usr/lib/x86_64-linux-gnu/libcrypto.so.3)
   n1: 65536 0x6284365: ??? (in /usr/lib/x86_64-linux-gnu/libcrypto.so.3)
    n1: 65536 0x6227DB9: ??? (in /usr/lib/x86_64-linux-gnu/libcrypto.so.3)
     n1: 65536 0x6247CFB: ??? (in /usr/lib/x86_64-linux-gnu/libcrypto.so.3)
      n1: 65536 0x6247BBB: ??? (in /usr/lib/x86_64-linux-gnu/libcrypto.so.3)
       n1: 65536 0x62672DA: ??? (in /usr/lib/x86_64-linux-gnu/libcrypto.so.3)
        n1: 65536 0x63309E7: ??? (in /usr/lib/x86_64-linux-gnu/libcrypto.so.3)
         n1: 65536 0x633103D: ??? (in /usr/lib/x86_64-linux-gnu/libcrypto.so.3)
          n1: 65536 0x62336C2: EVP_RAND_fetch (in /usr/lib/x86_64-linux-gnu/libcrypto.so.3)
           n1: 65536 0x6285CDB: RAND_get0_primary (in /usr/lib/x86_64-linux-gnu/libcrypto.so.3)
            n1: 65536 0x6285EF6: RAND_status (in /usr/lib/x86_64-linux-gnu/libcrypto.so.3)
             n1: 65536 0x5C962CF: OQS_randombytes_openssl (in /home/anss/random/bench/install/lib/liboqs.so.0.15.0)
              n1: 65536 0x4AAB6AB: PQCLEAN_HQC128_CLEAN_hqc_pke_keygen (in /home/anss/random/bench/install/lib/liboqs.so.0.15.0)
               n1: 65536 0x4AABCAC: PQCLEAN_HQC128_CLEAN_crypto_kem_keypair (in /home/anss/random/bench/install/lib/liboqs.so.0.15.0)
                n1: 65536 0x4AA8EFA: OQS_KEM_hqc_128_keypair (in /home/anss/random/bench/install/lib/liboqs.so.0.15.0)
                 n0: 65536 0x1092FB: main (in /home/anss/random/bench/mem_kem)
  n1: 25600 0x622FE73: ??? (in /usr/lib/x86_64-linux-gnu/libcrypto.so.3)
   n1: 25600 0x623119D: ??? (in /usr/lib/x86_64-linux-gnu/libcrypto.so.3)
    n1: 25600 0x6227E59: ??? (in /usr/lib/x86_64-linux-gnu/libcrypto.so.3)
     n1: 25600 0x6247C98: ??? (in /usr/lib/x86_64-linux-gnu/libcrypto.so.3)
      n1: 25600 0x6247BBB: ??? (in /usr/lib/x86_64-linux-gnu/libcrypto.so.3)
       n1: 25600 0x62672DA: ??? (in /usr/lib/x86_64-linux-gnu/libcrypto.so.3)
        n1: 25600 0x63309E7: ??? (in /usr/lib/x86_64-linux-gnu/libcrypto.so.3)
         n1: 25600 0x633103D: ??? (in /usr/lib/x86_64-linux-gnu/libcrypto.so.3)
          n1: 25600 0x6228652: EVP_CIPHER_fetch (in /usr/lib/x86_64-linux-gnu/libcrypto.so.3)
           n1: 25600 0x631B6C4: ??? (in /usr/lib/x86_64-linux-gnu/libcrypto.so.3)
            n1: 25600 0x631BB22: ??? (in /usr/lib/x86_64-linux-gnu/libcrypto.so.3)
             n1: 25600 0x6233AD7: EVP_RAND_instantiate (in /usr/lib/x86_64-linux-gnu/libcrypto.so.3)
              n1: 25600 0x6285A91: ??? (in /usr/lib/x86_64-linux-gnu/libcrypto.so.3)
               n1: 25600 0x6285C2B: RAND_get0_primary (in /usr/lib/x86_64-linux-gnu/libcrypto.so.3)
                n1: 25600 0x6285EF6: RAND_status (in /usr/lib/x86_64-linux-gnu/libcrypto.so.3)
                 n1: 25600 0x5C962CF: OQS_randombytes_openssl (in /home/anss/random/bench/install/lib/liboqs.so.0.15.0)
                  n1: 25600 0x4AAB6AB: PQCLEAN_HQC128_CLEAN_hqc_pke_keygen (in /home/anss/random/bench/install/lib/liboqs.so.0.15.0)
                   n1: 25600 0x4AABCAC: PQCLEAN_HQC128_CLEAN_crypto_kem_keypair (in /home/anss/random/bench/install/lib/liboqs.so.0.15.0)
                    n1: 25600 0x4AA8EFA: OQS_KEM_hqc_128_keypair (in /home/anss/random/bench/install/lib/liboqs.so.0.15.0)
                     n0: 25600 0x1092FB: main (in /home/anss/random/bench/mem_kem)
  n2: 19536 0x62482DC: OPENSSL_LH_new (in /usr/lib/x86_64-linux-gnu/libcrypto.so.3)
   n1: 18480 0x628433F: ??? (in /usr/lib/x86_64-linux-gnu/libcrypto.so.3)
    n1: 18480 0x6227DB9: ??? (in /usr/lib/x86_64-linux-gnu/libcrypto.so.3)
     n1: 18480 0x6247CFB: ??? (in /usr/lib/x86_64-linux-gnu/libcrypto.so.3)
      n1: 18480 0x6247BBB: ??? (in /usr/lib/x86_64-linux-gnu/libcrypto.so.3)
       n1: 18480 0x62672DA: ??? (in /usr/lib/x86_64-linux-gnu/libcrypto.so.3)
        n1: 18480 0x63309E7: ??? (in /usr/lib/x86_64-linux-gnu/libcrypto.so.3)
         n2: 18480 0x633103D: ??? (in /usr/lib/x86_64-linux-gnu/libcrypto.so.3)
          n1: 17600 0x6228652: EVP_CIPHER_fetch (in /usr/lib/x86_64-linux-gnu/libcrypto.so.3)
           n1: 17600 0x631B6C4: ??? (in /usr/lib/x86_64-linux-gnu/libcrypto.so.3)
            n1: 17600 0x631BB22: ??? (in /usr/lib/x86_64-linux-gnu/libcrypto.so.3)
             n1: 17600 0x6233AD7: EVP_RAND_instantiate (in /usr/lib/x86_64-linux-gnu/libcrypto.so.3)
              n1: 17600 0x6285A91: ??? (in /usr/lib/x86_64-linux-gnu/libcrypto.so.3)
               n1: 17600 0x6285C2B: RAND_get0_primary (in /usr/lib/x86_64-linux-gnu/libcrypto.so.3)
                n1: 17600 0x6285EF6: RAND_status (in /usr/lib/x86_64-linux-gnu/libcrypto.so.3)
                 n1: 17600 0x5C962CF: OQS_randombytes_openssl (in /home/anss/random/bench/install/lib/liboqs.so.0.15.0)
                  n1: 17600 0x4AAB6AB: PQCLEAN_HQC128_CLEAN_hqc_pke_keygen (in /home/anss/random/bench/install/lib/liboqs.so.0.15.0)
                   n1: 17600 0x4AABCAC: PQCLEAN_HQC128_CLEAN_crypto_kem_keypair (in /home/anss/random/bench/install/lib/liboqs.so.0.15.0)
                    n1: 17600 0x4AA8EFA: OQS_KEM_hqc_128_keypair (in /home/anss/random/bench/install/lib/liboqs.so.0.15.0)
                     n0: 17600 0x1092FB: main (in /home/anss/random/bench/mem_kem)
          n0: 880 in 1 place, below massif's threshold (1.00%)
   n0: 1056 in 7 places, all below massif's threshold (1.00%)
  n0: 18792 in 28 places, all below massif's threshold (1.00%)
  n2: 13824 0x62482F6: OPENSSL_LH_new (in /usr/lib/x86_64-linux-gnu/libcrypto.so.3)
   n1: 13440 0x628433F: ??? (in /usr/lib/x86_64-linux-gnu/libcrypto.so.3)
    n1: 13440 0x6227DB9: ??? (in /usr/lib/x86_64-linux-gnu/libcrypto.so.3)
     n1: 13440 0x6247CFB: ??? (in /usr/lib/x86_64-linux-gnu/libcrypto.so.3)
      n1: 13440 0x6247BBB: ??? (in /usr/lib/x86_64-linux-gnu/libcrypto.so.3)
       n1: 13440 0x62672DA: ??? (in /usr/lib/x86_64-linux-gnu/libcrypto.so.3)
        n1: 13440 0x63309E7: ??? (in /usr/lib/x86_64-linux-gnu/libcrypto.so.3)
         n2: 13440 0x633103D: ??? (in /usr/lib/x86_64-linux-gnu/libcrypto.so.3)
          n1: 12800 0x6228652: EVP_CIPHER_fetch (in /usr/lib/x86_64-linux-gnu/libcrypto.so.3)
           n1: 12800 0x631B6C4: ??? (in /usr/lib/x86_64-linux-gnu/libcrypto.so.3)
            n1: 12800 0x631BB22: ??? (in /usr/lib/x86_64-linux-gnu/libcrypto.so.3)
             n1: 12800 0x6233AD7: EVP_RAND_instantiate (in /usr/lib/x86_64-linux-gnu/libcrypto.so.3)
              n1: 12800 0x6285A91: ??? (in /usr/lib/x86_64-linux-gnu/libcrypto.so.3)
               n1: 12800 0x6285C2B: RAND_get0_primary (in /usr/lib/x86_64-linux-gnu/libcrypto.so.3)
                n1: 12800 0x6285EF6: RAND_status (in /usr/lib/x86_64-linux-gnu/libcrypto.so.3)
                 n1: 12800 0x5C962CF: OQS_randombytes_openssl (in /home/anss/random/bench/install/lib/liboqs.so.0.15.0)
                  n1: 12800 0x4AAB6AB: PQCLEAN_HQC128_CLEAN_hqc_pke_keygen (in /home/anss/random/bench/install/lib/liboqs.so.0.15.0)
                   n1: 12800 0x4AABCAC: PQCLEAN_HQC128_CLEAN_crypto_kem_keypair (in /home/anss/random/bench/install/lib/liboqs.so.0.15.0)
                    n1: 12800 0x4AA8EFA: OQS_KEM_hqc_128_keypair (in /home/anss/random/bench/install/lib/liboqs.so.0.15.0)
                     n0: 12800 0x1092FB: main (in /home/anss/random/bench/mem_kem)
          n0: 640 in 1 place, below massif's threshold (1.00%)
   n0: 384 in 7 places, all below massif's threshold (1.00%)
  n1: 8064 0x625E073: CRYPTO_THREAD_lock_new (in /usr/lib/x86_64-linux-gnu/libcrypto.so.3)
   n0: 8064 in 23 places, all below massif's threshold (1.00%)
 n3: 47472 0x6248625: OPENSSL_LH_insert (in /usr/lib/x86_64-linux-gnu/libcrypto.so.3)
  n2: 33912 0x6339B72: ??? (in /usr/lib/x86_64-linux-gnu/libcrypto.so.3)
   n1: 31944 0x6206BEF: ERR_load_strings_const (in /usr/lib/x86_64-linux-gnu/libcrypto.so.3)
    n0: 31944 in 33 places, all below massif's threshold (1.00%)
   n0: 1968 in 2 places, all below massif's threshold (1.00%)
  n1: 7848 0x62559E2: ??? (in /usr/lib/x86_64-linux-gnu/libcrypto.so.3)
   n0: 7848 in 3 places, all below massif's threshold (1.00%)
  n0: 5712 in 6 places, all below massif's threshold (1.00%)
 n0: 20171 in 33 places, all below massif's threshold (1.00%)
 n2: 11264 0x62485D3: OPENSSL_LH_insert (in /usr/lib/x86_64-linux-gnu/libcrypto.so.3)
  n2: 8192 0x6339B72: ??? (in /usr/lib/x86_64-linux-gnu/libcrypto.so.3)
   n2: 8192 0x6206BEF: ERR_load_strings_const (in /usr/lib/x86_64-linux-gnu/libcrypto.so.3)
    n1: 8192 0x62598DE: ??? (in /usr/lib/x86_64-linux-gnu/libcrypto.so.3)
     n1: 8192 0x5F0BEE7: __pthread_once_slow (pthread_once.c:116)
      n1: 8192 0x625E1EC: CRYPTO_THREAD_run_once (in /usr/lib/x86_64-linux-gnu/libcrypto.so.3)
       n1: 8192 0x625AEE2: OPENSSL_init_crypto (in /usr/lib/x86_64-linux-gnu/libcrypto.so.3)
        n1: 8192 0x6208686: ??? (in /usr/lib/x86_64-linux-gnu/libcrypto.so.3)
         n1: 8192 0x620904C: ERR_set_mark (in /usr/lib/x86_64-linux-gnu/libcrypto.so.3)
          n1: 8192 0x61B5451: CONF_modules_load_file_ex (in /usr/lib/x86_64-linux-gnu/libcrypto.so.3)
           n1: 8192 0x625A6EF: ??? (in /usr/lib/x86_64-linux-gnu/libcrypto.so.3)
            n1: 8192 0x5F0BEE7: __pthread_once_slow (pthread_once.c:116)
             n1: 8192 0x625E1EC: CRYPTO_THREAD_run_once (in /usr/lib/x86_64-linux-gnu/libcrypto.so.3)
              n1: 8192 0x625B155: OPENSSL_init_crypto (in /usr/lib/x86_64-linux-gnu/libcrypto.so.3)
               n1: 8192 0x63307AC: ??? (in /usr/lib/x86_64-linux-gnu/libcrypto.so.3)
                n1: 8192 0x62853A4: RAND_get_rand_method (in /usr/lib/x86_64-linux-gnu/libcrypto.so.3)
                 n1: 8192 0x6285EC9: RAND_status (in /usr/lib/x86_64-linux-gnu/libcrypto.so.3)
                  n1: 8192 0x5C962CF: OQS_randombytes_openssl (in /home/anss/random/bench/install/lib/liboqs.so.0.15.0)
                   n1: 8192 0x4AAB6AB: PQCLEAN_HQC128_CLEAN_hqc_pke_keygen (in /home/anss/random/bench/install/lib/liboqs.so.0.15.0)
                    n1: 8192 0x4AABCAC: PQCLEAN_HQC128_CLEAN_crypto_kem_keypair (in /home/anss/random/bench/install/lib/liboqs.so.0.15.0)
                     n1: 8192 0x4AA8EFA: OQS_KEM_hqc_128_keypair (in /home/anss/random/bench/install/lib/liboqs.so.0.15.0)
                      n0: 8192 0x1092FB: main (in /home/anss/random/bench/mem_kem)
    n0: 0 in 3 places, all below massif's threshold (1.00%)
   n0: 0 in 2 places, all below massif's threshold (1.00%)
  n0: 3072 in 3 places, all below massif's threshold (1.00%)
 n1: 6597 0x6253C72: CRYPTO_strndup (in /usr/lib/x86_64-linux-gnu/libcrypto.so.3)
  n0: 6597 in 4 places, all below massif's threshold (1.00%)
#-----------
snapshot=50
#-----------
time=8182000
mem_heap_B=534971
mem_heap_extra_B=56365
mem_stacks_B=0
heap_tree=empty
#-----------
snapshot=51
#-----------
time=8191668
mem_heap_B=537923
mem_heap_extra_B=56397
mem_stacks_B=0
heap_tree=detailed
n5: 537923 (heap allocation functions) malloc/new/new[], --alloc-fns, etc.
 n7: 449440 0x6252C3D: CRYPTO_zalloc (in /usr/lib/x86_64-linux-gnu/libcrypto.so.3)
  n1: 294912 0x625DFC4: ??? (in /usr/lib/x86_64-linux-gnu/libcrypto.so.3)
   n1: 294912 0x6284365: ??? (in /usr/lib/x86_64-linux-gnu/libcrypto.so.3)
    n1: 294912 0x6227DB9: ??? (in /usr/lib/x86_64-linux-gnu/libcrypto.so.3)
     n1: 294912 0x6247CFB: ??? (in /usr/lib/x86_64-linux-gnu/libcrypto.so.3)
      n1: 294912 0x6247BBB: ??? (in /usr/lib/x86_64-linux-gnu/libcrypto.so.3)
       n1: 294912 0x62672DA: ??? (in /usr/lib/x86_64-linux-gnu/libcrypto.so.3)
        n1: 294912 0x63309E7: ??? (in /usr/lib/x86_64-linux-gnu/libcrypto.so.3)
         n2: 294912 0x633103D: ??? (in /usr/lib/x86_64-linux-gnu/libcrypto.so.3)
          n1: 262144 0x6228652: EVP_CIPHER_fetch (in /usr/lib/x86_64-linux-gnu/libcrypto.so.3)
           n1: 262144 0x631B6C4: ??? (in /usr/lib/x86_64-linux-gnu/libcrypto.so.3)
            n1: 262144 0x631BB22: ??? (in /usr/lib/x86_64-linux-gnu/libcrypto.so.3)
             n1: 262144 0x6233AD7: EVP_RAND_instantiate (in /usr/lib/x86_64-linux-gnu/libcrypto.so.3)
              n1: 262144 0x6285A91: ??? (in /usr/lib/x86_64-linux-gnu/libcrypto.so.3)
               n1: 262144 0x6285C2B: RAND_get0_primary (in /usr/lib/x86_64-linux-gnu/libcrypto.so.3)
                n1: 262144 0x6285EF6: RAND_status (in /usr/lib/x86_64-linux-gnu/libcrypto.so.3)
                 n1: 262144 0x5C962CF: OQS_randombytes_openssl (in /home/anss/random/bench/install/lib/liboqs.so.0.15.0)
                  n1: 262144 0x4AAB6AB: PQCLEAN_HQC128_CLEAN_hqc_pke_keygen (in /home/anss/random/bench/install/lib/liboqs.so.0.15.0)
                   n1: 262144 0x4AABCAC: PQCLEAN_HQC128_CLEAN_crypto_kem_keypair (in /home/anss/random/bench/install/lib/liboqs.so.0.15.0)
                    n1: 262144 0x4AA8EFA: OQS_KEM_hqc_128_keypair (in /home/anss/random/bench/install/lib/liboqs.so.0.15.0)
                     n0: 262144 0x1092FB: main (in /home/anss/random/bench/mem_kem)
          n1: 32768 0x62336C2: EVP_RAND_fetch (in /usr/lib/x86_64-linux-gnu/libcrypto.so.3)
           n1: 32768 0x6285CDB: RAND_get0_primary (in /usr/lib/x86_64-linux-gnu/libcrypto.so.3)
            n1: 32768 0x6285EF6: RAND_status (in /usr/lib/x86_64-linux-gnu/libcrypto.so.3)
             n1: 32768 0x5C962CF: OQS_randombytes_openssl (in /home/anss/random/bench/install/lib/liboqs.so.0.15.0)
              n1: 32768 0x4AAB6AB: PQCLEAN_HQC128_CLEAN_hqc_pke_keygen (in /home/anss/random/bench/install/lib/liboqs.so.0.15.0)
               n1: 32768 0x4AABCAC: PQCLEAN_HQC128_CLEAN_crypto_kem_keypair (in /home/anss/random/bench/install/lib/liboqs.so.0.15.0)
                n1: 32768 0x4AA8EFA: OQS_KEM_hqc_128_keypair (in /home/anss/random/bench/install/lib/liboqs.so.0.15.0)
                 n0: 32768 0x1092FB: main (in /home/anss/random/bench/mem_kem)
  n1: 65536 0x625DF52: ??? (in /usr/lib/x86_64-linux-gnu/libcrypto.so.3)
   n1: 65536 0x6284365: ??? (in /usr/lib/x86_64-linux-gnu/libcrypto.so.3)
    n1: 65536 0x6227DB9: ??? (in /usr/lib/x86_64-linux-gnu/libcrypto.so.3)
     n1: 65536 0x6247CFB: ??? (in /usr/lib/x86_64-linux-gnu/libcrypto.so.3)
      n1: 65536 0x6247BBB: ??? (in /usr/lib/x86_64-linux-gnu/libcrypto.so.3)
       n1: 65536 0x62672DA: ??? (in /usr/lib/x86_64-linux-gnu/libcrypto.so.3)
        n1: 65536 0x63309E7: ??? (in /usr/lib/x86_64-linux-gnu/libcrypto.so.3)
         n1: 65536 0x633103D: ??? (in /usr/lib/x86_64-linux-gnu/libcrypto.so.3)
          n1: 65536 0x62336C2: EVP_RAND_fetch (in /usr/lib/x86_64-linux-gnu/libcrypto.so.3)
           n1: 65536 0x6285CDB: RAND_get0_primary (in /usr/lib/x86_64-linux-gnu/libcrypto.so.3)
            n1: 65536 0x6285EF6: RAND_status (in /usr/lib/x86_64-linux-gnu/libcrypto.so.3)
             n1: 65536 0x5C962CF: OQS_randombytes_openssl (in /home/anss/random/bench/install/lib/liboqs.so.0.15.0)
              n1: 65536 0x4AAB6AB: PQCLEAN_HQC128_CLEAN_hqc_pke_keygen (in /home/anss/random/bench/install/lib/liboqs.so.0.15.0)
               n1: 65536 0x4AABCAC: PQCLEAN_HQC128_CLEAN_crypto_kem_keypair (in /home/anss/random/bench/install/lib/liboqs.so.0.15.0)
                n1: 65536 0x4AA8EFA: OQS_KEM_hqc_128_keypair (in /home/anss/random/bench/install/lib/liboqs.so.0.15.0)
                 n0: 65536 0x1092FB: main (in /home/anss/random/bench/mem_kem)
  n1: 26880 0x622FE73: ??? (in /usr/lib/x86_64-linux-gnu/libcrypto.so.3)
   n1: 26880 0x623119D: ??? (in /usr/lib/x86_64-linux-gnu/libcrypto.so.3)
    n1: 26880 0x6227E59: ??? (in /usr/lib/x86_64-linux-gnu/libcrypto.so.3)
     n1: 26880 0x6247C98: ??? (in /usr/lib/x86_64-linux-gnu/libcrypto.so.3)
      n1: 26880 0x6247BBB: ??? (in /usr/lib/x86_64-linux-gnu/libcrypto.so.3)
       n1: 26880 0x62672DA: ??? (in /usr/lib/x86_64-linux-gnu/libcrypto.so.3)
        n1: 26880 0x63309E7: ??? (in /usr/lib/x86_64-linux-gnu/libcrypto.so.3)
         n1: 26880 0x633103D: ??? (in /usr/lib/x86_64-linux-gnu/libcrypto.so.3)
          n1: 26880 0x6228652: EVP_CIPHER_fetch (in /usr/lib/x86_64-linux-gnu/libcrypto.so.3)
           n1: 26880 0x631B6C4: ??? (in /usr/lib/x86_64-linux-gnu/libcrypto.so.3)
            n1: 26880 0x631BB22: ??? (in /usr/lib/x86_64-linux-gnu/libcrypto.so.3)
             n1: 26880 0x6233AD7: EVP_RAND_instantiate (in /usr/lib/x86_64-linux-gnu/libcrypto.so.3)
              n1: 26880 0x6285A91: ??? (in /usr/lib/x86_64-linux-gnu/libcrypto.so.3)
               n1: 26880 0x6285C2B: RAND_get0_primary (in /usr/lib/x86_64-linux-gnu/libcrypto.so.3)
                n1: 26880 0x6285EF6: RAND_status (in /usr/lib/x86_64-linux-gnu/libcrypto.so.3)
                 n1: 26880 0x5C962CF: OQS_randombytes_openssl (in /home/anss/random/bench/install/lib/liboqs.so.0.15.0)
                  n1: 26880 0x4AAB6AB: PQCLEAN_HQC128_CLEAN_hqc_pke_keygen (in /home/anss/random/bench/install/lib/liboqs.so.0.15.0)
                   n1: 26880 0x4AABCAC: PQCLEAN_HQC128_CLEAN_crypto_kem_keypair (in /home/anss/random/bench/install/lib/liboqs.so.0.15.0)
                    n1: 26880 0x4AA8EFA: OQS_KEM_hqc_128_keypair (in /home/anss/random/bench/install/lib/liboqs.so.0.15.0)
                     n0: 26880 0x1092FB: main (in /home/anss/random/bench/mem_kem)
  n2: 20240 0x62482DC: OPENSSL_LH_new (in /usr/lib/x86_64-linux-gnu/libcrypto.so.3)
   n1: 19184 0x628433F: ??? (in /usr/lib/x86_64-linux-gnu/libcrypto.so.3)
    n1: 19184 0x6227DB9: ??? (in /usr/lib/x86_64-linux-gnu/libcrypto.so.3)
     n1: 19184 0x6247CFB: ??? (in /usr/lib/x86_64-linux-gnu/libcrypto.so.3)
      n1: 19184 0x6247BBB: ??? (in /usr/lib/x86_64-linux-gnu/libcrypto.so.3)
       n1: 19184 0x62672DA: ??? (in /usr/lib/x86_64-linux-gnu/libcrypto.so.3)
        n1: 19184 0x63309E7: ??? (in /usr/lib/x86_64-linux-gnu/libcrypto.so.3)
         n2: 19184 0x633103D: ??? (in /usr/lib/x86_64-linux-gnu/libcrypto.so.3)
          n1: 18304 0x6228652: EVP_CIPHER_fetch (in /usr/lib/x86_64-linux-gnu/libcrypto.so.3)
           n1: 18304 0x631B6C4: ??? (in /usr/lib/x86_64-linux-gnu/libcrypto.so.3)
            n1: 18304 0x631BB22: ??? (in /usr/lib/x86_64-linux-gnu/libcrypto.so.3)
             n1: 18304 0x6233AD7: EVP_RAND_instantiate (in /usr/lib/x86_64-linux-gnu/libcrypto.so.3)
              n1: 18304 0x6285A91: ??? (in /usr/lib/x86_64-linux-gnu/libcrypto.so.3)
               n1: 18304 0x6285C2B: RAND_get0_primary (in /usr/lib/x86_64-linux-gnu/libcrypto.so.3)
                n1: 18304 0x6285EF6: RAND_status (in /usr/lib/x86_64-linux-gnu/libcrypto.so.3)
                 n1: 18304 0x5C962CF: OQS_randombytes_openssl (in /home/anss/random/bench/install/lib/liboqs.so.0.15.0)
                  n1: 18304 0x4AAB6AB: PQCLEAN_HQC128_CLEAN_hqc_pke_keygen (in /home/anss/random/bench/install/lib/liboqs.so.0.15.0)
                   n1: 18304 0x4AABCAC: PQCLEAN_HQC128_CLEAN_crypto_kem_keypair (in /home/anss/random/bench/install/lib/liboqs.so.0.15.0)
                    n1: 18304 0x4AA8EFA: OQS_KEM_hqc_128_keypair (in /home/anss/random/bench/install/lib/liboqs.so.0.15.0)
                     n0: 18304 0x1092FB: main (in /home/anss/random/bench/mem_kem)
          n0: 880 in 1 place, below massif's threshold (1.00%)
   n0: 1056 in 7 places, all below massif's threshold (1.00%)
  n0: 19192 in 28 places, all below massif's threshold (1.00%)
  n2: 14336 0x62482F6: OPENSSL_LH_new (in /usr/lib/x86_64-linux-gnu/libcrypto.so.3)
   n1: 13952 0x628433F: ??? (in /usr/lib/x86_64-linux-gnu/libcrypto.so.3)
    n1: 13952 0x6227DB9: ??? (in /usr/lib/x86_64-linux-gnu/libcrypto.so.3)
     n1: 13952 0x6247CFB: ??? (in /usr/lib/x86_64-linux-gnu/libcrypto.so.3)
      n1: 13952 0x6247BBB: ??? (in /usr/lib/x86_64-linux-gnu/libcrypto.so.3)
       n1: 13952 0x62672DA: ??? (in /usr/lib/x86_64-linux-gnu/libcrypto.so.3)
        n1: 13952 0x63309E7: ??? (in /usr/lib/x86_64-linux-gnu/libcrypto.so.3)
         n2: 13952 0x633103D: ??? (in /usr/lib/x86_64-linux-gnu/libcrypto.so.3)
          n1: 13312 0x6228652: EVP_CIPHER_fetch (in /usr/lib/x86_64-linux-gnu/libcrypto.so.3)
           n1: 13312 0x631B6C4: ??? (in /usr/lib/x86_64-linux-gnu/libcrypto.so.3)
            n1: 13312 0x631BB22: ??? (in /usr/lib/x86_64-linux-gnu/libcrypto.so.3)
             n1: 13312 0x6233AD7: EVP_RAND_instantiate (in /usr/lib/x86_64-linux-gnu/libcrypto.so.3)
              n1: 13312 0x6285A91: ??? (in /usr/lib/x86_64-linux-gnu/libcrypto.so.3)
               n1: 13312 0x6285C2B: RAND_get0_primary (in /usr/lib/x86_64-linux-gnu/libcrypto.so.3)
                n1: 13312 0x6285EF6: RAND_status (in /usr/lib/x86_64-linux-gnu/libcrypto.so.3)
                 n1: 13312 0x5C962CF: OQS_randombytes_openssl (in /home/anss/random/bench/install/lib/liboqs.so.0.15.0)
                  n1: 13312 0x4AAB6AB: PQCLEAN_HQC128_CLEAN_hqc_pke_keygen (in /home/anss/random/bench/install/lib/liboqs.so.0.15.0)
                   n1: 13312 0x4AABCAC: PQCLEAN_HQC128_CLEAN_crypto_kem_keypair (in /home/anss/random/bench/install/lib/liboqs.so.0.15.0)
                    n1: 13312 0x4AA8EFA: OQS_KEM_hqc_128_keypair (in /home/anss/random/bench/install/lib/liboqs.so.0.15.0)
                     n0: 13312 0x1092FB: main (in /home/anss/random/bench/mem_kem)
          n0: 640 in 1 place, below massif's threshold (1.00%)
   n0: 384 in 7 places, all below massif's threshold (1.00%)
  n1: 8344 0x625E073: CRYPTO_THREAD_lock_new (in /usr/lib/x86_64-linux-gnu/libcrypto.so.3)
   n0: 8344 in 23 places, all below massif's threshold (1.00%)
 n3: 47544 0x6248625: OPENSSL_LH_insert (in /usr/lib/x86_64-linux-gnu/libcrypto.so.3)
  n2: 33912 0x6339B72: ??? (in /usr/lib/x86_64-linux-gnu/libcrypto.so.3)
   n1: 31944 0x6206BEF: ERR_load_strings_const (in /usr/lib/x86_64-linux-gnu/libcrypto.so.3)
    n0: 31944 in 33 places, all below massif's threshold (1.00%)
   n0: 1968 in 2 places, all below massif's threshold (1.00%)
  n1: 7920 0x62559E2: ??? (in /usr/lib/x86_64-linux-gnu/libcrypto.so.3)
   n0: 7920 in 3 places, all below massif's threshold (1.00%)
  n0: 5712 in 6 places, all below massif's threshold (1.00%)
 n0: 22971 in 33 places, all below massif's threshold (1.00%)
 n2: 11264 0x62485D3: OPENSSL_LH_insert (in /usr/lib/x86_64-linux-gnu/libcrypto.so.3)
  n2: 8192 0x6339B72: ??? (in /usr/lib/x86_64-linux-gnu/libcrypto.so.3)
   n2: 8192 0x6206BEF: ERR_load_strings_const (in /usr/lib/x86_64-linux-gnu/libcrypto.so.3)
    n1: 8192 0x62598DE: ??? (in /usr/lib/x86_64-linux-gnu/libcrypto.so.3)
     n1: 8192 0x5F0BEE7: __pthread_once_slow (pthread_once.c:116)
      n1: 8192 0x625E1EC: CRYPTO_THREAD_run_once (in /usr/lib/x86_64-linux-gnu/libcrypto.so.3)
       n1: 8192 0x625AEE2: OPENSSL_init_crypto (in /usr/lib/x86_64-linux-gnu/libcrypto.so.3)
        n1: 8192 0x6208686: ??? (in /usr/lib/x86_64-linux-gnu/libcrypto.so.3)
         n1: 8192 0x620904C: ERR_set_mark (in /usr/lib/x86_64-linux-gnu/libcrypto.so.3)
          n1: 8192 0x61B5451: CONF_modules_load_file_ex (in /usr/lib/x86_64-linux-gnu/libcrypto.so.3)
           n1: 8192 0x625A6EF: ??? (in /usr/lib/x86_64-linux-gnu/libcrypto.so.3)
            n1: 8192 0x5F0BEE7: __pthread_once_slow (pthread_once.c:116)
             n1: 8192 0x625E1EC: CRYPTO_THREAD_run_once (in /usr/lib/x86_64-linux-gnu/libcrypto.so.3)
              n1: 8192 0x625B155: OPENSSL_init_crypto (in /usr/lib/x86_64-linux-gnu/libcrypto.so.3)
               n1: 8192 0x63307AC: ??? (in /usr/lib/x86_64-linux-gnu/libcrypto.so.3)
                n1: 8192 0x62853A4: RAND_get_rand_method (in /usr/lib/x86_64-linux-gnu/libcrypto.so.3)
                 n1: 8192 0x6285EC9: RAND_status (in /usr/lib/x86_64-linux-gnu/libcrypto.so.3)
                  n1: 8192 0x5C962CF: OQS_randombytes_openssl (in /home/anss/random/bench/install/lib/liboqs.so.0.15.0)
                   n1: 8192 0x4AAB6AB: PQCLEAN_HQC128_CLEAN_hqc_pke_keygen (in /home/anss/random/bench/install/lib/liboqs.so.0.15.0)
                    n1: 8192 0x4AABCAC: PQCLEAN_HQC128_CLEAN_crypto_kem_keypair (in /home/anss/random/bench/install/lib/liboqs.so.0.15.0)
                     n1: 8192 0x4AA8EFA: OQS_KEM_hqc_128_keypair (in /home/anss/random/bench/install/lib/liboqs.so.0.15.0)
                      n0: 8192 0x1092FB: main (in /home/anss/random/bench/mem_kem)
    n0: 0 in 3 places, all below massif's threshold (1.00%)
   n0: 0 in 2 places, all below massif's threshold (1.00%)
  n0: 3072 in 3 places, all below massif's threshold (1.00%)
 n1: 6704 0x6253C72: CRYPTO_strndup (in /usr/lib/x86_64-linux-gnu/libcrypto.so.3)
  n0: 6704 in 4 places, all below massif's threshold (1.00%)
#-----------
snapshot=52
#-----------
time=8271710
mem_heap_B=538519
mem_heap_extra_B=56961
mem_stacks_B=0
heap_tree=empty
#-----------
snapshot=53
#-----------
time=8322610
mem_heap_B=543648
mem_heap_extra_B=57376
mem_stacks_B=0
heap_tree=detailed
n5: 543648 (heap allocation functions) malloc/new/new[], --alloc-fns, etc.
 n7: 454480 0x6252C3D: CRYPTO_zalloc (in /usr/lib/x86_64-linux-gnu/libcrypto.so.3)
  n1: 294912 0x625DFC4: ??? (in /usr/lib/x86_64-linux-gnu/libcrypto.so.3)
   n1: 294912 0x6284365: ??? (in /usr/lib/x86_64-linux-gnu/libcrypto.so.3)
    n1: 294912 0x6227DB9: ??? (in /usr/lib/x86_64-linux-gnu/libcrypto.so.3)
     n1: 294912 0x6247CFB: ??? (in /usr/lib/x86_64-linux-gnu/libcrypto.so.3)
      n1: 294912 0x6247BBB: ??? (in /usr/lib/x86_64-linux-gnu/libcrypto.so.3)
       n1: 294912 0x62672DA: ??? (in /usr/lib/x86_64-linux-gnu/libcrypto.so.3)
        n1: 294912 0x63309E7: ??? (in /usr/lib/x86_64-linux-gnu/libcrypto.so.3)
         n2: 294912 0x633103D: ??? (in /usr/lib/x86_64-linux-gnu/libcrypto.so.3)
          n1: 262144 0x6228652: EVP_CIPHER_fetch (in /usr/lib/x86_64-linux-gnu/libcrypto.so.3)
           n1: 262144 0x631B6C4: ??? (in /usr/lib/x86_64-linux-gnu/libcrypto.so.3)
            n1: 262144 0x631BB22: ??? (in /usr/lib/x86_64-linux-gnu/libcrypto.so.3)
             n1: 262144 0x6233AD7: EVP_RAND_instantiate (in /usr/lib/x86_64-linux-gnu/libcrypto.so.3)
              n1: 262144 0x6285A91: ??? (in /usr/lib/x86_64-linux-gnu/libcrypto.so.3)
               n1: 262144 0x6285C2B: RAND_get0_primary (in /usr/lib/x86_64-linux-gnu/libcrypto.so.3)
                n1: 262144 0x6285EF6: RAND_status (in /usr/lib/x86_64-linux-gnu/libcrypto.so.3)
                 n1: 262144 0x5C962CF: OQS_randombytes_openssl (in /home/anss/random/bench/install/lib/liboqs.so.0.15.0)
                  n1: 262144 0x4AAB6AB: PQCLEAN_HQC128_CLEAN_hqc_pke_keygen (in /home/anss/random/bench/install/lib/liboqs.so.0.15.0)
                   n1: 262144 0x4AABCAC: PQCLEAN_HQC128_CLEAN_crypto_kem_keypair (in /home/anss/random/bench/install/lib/liboqs.so.0.15.0)
                    n1: 262144 0x4AA8EFA: OQS_KEM_hqc_128_keypair (in /home/anss/random/bench/install/lib/liboqs.so.0.15.0)
                     n0: 262144 0x1092FB: main (in /home/anss/random/bench/mem_kem)
          n1: 32768 0x62336C2: EVP_RAND_fetch (in /usr/lib/x86_64-linux-gnu/libcrypto.so.3)
           n1: 32768 0x6285CDB: RAND_get0_primary (in /usr/lib/x86_64-linux-gnu/libcrypto.so.3)
            n1: 32768 0x6285EF6: RAND_status (in /usr/lib/x86_64-linux-gnu/libcrypto.so.3)
             n1: 32768 0x5C962CF: OQS_randombytes_openssl (in /home/anss/random/bench/install/lib/liboqs.so.0.15.0)
              n1: 32768 0x4AAB6AB: PQCLEAN_HQC128_CLEAN_hqc_pke_keygen (in /home/anss/random/bench/install/lib/liboqs.so.0.15.0)
               n1: 32768 0x4AABCAC: PQCLEAN_HQC128_CLEAN_crypto_kem_keypair (in /home/anss/random/bench/install/lib/liboqs.so.0.15.0)
                n1: 32768 0x4AA8EFA: OQS_KEM_hqc_128_keypair (in /home/anss/random/bench/install/lib/liboqs.so.0.15.0)
                 n0: 32768 0x1092FB: main (in /home/anss/random/bench/mem_kem)
  n1: 65536 0x625DF52: ??? (in /usr/lib/x86_64-linux-gnu/libcrypto.so.3)
   n1: 65536 0x6284365: ??? (in /usr/lib/x86_64-linux-gnu/libcrypto.so.3)
    n1: 65536 0x6227DB9: ??? (in /usr/lib/x86_64-linux-gnu/libcrypto.so.3)
     n1: 65536 0x6247CFB: ??? (in /usr/lib/x86_64-linux-gnu/libcrypto.so.3)
      n1: 65536 0x6247BBB: ??? (in /usr/lib/x86_64-linux-gnu/libcrypto.so.3)
       n1: 65536 0x62672DA: ??? (in /usr/lib/x86_64-linux-gnu/libcrypto.so.3)
        n1: 65536 0x63309E7: ??? (in /usr/lib/x86_64-linux-gnu/libcrypto.so.3)
         n1: 65536 0x633103D: ??? (in /usr/lib/x86_64-linux-gnu/libcrypto.so.3)
          n1: 65536 0x62336C2: EVP_RAND_fetch (in /usr/lib/x86_64-linux-gnu/libcrypto.so.3)
           n1: 65536 0x6285CDB: RAND_get0_primary (in /usr/lib/x86_64-linux-gnu/libcrypto.so.3)
            n1: 65536 0x6285EF6: RAND_status (in /usr/lib/x86_64-linux-gnu/libcrypto.so.3)
             n1: 65536 0x5C962CF: OQS_randombytes_openssl (in /home/anss/random/bench/install/lib/liboqs.so.0.15.0)
              n1: 65536 0x4AAB6AB: PQCLEAN_HQC128_CLEAN_hqc_pke_keygen (in /home/anss/random/bench/install/lib/liboqs.so.0.15.0)
               n1: 65536 0x4AABCAC: PQCLEAN_HQC128_CLEAN_crypto_kem_keypair (in /home/anss/random/bench/install/lib/liboqs.so.0.15.0)
                n1: 65536 0x4AA8EFA: OQS_KEM_hqc_128_keypair (in /home/anss/random/bench/install/lib/liboqs.so.0.15.0)
                 n0: 65536 0x1092FB: main (in /home/anss/random/bench/mem_kem)
  n1: 28672 0x622FE73: ??? (in /usr/lib/x86_64-linux-gnu/libcrypto.so.3)
   n1: 28672 0x623119D: ??? (in /usr/lib/x86_64-linux-gnu/libcrypto.so.3)
    n1: 28672 0x6227E59: ??? (in /usr/lib/x86_64-linux-gnu/libcrypto.so.3)
     n1: 28672 0x6247C98: ??? (in /usr/lib/x86_64-linux-gnu/libcrypto.so.3)
      n1: 28672 0x6247BBB: ??? (in /usr/lib/x86_64-linux-gnu/libcrypto.so.3)
       n1: 28672 0x62672DA: ??? (in /usr/lib/x86_64-linux-gnu/libcrypto.so.3)
        n1: 28672 0x63309E7: ??? (in /usr/lib/x86_64-linux-gnu/libcrypto.so.3)
         n1: 28672 0x633103D: ??? (in /usr/lib/x86_64-linux-gnu/libcrypto.so.3)
          n1: 28672 0x6228652: EVP_CIPHER_fetch (in /usr/lib/x86_64-linux-gnu/libcrypto.so.3)
           n1: 28672 0x631B6C4: ??? (in /usr/lib/x86_64-linux-gnu/libcrypto.so.3)
            n1: 28672 0x631BB22: ??? (in /usr/lib/x86_64-linux-gnu/libcrypto.so.3)
             n1: 28672 0x6233AD7: EVP_RAND_instantiate (in /usr/lib/x86_64-linux-gnu/libcrypto.so.3)
              n1: 28672 0x6285A91: ??? (in /usr/lib/x86_64-linux-gnu/libcrypto.so.3)
               n1: 28672 0x6285C2B: RAND_get0_primary (in /usr/lib/x86_64-linux-gnu/libcrypto.so.3)
                n1: 28672 0x6285EF6: RAND_status (in /usr/lib/x86_64-linux-gnu/libcrypto.so.3)
                 n1: 28672 0x5C962CF: OQS_randombytes_openssl (in /home/anss/random/bench/install/lib/liboqs.so.0.15.0)
                  n1: 28672 0x4AAB6AB: PQCLEAN_HQC128_CLEAN_hqc_pke_keygen (in /home/anss/random/bench/install/lib/liboqs.so.0.15.0)
                   n1: 28672 0x4AABCAC: PQCLEAN_HQC128_CLEAN_crypto_kem_keypair (in /home/anss/random/bench/install/lib/liboqs.so.0.15.0)
                    n1: 28672 0x4AA8EFA: OQS_KEM_hqc_128_keypair (in /home/anss/random/bench/install/lib/liboqs.so.0.15.0)
                     n0: 28672 0x1092FB: main (in /home/anss/random/bench/mem_kem)
  n2: 21472 0x62482DC: OPENSSL_LH_new (in /usr/lib/x86_64-linux-gnu/libcrypto.so.3)
   n1: 20416 0x628433F: ??? (in /usr/lib/x86_64-linux-gnu/libcrypto.so.3)
    n1: 20416 0x6227DB9: ??? (in /usr/lib/x86_64-linux-gnu/libcrypto.so.3)
     n1: 20416 0x6247CFB: ??? (in /usr/lib/x86_64-linux-gnu/libcrypto.so.3)
      n1: 20416 0x6247BBB: ??? (in /usr/lib/x86_64-linux-gnu/libcrypto.so.3)
       n1: 20416 0x62672DA: ??? (in /usr/lib/x86_64-linux-gnu/libcrypto.so.3)
        n1: 20416 0x63309E7: ??? (in /usr/lib/x86_64-linux-gnu/libcrypto.so.3)
         n2: 20416 0x633103D: ??? (in /usr/lib/x86_64-linux-gnu/libcrypto.so.3)
          n1: 19536 0x6228652: EVP_CIPHER_fetch (in /usr/lib/x86_64-linux-gnu/libcrypto.so.3)
           n1: 19536 0x631B6C4: ??? (in /usr/lib/x86_64-linux-gnu/libcrypto.so.3)
            n1: 19536 0x631BB22: ??? (in /usr/lib/x86_64-linux-gnu/libcrypto.so.3)
             n1: 19536 0x6233AD7: EVP_RAND_instantiate (in /usr/lib/x86_64-linux-gnu/libcrypto.so.3)
              n1: 19536 0x6285A91: ??? (in /usr/lib/x86_64-linux-gnu/libcrypto.so.3)
               n1: 19536 0x6285C2B: RAND_get0_primary (in /usr/lib/x86_64-linux-gnu/libcrypto.so.3)
                n1: 19536 0x6285EF6: RAND_status (in /usr/lib/x86_64-linux-gnu/libcrypto.so.3)
                 n1: 19536 0x5C962CF: OQS_randombytes_openssl (in /home/anss/random/bench/install/lib/liboqs.so.0.15.0)
                  n1: 19536 0x4AAB6AB: PQCLEAN_HQC128_CLEAN_hqc_pke_keygen (in /home/anss/random/bench/install/lib/liboqs.so.0.15.0)
                   n1: 19536 0x4AABCAC: PQCLEAN_HQC128_CLEAN_crypto_kem_keypair (in /home/anss/random/bench/install/lib/liboqs.so.0.15.0)
                    n1: 19536 0x4AA8EFA: OQS_KEM_hqc_128_keypair (in /home/anss/random/bench/install/lib/liboqs.so.0.15.0)
                     n0: 19536 0x1092FB: main (in /home/anss/random/bench/mem_kem)
          n0: 880 in 1 place, below massif's threshold (1.00%)
   n0: 1056 in 7 places, all below massif's threshold (1.00%)
  n0: 19920 in 28 places, all below massif's threshold (1.00%)
  n2: 15232 0x62482F6: OPENSSL_LH_new (in /usr/lib/x86_64-linux-gnu/libcrypto.so.3)
   n1: 14848 0x628433F: ??? (in /usr/lib/x86_64-linux-gnu/libcrypto.so.3)
    n1: 14848 0x6227DB9: ??? (in /usr/lib/x86_64-linux-gnu/libcrypto.so.3)
     n1: 14848 0x6247CFB: ??? (in /usr/lib/x86_64-linux-gnu/libcrypto.so.3)
      n1: 14848 0x6247BBB: ??? (in /usr/lib/x86_64-linux-gnu/libcrypto.so.3)
       n1: 14848 0x62672DA: ??? (in /usr/lib/x86_64-linux-gnu/libcrypto.so.3)
        n1: 14848 0x63309E7: ??? (in /usr/lib/x86_64-linux-gnu/libcrypto.so.3)
         n2: 14848 0x633103D: ??? (in /usr/lib/x86_64-linux-gnu/libcrypto.so.3)
          n1: 14208 0x6228652: EVP_CIPHER_fetch (in /usr/lib/x86_64-linux-gnu/libcrypto.so.3)
           n1: 14208 0x631B6C4: ??? (in /usr/lib/x86_64-linux-gnu/libcrypto.so.3)
            n1: 14208 0x631BB22: ??? (in /usr/lib/x86_64-linux-gnu/libcrypto.so.3)
             n1: 14208 0x6233AD7: EVP_RAND_instantiate (in /usr/lib/x86_64-linux-gnu/libcrypto.so.3)
              n1: 14208 0x6285A91: ??? (in /usr/lib/x86_64-linux-gnu/libcrypto.so.3)
               n1: 14208 0x6285C2B: RAND_get0_primary (in /usr/lib/x86_64-linux-gnu/libcrypto.so.3)
                n1: 14208 0x6285EF6: RAND_status (in /usr/lib/x86_64-linux-gnu/libcrypto.so.3)
                 n1: 14208 0x5C962CF: OQS_randombytes_openssl (in /home/anss/random/bench/install/lib/liboqs.so.0.15.0)
                  n1: 14208 0x4AAB6AB: PQCLEAN_HQC128_CLEAN_hqc_pke_keygen (in /home/anss/random/bench/install/lib/liboqs.so.0.15.0)
                   n1: 14208 0x4AABCAC: PQCLEAN_HQC128_CLEAN_crypto_kem_keypair (in /home/anss/random/bench/install/lib/liboqs.so.0.15.0)
                    n1: 14208 0x4AA8EFA: OQS_KEM_hqc_128_keypair (in /home/anss/random/bench/install/lib/liboqs.so.0.15.0)
                     n0: 14208 0x1092FB: main (in /home/anss/random/bench/mem_kem)
          n0: 640 in 1 place, below massif's threshold (1.00%)
   n0: 384 in 7 places, all below massif's threshold (1.00%)
  n2: 8736 0x625E073: CRYPTO_THREAD_lock_new (in /usr/lib/x86_64-linux-gnu/libcrypto.so.3)
   n1: 6272 0x622FE80: ??? (in /usr/lib/x86_64-linux-gnu/libcrypto.so.3)
    n1: 6272 0x623119D: ??? (in /usr/lib/x86_64-linux-gnu/libcrypto.so.3)
     n1: 6272 0x6227E59: ??? (in /usr/lib/x86_64-linux-gnu/libcrypto.so.3)
      n1: 6272 0x6247C98: ??? (in /usr/lib/x86_64-linux-gnu/libcrypto.so.3)
       n1: 6272 0x6247BBB: ??? (in /usr/lib/x86_64-linux-gnu/libcrypto.so.3)
        n1: 6272 0x62672DA: ??? (in /usr/lib/x86_64-linux-gnu/libcrypto.so.3)
         n1: 6272 0x63309E7: ??? (in /usr/lib/x86_64-linux-gnu/libcrypto.so.3)
          n1: 6272 0x633103D: ??? (in /usr/lib/x86_64-linux-gnu/libcrypto.so.3)
           n1: 6272 0x6228652: EVP_CIPHER_fetch (in /usr/lib/x86_64-linux-gnu/libcrypto.so.3)
            n1: 6272 0x631B6C4: ??? (in /usr/lib/x86_64-linux-gnu/libcrypto.so.3)
             n1: 6272 0x631BB22: ??? (in /usr/lib/x86_64-linux-gnu/libcrypto.so.3)
              n1: 6272 0x6233AD7: EVP_RAND_instantiate (in /usr/lib/x86_64-linux-gnu/libcrypto.so.3)
               n1: 6272 0x6285A91: ??? (in /usr/lib/x86_64-linux-gnu/libcrypto.so.3)
                n1: 6272 0x6285C2B: RAND_get0_primary (in /usr/lib/x86_64-linux-gnu/libcrypto.so.3)
                 n1: 6272 0x6285EF6: RAND_status (in /usr/lib/x86_64-linux-gnu/libcrypto.so.3)
                  n1: 6272 0x5C962CF: OQS_randombytes_openssl (in /home/anss/random/bench/install/lib/liboqs.so.0.15.0)
                   n1: 6272 0x4AAB6AB: PQCLEAN_HQC128_CLEAN_hqc_pke_keygen (in /home/anss/random/bench/install/lib/liboqs.so.0.15.0)
                    n1: 6272 0x4AABCAC: PQCLEAN_HQC128_CLEAN_crypto_kem_keypair (in /home/anss/random/bench/install/lib/liboqs.so.0.15.0)
                     n1: 6272 0x4AA8EFA: OQS_KEM_hqc_128_keypair (in /home/anss/random/bench/install/lib/liboqs.so.0.15.0)
                      n0: 6272 0x1092FB: main (in /home/anss/random/bench/mem_kem)
   n0: 2464 in 22 places, all below massif's threshold (1.00%)
 n3: 47712 0x6248625: OPENSSL_LH_insert (in /usr/lib/x86_64-linux-gnu/libcrypto.so.3)
  n2: 33912 0x6339B72: ??? (in /usr/lib/x86_64-linux-gnu/libcrypto.so.3)
   n1: 31944 0x6206BEF: ERR_load_strings_const (in /usr/lib/x86_64-linux-gnu/libcrypto.so.3)
    n0: 31944 in 33 places, all below massif's threshold (1.00%)
   n0: 1968 in 2 places, all below massif's threshold (1.00%)
  n1: 8088 0x62559E2: ??? (in /usr/lib/x86_64-linux-gnu/libcrypto.so.3)
   n0: 8088 in 3 places, all below massif's threshold (1.00%)
  n0: 5712 in 6 places, all below massif's threshold (1.00%)
 n0: 23307 in 33 places, all below massif's threshold (1.00%)
 n2: 11264 0x62485D3: OPENSSL_LH_insert (in /usr/lib/x86_64-linux-gnu/libcrypto.so.3)
  n2: 8192 0x6339B72: ??? (in /usr/lib/x86_64-linux-gnu/libcrypto.so.3)
   n2: 8192 0x6206BEF: ERR_load_strings_const (in /usr/lib/x86_64-linux-gnu/libcrypto.so.3)
    n1: 8192 0x62598DE: ??? (in /usr/lib/x86_64-linux-gnu/libcrypto.so.3)
     n1: 8192 0x5F0BEE7: __pthread_once_slow (pthread_once.c:116)
      n1: 8192 0x625E1EC: CRYPTO_THREAD_run_once (in /usr/lib/x86_64-linux-gnu/libcrypto.so.3)
       n1: 8192 0x625AEE2: OPENSSL_init_crypto (in /usr/lib/x86_64-linux-gnu/libcrypto.so.3)
        n1: 8192 0x6208686: ??? (in /usr/lib/x86_64-linux-gnu/libcrypto.so.3)
         n1: 8192 0x620904C: ERR_set_mark (in /usr/lib/x86_64-linux-gnu/libcrypto.so.3)
          n1: 8192 0x61B5451: CONF_modules_load_file_ex (in /usr/lib/x86_64-linux-gnu/libcrypto.so.3)
           n1: 8192 0x625A6EF: ??? (in /usr/lib/x86_64-linux-gnu/libcrypto.so.3)
            n1: 8192 0x5F0BEE7: __pthread_once_slow (pthread_once.c:116)
             n1: 8192 0x625E1EC: CRYPTO_THREAD_run_once (in /usr/lib/x86_64-linux-gnu/libcrypto.so.3)
              n1: 8192 0x625B155: OPENSSL_init_crypto (in /usr/lib/x86_64-linux-gnu/libcrypto.so.3)
               n1: 8192 0x63307AC: ??? (in /usr/lib/x86_64-linux-gnu/libcrypto.so.3)
                n1: 8192 0x62853A4: RAND_get_rand_method (in /usr/lib/x86_64-linux-gnu/libcrypto.so.3)
                 n1: 8192 0x6285EC9: RAND_status (in /usr/lib/x86_64-linux-gnu/libcrypto.so.3)
                  n1: 8192 0x5C962CF: OQS_randombytes_openssl (in /home/anss/random/bench/install/lib/liboqs.so.0.15.0)
                   n1: 8192 0x4AAB6AB: PQCLEAN_HQC128_CLEAN_hqc_pke_keygen (in /home/anss/random/bench/install/lib/liboqs.so.0.15.0)
                    n1: 8192 0x4AABCAC: PQCLEAN_HQC128_CLEAN_crypto_kem_keypair (in /home/anss/random/bench/install/lib/liboqs.so.0.15.0)
                     n1: 8192 0x4AA8EFA: OQS_KEM_hqc_128_keypair (in /home/anss/random/bench/install/lib/liboqs.so.0.15.0)
                      n0: 8192 0x1092FB: main (in /home/anss/random/bench/mem_kem)
    n0: 0 in 3 places, all below massif's threshold (1.00%)
   n0: 0 in 2 places, all below massif's threshold (1.00%)
  n0: 3072 in 3 places, all below massif's threshold (1.00%)
 n1: 6885 0x6253C72: CRYPTO_strndup (in /usr/lib/x86_64-linux-gnu/libcrypto.so.3)
  n0: 6885 in 4 places, all below massif's threshold (1.00%)
#-----------
snapshot=54
#-----------
time=8404552
mem_heap_B=544182
mem_heap_extra_B=57906
mem_stacks_B=0
heap_tree=empty
#-----------
snapshot=55
#-----------
time=8462571
mem_heap_B=549286
mem_heap_extra_B=58306
mem_stacks_B=0
heap_tree=detailed
n5: 549286 (heap allocation functions) malloc/new/new[], --alloc-fns, etc.
 n7: 459504 0x6252C3D: CRYPTO_zalloc (in /usr/lib/x86_64-linux-gnu/libcrypto.so.3)
  n1: 294912 0x625DFC4: ??? (in /usr/lib/x86_64-linux-gnu/libcrypto.so.3)
   n1: 294912 0x6284365: ??? (in /usr/lib/x86_64-linux-gnu/libcrypto.so.3)
    n1: 294912 0x6227DB9: ??? (in /usr/lib/x86_64-linux-gnu/libcrypto.so.3)
     n1: 294912 0x6247CFB: ??? (in /usr/lib/x86_64-linux-gnu/libcrypto.so.3)
      n1: 294912 0x6247BBB: ??? (in /usr/lib/x86_64-linux-gnu/libcrypto.so.3)
       n1: 294912 0x62672DA: ??? (in /usr/lib/x86_64-linux-gnu/libcrypto.so.3)
        n1: 294912 0x63309E7: ??? (in /usr/lib/x86_64-linux-gnu/libcrypto.so.3)
         n2: 294912 0x633103D: ??? (in /usr/lib/x86_64-linux-gnu/libcrypto.so.3)
          n1: 262144 0x6228652: EVP_CIPHER_fetch (in /usr/lib/x86_64-linux-gnu/libcrypto.so.3)
           n1: 262144 0x631B6C4: ??? (in /usr/lib/x86_64-linux-gnu/libcrypto.so.3)
            n1: 262144 0x631BB22: ??? (in /usr/lib/x86_64-linux-gnu/libcrypto.so.3)
             n1: 262144 0x6233AD7: EVP_RAND_instantiate (in /usr/lib/x86_64-linux-gnu/libcrypto.so.3)
              n1: 262144 0x6285A91: ??? (in /usr/lib/x86_64-linux-gnu/libcrypto.so.3)
               n1: 262144 0x6285C2B: RAND_get0_primary (in /usr/lib/x86_64-linux-gnu/libcrypto.so.3)
                n1: 262144 0x6285EF6: RAND_status (in /usr/lib/x86_64-linux-gnu/libcrypto.so.3)
                 n1: 262144 0x5C962CF: OQS_randombytes_openssl (in /home/anss/random/bench/install/lib/liboqs.so.0.15.0)
                  n1: 262144 0x4AAB6AB: PQCLEAN_HQC128_CLEAN_hqc_pke_keygen (in /home/anss/random/bench/install/lib/liboqs.so.0.15.0)
                   n1: 262144 0x4AABCAC: PQCLEAN_HQC128_CLEAN_crypto_kem_keypair (in /home/anss/random/bench/install/lib/liboqs.so.0.15.0)
                    n1: 262144 0x4AA8EFA: OQS_KEM_hqc_128_keypair (in /home/anss/random/bench/install/lib/liboqs.so.0.15.0)
                     n0: 262144 0x1092FB: main (in /home/anss/random/bench/mem_kem)
          n1: 32768 0x62336C2: EVP_RAND_fetch (in /usr/lib/x86_64-linux-gnu/libcrypto.so.3)
           n1: 32768 0x6285CDB: RAND_get0_primary (in /usr/lib/x86_64-linux-gnu/libcrypto.so.3)
            n1: 32768 0x6285EF6: RAND_status (in /usr/lib/x86_64-linux-gnu/libcrypto.so.3)
             n1: 32768 0x5C962CF: OQS_randombytes_openssl (in /home/anss/random/bench/install/lib/liboqs.so.0.15.0)
              n1: 32768 0x4AAB6AB: PQCLEAN_HQC128_CLEAN_hqc_pke_keygen (in /home/anss/random/bench/install/lib/liboqs.so.0.15.0)
               n1: 32768 0x4AABCAC: PQCLEAN_HQC128_CLEAN_crypto_kem_keypair (in /home/anss/random/bench/install/lib/liboqs.so.0.15.0)
                n1: 32768 0x4AA8EFA: OQS_KEM_hqc_128_keypair (in /home/anss/random/bench/install/lib/liboqs.so.0.15.0)
                 n0: 32768 0x1092FB: main (in /home/anss/random/bench/mem_kem)
  n1: 65536 0x625DF52: ??? (in /usr/lib/x86_64-linux-gnu/libcrypto.so.3)
   n1: 65536 0x6284365: ??? (in /usr/lib/x86_64-linux-gnu/libcrypto.so.3)
    n1: 65536 0x6227DB9: ??? (in /usr/lib/x86_64-linux-gnu/libcrypto.so.3)
     n1: 65536 0x6247CFB: ??? (in /usr/lib/x86_64-linux-gnu/libcrypto.so.3)
      n1: 65536 0x6247BBB: ??? (in /usr/lib/x86_64-linux-gnu/libcrypto.so.3)
       n1: 65536 0x62672DA: ??? (in /usr/lib/x86_64-linux-gnu/libcrypto.so.3)
        n1: 65536 0x63309E7: ??? (in /usr/lib/x86_64-linux-gnu/libcrypto.so.3)
         n1: 65536 0x633103D: ??? (in /usr/lib/x86_64-linux-gnu/libcrypto.so.3)
          n1: 65536 0x62336C2: EVP_RAND_fetch (in /usr/lib/x86_64-linux-gnu/libcrypto.so.3)
           n1: 65536 0x6285CDB: RAND_get0_primary (in /usr/lib/x86_64-linux-gnu/libcrypto.so.3)
            n1: 65536 0x6285EF6: RAND_status (in /usr/lib/x86_64-linux-gnu/libcrypto.so.3)
             n1: 65536 0x5C962CF: OQS_randombytes_openssl (in /home/anss/random/bench/install/lib/liboqs.so.0.15.0)
              n1: 65536 0x4AAB6AB: PQCLEAN_HQC128_CLEAN_hqc_pke_keygen (in /home/anss/random/bench/install/lib/liboqs.so.0.15.0)
               n1: 65536 0x4AABCAC: PQCLEAN_HQC128_CLEAN_crypto_kem_keypair (in /home/anss/random/bench/install/lib/liboqs.so.0.15.0)
                n1: 65536 0x4AA8EFA: OQS_KEM_hqc_128_keypair (in /home/anss/random/bench/install/lib/liboqs.so.0.15.0)
                 n0: 65536 0x1092FB: main (in /home/anss/random/bench/mem_kem)
  n1: 30464 0x622FE73: ??? (in /usr/lib/x86_64-linux-gnu/libcrypto.so.3)
   n1: 30464 0x623119D: ??? (in /usr/lib/x86_64-linux-gnu/libcrypto.so.3)
    n1: 30464 0x6227E59: ??? (in /usr/lib/x86_64-linux-gnu/libcrypto.so.3)
     n1: 30464 0x6247C98: ??? (in /usr/lib/x86_64-linux-gnu/libcrypto.so.3)
      n1: 30464 0x6247BBB: ??? (in /usr/lib/x86_64-linux-gnu/libcrypto.so.3)
       n1: 30464 0x62672DA: ??? (in /usr/lib/x86_64-linux-gnu/libcrypto.so.3)
        n1: 30464 0x63309E7: ??? (in /usr/lib/x86_64-linux-gnu/libcrypto.so.3)
         n1: 30464 0x633103D: ??? (in /usr/lib/x86_64-linux-gnu/libcrypto.so.3)
          n1: 30464 0x6228652: EVP_CIPHER_fetch (in /usr/lib/x86_64-linux-gnu/libcrypto.so.3)
           n1: 30464 0x631B6C4: ??? (in /usr/lib/x86_64-linux-gnu/libcrypto.so.3)
            n1: 30464 0x631BB22: ??? (in /usr/lib/x86_64-linux-gnu/libcrypto.so.3)
             n1: 30464 0x6233AD7: EVP_RAND_instantiate (in /usr/lib/x86_64-linux-gnu/libcrypto.so.3)
              n1: 30464 0x6285A91: ??? (in /usr/lib/x86_64-linux-gnu/libcrypto.so.3)
               n1: 30464 0x6285C2B: RAND_get0_primary (in /usr/lib/x86_64-linux-gnu/libcrypto.so.3)
                n1: 30464 0x6285EF6: RAND_status (in /usr/lib/x86_64-linux-gnu/libcrypto.so.3)
                 n1: 30464 0x5C962CF: OQS_randombytes_openssl (in /home/anss/random/bench/install/lib/liboqs.so.0.15.0)
                  n1: 30464 0x4AAB6AB: PQCLEAN_HQC128_CLEAN_hqc_pke_keygen (in /home/anss/random/bench/install/lib/liboqs.so.0.15.0)
                   n1: 30464 0x4AABCAC: PQCLEAN_HQC128_CLEAN_crypto_kem_keypair (in /home/anss/random/bench/install/lib/liboqs.so.0.15.0)
                    n1: 30464 0x4AA8EFA: OQS_KEM_hqc_128_keypair (in /home/anss/random/bench/install/lib/liboqs.so.0.15.0)
                     n0: 30464 0x1092FB: main (in /home/anss/random/bench/mem_kem)
  n2: 22704 0x62482DC: OPENSSL_LH_new (in /usr/lib/x86_64-linux-gnu/libcrypto.so.3)
   n1: 21648 0x628433F: ??? (in /usr/lib/x86_64-linux-gnu/libcrypto.so.3)
    n1: 21648 0x6227DB9: ??? (in /usr/lib/x86_64-linux-gnu/libcrypto.so.3)
     n1: 21648 0x6247CFB: ??? (in /usr/lib/x86_64-linux-gnu/libcrypto.so.3)
      n1: 21648 0x6247BBB: ??? (in /usr/lib/x86_64-linux-gnu/libcrypto.so.3)
       n1: 21648 0x62672DA: ??? (in /usr/lib/x86_64-linux-gnu/libcrypto.so.3)
        n1: 21648 0x63309E7: ??? (in /usr/lib/x86_64-linux-gnu/libcrypto.so.3)
         n2: 21648 0x633103D: ??? (in /usr/lib/x86_64-linux-gnu/libcrypto.so.3)
          n1: 20768 0x6228652: EVP_CIPHER_fetch (in /usr/lib/x86_64-linux-gnu/libcrypto.so.3)
           n1: 20768 0x631B6C4: ??? (in /usr/lib/x86_64-linux-gnu/libcrypto.so.3)
            n1: 20768 0x631BB22: ??? (in /usr/lib/x86_64-linux-gnu/libcrypto.so.3)
             n1: 20768 0x6233AD7: EVP_RAND_instantiate (in /usr/lib/x86_64-linux-gnu/libcrypto.so.3)
              n1: 20768 0x6285A91: ??? (in /usr/lib/x86_64-linux-gnu/libcrypto.so.3)
               n1: 20768 0x6285C2B: RAND_get0_primary (in /usr/lib/x86_64-linux-gnu/libcrypto.so.3)
                n1: 20768 0x6285EF6: RAND_status (in /usr/lib/x86_64-linux-gnu/libcrypto.so.3)
                 n1: 20768 0x5C962CF: OQS_randombytes_openssl (in /home/anss/random/bench/install/lib/liboqs.so.0.15.0)
                  n1: 20768 0x4AAB6AB: PQCLEAN_HQC128_CLEAN_hqc_pke_keygen (in /home/anss/random/bench/install/lib/liboqs.so.0.15.0)
                   n1: 20768 0x4AABCAC: PQCLEAN_HQC128_CLEAN_crypto_kem_keypair (in /home/anss/random/bench/install/lib/liboqs.so.0.15.0)
                    n1: 20768 0x4AA8EFA: OQS_KEM_hqc_128_keypair (in /home/anss/random/bench/install/lib/liboqs.so.0.15.0)
                     n0: 20768 0x1092FB: main (in /home/anss/random/bench/mem_kem)
          n0: 880 in 1 place, below massif's threshold (1.00%)
   n0: 1056 in 7 places, all below massif's threshold (1.00%)
  n0: 20632 in 28 places, all below massif's threshold (1.00%)
  n2: 16128 0x62482F6: OPENSSL_LH_new (in /usr/lib/x86_64-linux-gnu/libcrypto.so.3)
   n1: 15744 0x628433F: ??? (in /usr/lib/x86_64-linux-gnu/libcrypto.so.3)
    n1: 15744 0x6227DB9: ??? (in /usr/lib/x86_64-linux-gnu/libcrypto.so.3)
     n1: 15744 0x6247CFB: ??? (in /usr/lib/x86_64-linux-gnu/libcrypto.so.3)
      n1: 15744 0x6247BBB: ??? (in /usr/lib/x86_64-linux-gnu/libcrypto.so.3)
       n1: 15744 0x62672DA: ??? (in /usr/lib/x86_64-linux-gnu/libcrypto.so.3)
        n1: 15744 0x63309E7: ??? (in /usr/lib/x86_64-linux-gnu/libcrypto.so.3)
         n2: 15744 0x633103D: ??? (in /usr/lib/x86_64-linux-gnu/libcrypto.so.3)
          n1: 15104 0x6228652: EVP_CIPHER_fetch (in /usr/lib/x86_64-linux-gnu/libcrypto.so.3)
           n1: 15104 0x631B6C4: ??? (in /usr/lib/x86_64-linux-gnu/libcrypto.so.3)
            n1: 15104 0x631BB22: ??? (in /usr/lib/x86_64-linux-gnu/libcrypto.so.3)
             n1: 15104 0x6233AD7: EVP_RAND_instantiate (in /usr/lib/x86_64-linux-gnu/libcrypto.so.3)
              n1: 15104 0x6285A91: ??? (in /usr/lib/x86_64-linux-gnu/libcrypto.so.3)
               n1: 15104 0x6285C2B: RAND_get0_primary (in /usr/lib/x86_64-linux-gnu/libcrypto.so.3)
                n1: 15104 0x6285EF6: RAND_status (in /usr/lib/x86_64-linux-gnu/libcrypto.so.3)
                 n1: 15104 0x5C962CF: OQS_randombytes_openssl (in /home/anss/random/bench/install/lib/liboqs.so.0.15.0)
                  n1: 15104 0x4AAB6AB: PQCLEAN_HQC128_CLEAN_hqc_pke_keygen (in /home/anss/random/bench/install/lib/liboqs.so.0.15.0)
                   n1: 15104 0x4AABCAC: PQCLEAN_HQC128_CLEAN_crypto_kem_keypair (in /home/anss/random/bench/install/lib/liboqs.so.0.15.0)
                    n1: 15104 0x4AA8EFA: OQS_KEM_hqc_128_keypair (in /home/anss/random/bench/install/lib/liboqs.so.0.15.0)
                     n0: 15104 0x1092FB: main (in /home/anss/random/bench/mem_kem)
          n0: 640 in 1 place, below massif's threshold (1.00%)
   n0: 384 in 7 places, all below massif's threshold (1.00%)
  n2: 9128 0x625E073: CRYPTO_THREAD_lock_new (in /usr/lib/x86_64-linux-gnu/libcrypto.so.3)
   n1: 6664 0x622FE80: ??? (in /usr/lib/x86_64-linux-gnu/libcrypto.so.3)
    n1: 6664 0x623119D: ??? (in /usr/lib/x86_64-linux-gnu/libcrypto.so.3)
     n1: 6664 0x6227E59: ??? (in /usr/lib/x86_64-linux-gnu/libcrypto.so.3)
      n1: 6664 0x6247C98: ??? (in /usr/lib/x86_64-linux-gnu/libcrypto.so.3)
       n1: 6664 0x6247BBB: ??? (in /usr/lib/x86_64-linux-gnu/libcrypto.so.3)
        n1: 6664 0x62672DA: ??? (in /usr/lib/x86_64-linux-gnu/libcrypto.so.3)
         n1: 6664 0x63309E7: ??? (in /usr/lib/x86_64-linux-gnu/libcrypto.so.3)
          n1: 6664 0x633103D: ??? (in /usr/lib/x86_64-linux-gnu/libcrypto.so.3)
           n1: 6664 0x6228652: EVP_CIPHER_fetch (in /usr/lib/x86_64-linux-gnu/libcrypto.so.3)
            n1: 6664 0x631B6C4: ??? (in /usr/lib/x86_64-linux-gnu/libcrypto.so.3)
             n1: 6664 0x631BB22: ??? (in /usr/lib/x86_64-linux-gnu/libcrypto.so.3)
              n1: 6664 0x6233AD7: EVP_RAND_instantiate (in /usr/lib/x86_64-linux-gnu/libcrypto.so.3)
               n1: 6664 0x6285A91: ??? (in /usr/lib/x86_64-linux-gnu/libcrypto.so.3)
                n1: 6664 0x6285C2B: RAND_get0_primary (in /usr/lib/x86_64-linux-gnu/libcrypto.so.3)
                 n1: 6664 0x6285EF6: RAND_status (in /usr/lib/x86_64-linux-gnu/libcrypto.so.3)
                  n1: 6664 0x5C962CF: OQS_randombytes_openssl (in /home/anss/random/bench/install/lib/liboqs.so.0.15.0)
                   n1: 6664 0x4AAB6AB: PQCLEAN_HQC128_CLEAN_hqc_pke_keygen (in /home/anss/random/bench/install/lib/liboqs.so.0.15.0)
                    n1: 6664 0x4AABCAC: PQCLEAN_HQC128_CLEAN_crypto_kem_keypair (in /home/anss/random/bench/install/lib/liboqs.so.0.15.0)
                     n1: 6664 0x4AA8EFA: OQS_KEM_hqc_128_keypair (in /home/anss/random/bench/install/lib/liboqs.so.0.15.0)
                      n0: 6664 0x1092FB: main (in /home/anss/random/bench/mem_kem)
   n0: 2464 in 22 places, all below massif's threshold (1.00%)
 n3: 47856 0x6248625: OPENSSL_LH_insert (in /usr/lib/x86_64-linux-gnu/libcrypto.so.3)
  n2: 33912 0x6339B72: ??? (in /usr/lib/x86_64-linux-gnu/libcrypto.so.3)
   n1: 31944 0x6206BEF: ERR_load_strings_const (in /usr/lib/x86_64-linux-gnu/libcrypto.so.3)
    n0: 31944 in 33 places, all below massif's threshold (1.00%)
   n0: 1968 in 2 places, all below massif's threshold (1.00%)
  n1: 8232 0x62559E2: ??? (in /usr/lib/x86_64-linux-gnu/libcrypto.so.3)
   n0: 8232 in 3 places, all below massif's threshold (1.00%)
  n0: 5712 in 6 places, all below massif's threshold (1.00%)
 n0: 23635 in 33 places, all below massif's threshold (1.00%)
 n2: 11264 0x62485D3: OPENSSL_LH_insert (in /usr/lib/x86_64-linux-gnu/libcrypto.so.3)
  n2: 8192 0x6339B72: ??? (in /usr/lib/x86_64-linux-gnu/libcrypto.so.3)
   n2: 8192 0x6206BEF: ERR_load_strings_const (in /usr/lib/x86_64-linux-gnu/libcrypto.so.3)
    n1: 8192 0x62598DE: ??? (in /usr/lib/x86_64-linux-gnu/libcrypto.so.3)
     n1: 8192 0x5F0BEE7: __pthread_once_slow (pthread_once.c:116)
      n1: 8192 0x625E1EC: CRYPTO_THREAD_run_once (in /usr/lib/x86_64-linux-gnu/libcrypto.so.3)
       n1: 8192 0x625AEE2: OPENSSL_init_crypto (in /usr/lib/x86_64-linux-gnu/libcrypto.so.3)
        n1: 8192 0x6208686: ??? (in /usr/lib/x86_64-linux-gnu/libcrypto.so.3)
         n1: 8192 0x620904C: ERR_set_mark (in /usr/lib/x86_64-linux-gnu/libcrypto.so.3)
          n1: 8192 0x61B5451: CONF_modules_load_file_ex (in /usr/lib/x86_64-linux-gnu/libcrypto.so.3)
           n1: 8192 0x625A6EF: ??? (in /usr/lib/x86_64-linux-gnu/libcrypto.so.3)
            n1: 8192 0x5F0BEE7: __pthread_once_slow (pthread_once.c:116)
             n1: 8192 0x625E1EC: CRYPTO_THREAD_run_once (in /usr/lib/x86_64-linux-gnu/libcrypto.so.3)
              n1: 8192 0x625B155: OPENSSL_init_crypto (in /usr/lib/x86_64-linux-gnu/libcrypto.so.3)
               n1: 8192 0x63307AC: ??? (in /usr/lib/x86_64-linux-gnu/libcrypto.so.3)
                n1: 8192 0x62853A4: RAND_get_rand_method (in /usr/lib/x86_64-linux-gnu/libcrypto.so.3)
                 n1: 8192 0x6285EC9: RAND_status (in /usr/lib/x86_64-linux-gnu/libcrypto.so.3)
                  n1: 8192 0x5C962CF: OQS_randombytes_openssl (in /home/anss/random/bench/install/lib/liboqs.so.0.15.0)
                   n1: 8192 0x4AAB6AB: PQCLEAN_HQC128_CLEAN_hqc_pke_keygen (in /home/anss/random/bench/install/lib/liboqs.so.0.15.0)
                    n1: 8192 0x4AABCAC: PQCLEAN_HQC128_CLEAN_crypto_kem_keypair (in /home/anss/random/bench/install/lib/liboqs.so.0.15.0)
                     n1: 8192 0x4AA8EFA: OQS_KEM_hqc_128_keypair (in /home/anss/random/bench/install/lib/liboqs.so.0.15.0)
                      n0: 8192 0x1092FB: main (in /home/anss/random/bench/mem_kem)
    n0: 0 in 3 places, all below massif's threshold (1.00%)
   n0: 0 in 2 places, all below massif's threshold (1.00%)
  n0: 3072 in 3 places, all below massif's threshold (1.00%)
 n1: 7027 0x6253C72: CRYPTO_strndup (in /usr/lib/x86_64-linux-gnu/libcrypto.so.3)
  n0: 7027 in 4 places, all below massif's threshold (1.00%)
#-----------
snapshot=56
#-----------
time=8542008
mem_heap_B=549701
mem_heap_extra_B=58819
mem_stacks_B=0
heap_tree=empty
#-----------
snapshot=57
#-----------
time=8626484
mem_heap_B=555526
mem_heap_extra_B=59306
mem_stacks_B=0
heap_tree=peak
n5: 555526 (heap allocation functions) malloc/new/new[], --alloc-fns, etc.
 n7: 467896 0x6252C3D: CRYPTO_zalloc (in /usr/lib/x86_64-linux-gnu/libcrypto.so.3)
  n1: 294912 0x625DFC4: ??? (in /usr/lib/x86_64-linux-gnu/libcrypto.so.3)
   n1: 294912 0x6284365: ??? (in /usr/lib/x86_64-linux-gnu/libcrypto.so.3)
    n1: 294912 0x6227DB9: ??? (in /usr/lib/x86_64-linux-gnu/libcrypto.so.3)
     n1: 294912 0x6247CFB: ??? (in /usr/lib/x86_64-linux-gnu/libcrypto.so.3)
      n1: 294912 0x6247BBB: ??? (in /usr/lib/x86_64-linux-gnu/libcrypto.so.3)
       n1: 294912 0x62672DA: ??? (in /usr/lib/x86_64-linux-gnu/libcrypto.so.3)
        n1: 294912 0x63309E7: ??? (in /usr/lib/x86_64-linux-gnu/libcrypto.so.3)
         n2: 294912 0x633103D: ??? (in /usr/lib/x86_64-linux-gnu/libcrypto.so.3)
          n1: 262144 0x6228652: EVP_CIPHER_fetch (in /usr/lib/x86_64-linux-gnu/libcrypto.so.3)
           n1: 262144 0x631B6C4: ??? (in /usr/lib/x86_64-linux-gnu/libcrypto.so.3)
            n1: 262144 0x631BB22: ??? (in /usr/lib/x86_64-linux-gnu/libcrypto.so.3)
             n1: 262144 0x6233AD7: EVP_RAND_instantiate (in /usr/lib/x86_64-linux-gnu/libcrypto.so.3)
              n1: 262144 0x6285A91: ??? (in /usr/lib/x86_64-linux-gnu/libcrypto.so.3)
               n1: 262144 0x6285C2B: RAND_get0_primary (in /usr/lib/x86_64-linux-gnu/libcrypto.so.3)
                n1: 262144 0x6285EF6: RAND_status (in /usr/lib/x86_64-linux-gnu/libcrypto.so.3)
                 n1: 262144 0x5C962CF: OQS_randombytes_openssl (in /home/anss/random/bench/install/lib/liboqs.so.0.15.0)
                  n1: 262144 0x4AAB6AB: PQCLEAN_HQC128_CLEAN_hqc_pke_keygen (in /home/anss/random/bench/install/lib/liboqs.so.0.15.0)
                   n1: 262144 0x4AABCAC: PQCLEAN_HQC128_CLEAN_crypto_kem_keypair (in /home/anss/random/bench/install/lib/liboqs.so.0.15.0)
                    n1: 262144 0x4AA8EFA: OQS_KEM_hqc_128_keypair (in /home/anss/random/bench/install/lib/liboqs.so.0.15.0)
                     n0: 262144 0x1092FB: main (in /home/anss/random/bench/mem_kem)
          n1: 32768 0x62336C2: EVP_RAND_fetch (in /usr/lib/x86_64-linux-gnu/libcrypto.so.3)
           n1: 32768 0x6285CDB: RAND_get0_primary (in /usr/lib/x86_64-linux-gnu/libcrypto.so.3)
            n1: 32768 0x6285EF6: RAND_status (in /usr/lib/x86_64-linux-gnu/libcrypto.so.3)
             n1: 32768 0x5C962CF: OQS_randombytes_openssl (in /home/anss/random/bench/install/lib/liboqs.so.0.15.0)
              n1: 32768 0x4AAB6AB: PQCLEAN_HQC128_CLEAN_hqc_pke_keygen (in /home/anss/random/bench/install/lib/liboqs.so.0.15.0)
               n1: 32768 0x4AABCAC: PQCLEAN_HQC128_CLEAN_crypto_kem_keypair (in /home/anss/random/bench/install/lib/liboqs.so.0.15.0)
                n1: 32768 0x4AA8EFA: OQS_KEM_hqc_128_keypair (in /home/anss/random/bench/install/lib/liboqs.so.0.15.0)
                 n0: 32768 0x1092FB: main (in /home/anss/random/bench/mem_kem)
  n1: 65536 0x625DF52: ??? (in /usr/lib/x86_64-linux-gnu/libcrypto.so.3)
   n1: 65536 0x6284365: ??? (in /usr/lib/x86_64-linux-gnu/libcrypto.so.3)
    n1: 65536 0x6227DB9: ??? (in /usr/lib/x86_64-linux-gnu/libcrypto.so.3)
     n1: 65536 0x6247CFB: ??? (in /usr/lib/x86_64-linux-gnu/libcrypto.so.3)
      n1: 65536 0x6247BBB: ??? (in /usr/lib/x86_64-linux-gnu/libcrypto.so.3)
       n1: 65536 0x62672DA: ??? (in /usr/lib/x86_64-linux-gnu/libcrypto.so.3)
        n1: 65536 0x63309E7: ??? (in /usr/lib/x86_64-linux-gnu/libcrypto.so.3)
         n1: 65536 0x633103D: ??? (in /usr/lib/x86_64-linux-gnu/libcrypto.so.3)
          n1: 65536 0x62336C2: EVP_RAND_fetch (in /usr/lib/x86_64-linux-gnu/libcrypto.so.3)
           n1: 65536 0x6285CDB: RAND_get0_primary (in /usr/lib/x86_64-linux-gnu/libcrypto.so.3)
            n1: 65536 0x6285EF6: RAND_status (in /usr/lib/x86_64-linux-gnu/libcrypto.so.3)
             n1: 65536 0x5C962CF: OQS_randombytes_openssl (in /home/anss/random/bench/install/lib/liboqs.so.0.15.0)
              n1: 65536 0x4AAB6AB: PQCLEAN_HQC128_CLEAN_hqc_pke_keygen (in /home/anss/random/bench/install/lib/liboqs.so.0.15.0)
               n1: 65536 0x4AABCAC: PQCLEAN_HQC128_CLEAN_crypto_kem_keypair (in /home/anss/random/bench/install/lib/liboqs.so.0.15.0)
                n1: 65536 0x4AA8EFA: OQS_KEM_hqc_128_keypair (in /home/anss/random/bench/install/lib/liboqs.so.0.15.0)
                 n0: 65536 0x1092FB: main (in /home/anss/random/bench/mem_kem)
  n1: 31744 0x622FE73: ??? (in /usr/lib/x86_64-linux-gnu/libcrypto.so.3)
   n1: 31744 0x623119D: ??? (in /usr/lib/x86_64-linux-gnu/libcrypto.so.3)
    n1: 31744 0x6227E59: ??? (in /usr/lib/x86_64-linux-gnu/libcrypto.so.3)
     n1: 31744 0x6247C98: ??? (in /usr/lib/x86_64-linux-gnu/libcrypto.so.3)
      n1: 31744 0x6247BBB: ??? (in /usr/lib/x86_64-linux-gnu/libcrypto.so.3)
       n1: 31744 0x62672DA: ??? (in /usr/lib/x86_64-linux-gnu/libcrypto.so.3)
        n1: 31744 0x63309E7: ??? (in /usr/lib/x86_64-linux-gnu/libcrypto.so.3)
         n1: 31744 0x633103D: ??? (in /usr/lib/x86_64-linux-gnu/libcrypto.so.3)
          n1: 31744 0x6228652: EVP_CIPHER_fetch (in /usr/lib/x86_64-linux-gnu/libcrypto.so.3)
           n1: 31744 0x631B6C4: ??? (in /usr/lib/x86_64-linux-gnu/libcrypto.so.3)
            n1: 31744 0x631BB22: ??? (in /usr/lib/x86_64-linux-gnu/libcrypto.so.3)
             n1: 31744 0x6233AD7: EVP_RAND_instantiate (in /usr/lib/x86_64-linux-gnu/libcrypto.so.3)
              n1: 31744 0x6285A91: ??? (in /usr/lib/x86_64-linux-gnu/libcrypto.so.3)
               n1: 31744 0x6285C2B: RAND_get0_primary (in /usr/lib/x86_64-linux-gnu/libcrypto.so.3)
                n1: 31744 0x6285EF6: RAND_status (in /usr/lib/x86_64-linux-gnu/libcrypto.so.3)
                 n1: 31744 0x5C962CF: OQS_randombytes_openssl (in /home/anss/random/bench/install/lib/liboqs.so.0.15.0)
                  n1: 31744 0x4AAB6AB: PQCLEAN_HQC128_CLEAN_hqc_pke_keygen (in /home/anss/random/bench/install/lib/liboqs.so.0.15.0)
                   n1: 31744 0x4AABCAC: PQCLEAN_HQC128_CLEAN_crypto_kem_keypair (in /home/anss/random/bench/install/lib/liboqs.so.0.15.0)
                    n1: 31744 0x4AA8EFA: OQS_KEM_hqc_128_keypair (in /home/anss/random/bench/install/lib/liboqs.so.0.15.0)
                     n0: 31744 0x1092FB: main (in /home/anss/random/bench/mem_kem)
  n0: 25528 in 35 places, all below massif's threshold (1.00%)
  n2: 23760 0x62482DC: OPENSSL_LH_new (in /usr/lib/x86_64-linux-gnu/libcrypto.so.3)
   n1: 22704 0x628433F: ??? (in /usr/lib/x86_64-linux-gnu/libcrypto.so.3)
    n1: 22704 0x6227DB9: ??? (in /usr/lib/x86_64-linux-gnu/libcrypto.so.3)
     n1: 22704 0x6247CFB: ??? (in /usr/lib/x86_64-linux-gnu/libcrypto.so.3)
      n1: 22704 0x6247BBB: ??? (in /usr/lib/x86_64-linux-gnu/libcrypto.so.3)
       n1: 22704 0x62672DA: ??? (in /usr/lib/x86_64-linux-gnu/libcrypto.so.3)
        n1: 22704 0x63309E7: ??? (in /usr/lib/x86_64-linux-gnu/libcrypto.so.3)
         n2: 22704 0x633103D: ??? (in /usr/lib/x86_64-linux-gnu/libcrypto.so.3)
          n1: 21824 0x6228652: EVP_CIPHER_fetch (in /usr/lib/x86_64-linux-gnu/libcrypto.so.3)
           n1: 21824 0x631B6C4: ??? (in /usr/lib/x86_64-linux-gnu/libcrypto.so.3)
            n1: 21824 0x631BB22: ??? (in /usr/lib/x86_64-linux-gnu/libcrypto.so.3)
             n1: 21824 0x6233AD7: EVP_RAND_instantiate (in /usr/lib/x86_64-linux-gnu/libcrypto.so.3)
              n1: 21824 0x6285A91: ??? (in /usr/lib/x86_64-linux-gnu/libcrypto.so.3)
               n1: 21824 0x6285C2B: RAND_get0_primary (in /usr/lib/x86_64-linux-gnu/libcrypto.so.3)
                n1: 21824 0x6285EF6: RAND_status (in /usr/lib/x86_64-linux-gnu/libcrypto.so.3)
                 n1: 21824 0x5C962CF: OQS_randombytes_openssl (in /home/anss/random/bench/install/lib/liboqs.so.0.15.0)
                  n1: 21824 0x4AAB6AB: PQCLEAN_HQC128_CLEAN_hqc_pke_keygen (in /home/anss/random/bench/install/lib/liboqs.so.0.15.0)
                   n1: 21824 0x4AABCAC: PQCLEAN_HQC128_CLEAN_crypto_kem_keypair (in /home/anss/random/bench/install/lib/liboqs.so.0.15.0)
                    n1: 21824 0x4AA8EFA: OQS_KEM_hqc_128_keypair (in /home/anss/random/bench/install/lib/liboqs.so.0.15.0)
                     n0: 21824 0x1092FB: main (in /home/anss/random/bench/mem_kem)
          n0: 880 in 1 place, below massif's threshold (1.00%)
   n0: 1056 in 7 places, all below massif's threshold (1.00%)
  n2: 16896 0x62482F6: OPENSSL_LH_new (in /usr/lib/x86_64-linux-gnu/libcrypto.so.3)
   n1: 16512 0x628433F: ??? (in /usr/lib/x86_64-linux-gnu/libcrypto.so.3)
    n1: 16512 0x6227DB9: ??? (in /usr/lib/x86_64-linux-gnu/libcrypto.so.3)
     n1: 16512 0x6247CFB: ??? (in /usr/lib/x86_64-linux-gnu/libcrypto.so.3)
      n1: 16512 0x6247BBB: ??? (in /usr/lib/x86_64-linux-gnu/libcrypto.so.3)
       n1: 16512 0x62672DA: ??? (in /usr/lib/x86_64-linux-gnu/libcrypto.so.3)
        n1: 16512 0x63309E7: ??? (in /usr/lib/x86_64-linux-gnu/libcrypto.so.3)
         n2: 16512 0x633103D: ??? (in /usr/lib/x86_64-linux-gnu/libcrypto.so.3)
          n1: 15872 0x6228652: EVP_CIPHER_fetch (in /usr/lib/x86_64-linux-gnu/libcrypto.so.3)
           n1: 15872 0x631B6C4: ??? (in /usr/lib/x86_64-linux-gnu/libcrypto.so.3)
            n1: 15872 0x631BB22: ??? (in /usr/lib/x86_64-linux-gnu/libcrypto.so.3)
             n1: 15872 0x6233AD7: EVP_RAND_instantiate (in /usr/lib/x86_64-linux-gnu/libcrypto.so.3)
              n1: 15872 0x6285A91: ??? (in /usr/lib/x86_64-linux-gnu/libcrypto.so.3)
               n1: 15872 0x6285C2B: RAND_get0_primary (in /usr/lib/x86_64-linux-gnu/libcrypto.so.3)
                n1: 15872 0x6285EF6: RAND_status (in /usr/lib/x86_64-linux-gnu/libcrypto.so.3)
                 n1: 15872 0x5C962CF: OQS_randombytes_openssl (in /home/anss/random/bench/install/lib/liboqs.so.0.15.0)
                  n1: 15872 0x4AAB6AB: PQCLEAN_HQC128_CLEAN_hqc_pke_keygen (in /home/anss/random/bench/install/lib/liboqs.so.0.15.0)
                   n1: 15872 0x4AABCAC: PQCLEAN_HQC128_CLEAN_crypto_kem_keypair (in /home/anss/random/bench/install/lib/liboqs.so.0.15.0)
                    n1: 15872 0x4AA8EFA: OQS_KEM_hqc_128_keypair (in /home/anss/random/bench/install/lib/liboqs.so.0.15.0)
                     n0: 15872 0x1092FB: main (in /home/anss/random/bench/mem_kem)
          n0: 640 in 1 place, below massif's threshold (1.00%)
   n0: 384 in 7 places, all below massif's threshold (1.00%)
  n2: 9520 0x625E073: CRYPTO_THREAD_lock_new (in /usr/lib/x86_64-linux-gnu/libcrypto.so.3)
   n1: 6944 0x622FE80: ??? (in /usr/lib/x86_64-linux-gnu/libcrypto.so.3)
    n1: 6944 0x623119D: ??? (in /usr/lib/x86_64-linux-gnu/libcrypto.so.3)
     n1: 6944 0x6227E59: ??? (in /usr/lib/x86_64-linux-gnu/libcrypto.so.3)
      n1: 6944 0x6247C98: ??? (in /usr/lib/x86_64-linux-gnu/libcrypto.so.3)
       n1: 6944 0x6247BBB: ??? (in /usr/lib/x86_64-linux-gnu/libcrypto.so.3)
        n1: 6944 0x62672DA: ??? (in /usr/lib/x86_64-linux-gnu/libcrypto.so.3)
         n1: 6944 0x63309E7: ??? (in /usr/lib/x86_64-linux-gnu/libcrypto.so.3)
          n1: 6944 0x633103D: ??? (in /usr/lib/x86_64-linux-gnu/libcrypto.so.3)
           n1: 6944 0x6228652: EVP_CIPHER_fetch (in /usr/lib/x86_64-linux-gnu/libcrypto.so.3)
            n1: 6944 0x631B6C4: ??? (in /usr/lib/x86_64-linux-gnu/libcrypto.so.3)
             n1: 6944 0x631BB22: ??? (in /usr/lib/x86_64-linux-gnu/libcrypto.so.3)
              n1: 6944 0x6233AD7: EVP_RAND_instantiate (in /usr/lib/x86_64-linux-gnu/libcrypto.so.3)
               n1: 6944 0x6285A91: ??? (in /usr/lib/x86_64-linux-gnu/libcrypto.so.3)
                n1: 6944 0x6285C2B: RAND_get0_primary (in /usr/lib/x86_64-linux-gnu/libcrypto.so.3)
                 n1: 6944 0x6285EF6: RAND_status (in /usr/lib/x86_64-linux-gnu/libcrypto.so.3)
                  n1: 6944 0x5C962CF: OQS_randombytes_openssl (in /home/anss/random/bench/install/lib/liboqs.so.0.15.0)
                   n1: 6944 0x4AAB6AB: PQCLEAN_HQC128_CLEAN_hqc_pke_keygen (in /home/anss/random/bench/install/lib/liboqs.so.0.15.0)
                    n1: 6944 0x4AABCAC: PQCLEAN_HQC128_CLEAN_crypto_kem_keypair (in /home/anss/random/bench/install/lib/liboqs.so.0.15.0)
                     n1: 6944 0x4AA8EFA: OQS_KEM_hqc_128_keypair (in /home/anss/random/bench/install/lib/liboqs.so.0.15.0)
                      n0: 6944 0x1092FB: main (in /home/anss/random/bench/mem_kem)
   n0: 2576 in 23 places, all below massif's threshold (1.00%)
 n3: 48000 0x6248625: OPENSSL_LH_insert (in /usr/lib/x86_64-linux-gnu/libcrypto.so.3)
  n2: 33912 0x6339B72: ??? (in /usr/lib/x86_64-linux-gnu/libcrypto.so.3)
   n1: 31944 0x6206BEF: ERR_load_strings_const (in /usr/lib/x86_64-linux-gnu/libcrypto.so.3)
    n0: 31944 in 33 places, all below massif's threshold (1.00%)
   n0: 1968 in 2 places, all below massif's threshold (1.00%)
  n1: 8328 0x62559E2: ??? (in /usr/lib/x86_64-linux-gnu/libcrypto.so.3)
   n0: 8328 in 3 places, all below massif's threshold (1.00%)
  n0: 5760 in 6 places, all below massif's threshold (1.00%)
 n0: 21243 in 35 places, all below massif's threshold (1.00%)
 n2: 11264 0x62485D3: OPENSSL_LH_insert (in /usr/lib/x86_64-linux-gnu/libcrypto.so.3)
  n2: 8192 0x6339B72: ??? (in /usr/lib/x86_64-linux-gnu/libcrypto.so.3)
   n2: 8192 0x6206BEF: ERR_load_strings_const (in /usr/lib/x86_64-linux-gnu/libcrypto.so.3)
    n1: 8192 0x62598DE: ??? (in /usr/lib/x86_64-linux-gnu/libcrypto.so.3)
     n1: 8192 0x5F0BEE7: __pthread_once_slow (pthread_once.c:116)
      n1: 8192 0x625E1EC: CRYPTO_THREAD_run_once (in /usr/lib/x86_64-linux-gnu/libcrypto.so.3)
       n1: 8192 0x625AEE2: OPENSSL_init_crypto (in /usr/lib/x86_64-linux-gnu/libcrypto.so.3)
        n1: 8192 0x6208686: ??? (in /usr/lib/x86_64-linux-gnu/libcrypto.so.3)
         n1: 8192 0x620904C: ERR_set_mark (in /usr/lib/x86_64-linux-gnu/libcrypto.so.3)
          n1: 8192 0x61B5451: CONF_modules_load_file_ex (in /usr/lib/x86_64-linux-gnu/libcrypto.so.3)
           n1: 8192 0x625A6EF: ??? (in /usr/lib/x86_64-linux-gnu/libcrypto.so.3)
            n1: 8192 0x5F0BEE7: __pthread_once_slow (pthread_once.c:116)
             n1: 8192 0x625E1EC: CRYPTO_THREAD_run_once (in /usr/lib/x86_64-linux-gnu/libcrypto.so.3)
              n1: 8192 0x625B155: OPENSSL_init_crypto (in /usr/lib/x86_64-linux-gnu/libcrypto.so.3)
               n1: 8192 0x63307AC: ??? (in /usr/lib/x86_64-linux-gnu/libcrypto.so.3)
                n1: 8192 0x62853A4: RAND_get_rand_method (in /usr/lib/x86_64-linux-gnu/libcrypto.so.3)
                 n1: 8192 0x6285EC9: RAND_status (in /usr/lib/x86_64-linux-gnu/libcrypto.so.3)
                  n1: 8192 0x5C962CF: OQS_randombytes_openssl (in /home/anss/random/bench/install/lib/liboqs.so.0.15.0)
                   n1: 8192 0x4AAB6AB: PQCLEAN_HQC128_CLEAN_hqc_pke_keygen (in /home/anss/random/bench/install/lib/liboqs.so.0.15.0)
                    n1: 8192 0x4AABCAC: PQCLEAN_HQC128_CLEAN_crypto_kem_keypair (in /home/anss/random/bench/install/lib/liboqs.so.0.15.0)
                     n1: 8192 0x4AA8EFA: OQS_KEM_hqc_128_keypair (in /home/anss/random/bench/install/lib/liboqs.so.0.15.0)
                      n0: 8192 0x1092FB: main (in /home/anss/random/bench/mem_kem)
    n0: 0 in 3 places, all below massif's threshold (1.00%)
   n0: 0 in 2 places, all below massif's threshold (1.00%)
  n0: 3072 in 3 places, all below massif's threshold (1.00%)
 n1: 7123 0x6253C72: CRYPTO_strndup (in /usr/lib/x86_64-linux-gnu/libcrypto.so.3)
  n0: 7123 in 4 places, all below massif's threshold (1.00%)
#-----------
snapshot=58
#-----------
time=56520324
mem_heap_B=555734
mem_heap_extra_B=59306
mem_stacks_B=0
heap_tree=empty
#-----------
snapshot=59
#-----------
time=56701247
mem_heap_B=555734
mem_heap_extra_B=59306
mem_stacks_B=0
heap_tree=empty
#-----------
snapshot=60
#-----------
time=153315071
mem_heap_B=555478
mem_heap_extra_B=59298
mem_stacks_B=0
heap_tree=empty
#-----------
snapshot=61
#-----------
time=153435017
mem_heap_B=555734
mem_heap_extra_B=59306
mem_stacks_B=0
heap_tree=empty
#-----------
snapshot=62
#-----------
time=153527215
mem_heap_B=555478
mem_heap_extra_B=59298
mem_stacks_B=0
heap_tree=empty
#-----------
snapshot=63
#-----------
time=153714827
mem_heap_B=555734
mem_heap_extra_B=59306
mem_stacks_B=0
heap_tree=empty
#-----------
snapshot=64
#-----------
time=154870077
mem_heap_B=555478
mem_heap_extra_B=59298
mem_stacks_B=0
heap_tree=empty
#-----------
snapshot=65
#-----------
time=216835311
mem_heap_B=555734
mem_heap_extra_B=59306
mem_stacks_B=0
heap_tree=empty
#-----------
snapshot=66
#-----------
time=216997807
mem_heap_B=555734
mem_heap_extra_B=59306
mem_stacks_B=0
heap_tree=empty
#-----------
snapshot=67
#-----------
time=313611643
mem_heap_B=555478
mem_heap_extra_B=59298
mem_stacks_B=0
heap_tree=detailed
n5: 555478 (heap allocation functions) malloc/new/new[], --alloc-fns, etc.
 n7: 467896 0x6252C3D: CRYPTO_zalloc (in /usr/lib/x86_64-linux-gnu/libcrypto.so.3)
  n1: 294912 0x625DFC4: ??? (in /usr/lib/x86_64-linux-gnu/libcrypto.so.3)
   n1: 294912 0x6284365: ??? (in /usr/lib/x86_64-linux-gnu/libcrypto.so.3)
    n1: 294912 0x6227DB9: ??? (in /usr/lib/x86_64-linux-gnu/libcrypto.so.3)
     n1: 294912 0x6247CFB: ??? (in /usr/lib/x86_64-linux-gnu/libcrypto.so.3)
      n1: 294912 0x6247BBB: ??? (in /usr/lib/x86_64-linux-gnu/libcrypto.so.3)
       n1: 294912 0x62672DA: ??? (in /usr/lib/x86_64-linux-gnu/libcrypto.so.3)
        n1: 294912 0x63309E7: ??? (in /usr/lib/x86_64-linux-gnu/libcrypto.so.3)
         n2: 294912 0x633103D: ??? (in /usr/lib/x86_64-linux-gnu/libcrypto.so.3)
          n1: 262144 0x6228652: EVP_CIPHER_fetch (in /usr/lib/x86_64-linux-gnu/libcrypto.so.3)
           n1: 262144 0x631B6C4: ??? (in /usr/lib/x86_64-linux-gnu/libcrypto.so.3)
            n1: 262144 0x631BB22: ??? (in /usr/lib/x86_64-linux-gnu/libcrypto.so.3)
             n1: 262144 0x6233AD7: EVP_RAND_instantiate (in /usr/lib/x86_64-linux-gnu/libcrypto.so.3)
              n1: 262144 0x6285A91: ??? (in /usr/lib/x86_64-linux-gnu/libcrypto.so.3)
               n1: 262144 0x6285C2B: RAND_get0_primary (in /usr/lib/x86_64-linux-gnu/libcrypto.so.3)
                n1: 262144 0x6285EF6: RAND_status (in /usr/lib/x86_64-linux-gnu/libcrypto.so.3)
                 n1: 262144 0x5C962CF: OQS_randombytes_openssl (in /home/anss/random/bench/install/lib/liboqs.so.0.15.0)
                  n1: 262144 0x4AAB6AB: PQCLEAN_HQC128_CLEAN_hqc_pke_keygen (in /home/anss/random/bench/install/lib/liboqs.so.0.15.0)
                   n1: 262144 0x4AABCAC: PQCLEAN_HQC128_CLEAN_crypto_kem_keypair (in /home/anss/random/bench/install/lib/liboqs.so.0.15.0)
                    n1: 262144 0x4AA8EFA: OQS_KEM_hqc_128_keypair (in /home/anss/random/bench/install/lib/liboqs.so.0.15.0)
                     n0: 262144 0x1092FB: main (in /home/anss/random/bench/mem_kem)
          n1: 32768 0x62336C2: EVP_RAND_fetch (in /usr/lib/x86_64-linux-gnu/libcrypto.so.3)
           n1: 32768 0x6285CDB: RAND_get0_primary (in /usr/lib/x86_64-linux-gnu/libcrypto.so.3)
            n1: 32768 0x6285EF6: RAND_status (in /usr/lib/x86_64-linux-gnu/libcrypto.so.3)
             n1: 32768 0x5C962CF: OQS_randombytes_openssl (in /home/anss/random/bench/install/lib/liboqs.so.0.15.0)
              n1: 32768 0x4AAB6AB: PQCLEAN_HQC128_CLEAN_hqc_pke_keygen (in /home/anss/random/bench/install/lib/liboqs.so.0.15.0)
               n1: 32768 0x4AABCAC: PQCLEAN_HQC128_CLEAN_crypto_kem_keypair (in /home/anss/random/bench/install/lib/liboqs.so.0.15.0)
                n1: 32768 0x4AA8EFA: OQS_KEM_hqc_128_keypair (in /home/anss/random/bench/install/lib/liboqs.so.0.15.0)
                 n0: 32768 0x1092FB: main (in /home/anss/random/bench/mem_kem)
  n1: 65536 0x625DF52: ??? (in /usr/lib/x86_64-linux-gnu/libcrypto.so.3)
   n1: 65536 0x6284365: ??? (in /usr/lib/x86_64-linux-gnu/libcrypto.so.3)
    n1: 65536 0x6227DB9: ??? (in /usr/lib/x86_64-linux-gnu/libcrypto.so.3)
     n1: 65536 0x6247CFB: ??? (in /usr/lib/x86_64-linux-gnu/libcrypto.so.3)
      n1: 65536 0x6247BBB: ??? (in /usr/lib/x86_64-linux-gnu/libcrypto.so.3)
       n1: 65536 0x62672DA: ??? (in /usr/lib/x86_64-linux-gnu/libcrypto.so.3)
        n1: 65536 0x63309E7: ??? (in /usr/lib/x86_64-linux-gnu/libcrypto.so.3)
         n1: 65536 0x633103D: ??? (in /usr/lib/x86_64-linux-gnu/libcrypto.so.3)
          n1: 65536 0x62336C2: EVP_RAND_fetch (in /usr/lib/x86_64-linux-gnu/libcrypto.so.3)
           n1: 65536 0x6285CDB: RAND_get0_primary (in /usr/lib/x86_64-linux-gnu/libcrypto.so.3)
            n1: 65536 0x6285EF6: RAND_status (in /usr/lib/x86_64-linux-gnu/libcrypto.so.3)
             n1: 65536 0x5C962CF: OQS_randombytes_openssl (in /home/anss/random/bench/install/lib/liboqs.so.0.15.0)
              n1: 65536 0x4AAB6AB: PQCLEAN_HQC128_CLEAN_hqc_pke_keygen (in /home/anss/random/bench/install/lib/liboqs.so.0.15.0)
               n1: 65536 0x4AABCAC: PQCLEAN_HQC128_CLEAN_crypto_kem_keypair (in /home/anss/random/bench/install/lib/liboqs.so.0.15.0)
                n1: 65536 0x4AA8EFA: OQS_KEM_hqc_128_keypair (in /home/anss/random/bench/install/lib/liboqs.so.0.15.0)
                 n0: 65536 0x1092FB: main (in /home/anss/random/bench/mem_kem)
  n1: 31744 0x622FE73: ??? (in /usr/lib/x86_64-linux-gnu/libcrypto.so.3)
   n1: 31744 0x623119D: ??? (in /usr/lib/x86_64-linux-gnu/libcrypto.so.3)
    n1: 31744 0x6227E59: ??? (in /usr/lib/x86_64-linux-gnu/libcrypto.so.3)
     n1: 31744 0x6247C98: ??? (in /usr/lib/x86_64-linux-gnu/libcrypto.so.3)
      n1: 31744 0x6247BBB: ??? (in /usr/lib/x86_64-linux-gnu/libcrypto.so.3)
       n1: 31744 0x62672DA: ??? (in /usr/lib/x86_64-linux-gnu/libcrypto.so.3)
        n1: 31744 0x63309E7: ??? (in /usr/lib/x86_64-linux-gnu/libcrypto.so.3)
         n1: 31744 0x633103D: ??? (in /usr/lib/x86_64-linux-gnu/libcrypto.so.3)
          n1: 31744 0x6228652: EVP_CIPHER_fetch (in /usr/lib/x86_64-linux-gnu/libcrypto.so.3)
           n1: 31744 0x631B6C4: ??? (in /usr/lib/x86_64-linux-gnu/libcrypto.so.3)
            n1: 31744 0x631BB22: ??? (in /usr/lib/x86_64-linux-gnu/libcrypto.so.3)
             n1: 31744 0x6233AD7: EVP_RAND_instantiate (in /usr/lib/x86_64-linux-gnu/libcrypto.so.3)
              n1: 31744 0x6285A91: ??? (in /usr/lib/x86_64-linux-gnu/libcrypto.so.3)
               n1: 31744 0x6285C2B: RAND_get0_primary (in /usr/lib/x86_64-linux-gnu/libcrypto.so.3)
                n1: 31744 0x6285EF6: RAND_status (in /usr/lib/x86_64-linux-gnu/libcrypto.so.3)
                 n1: 31744 0x5C962CF: OQS_randombytes_openssl (in /home/anss/random/bench/install/lib/liboqs.so.0.15.0)
                  n1: 31744 0x4AAB6AB: PQCLEAN_HQC128_CLEAN_hqc_pke_keygen (in /home/anss/random/bench/install/lib/liboqs.so.0.15.0)
                   n1: 31744 0x4AABCAC: PQCLEAN_HQC128_CLEAN_crypto_kem_keypair (in /home/anss/random/bench/install/lib/liboqs.so.0.15.0)
                    n1: 31744 0x4AA8EFA: OQS_KEM_hqc_128_keypair (in /home/anss/random/bench/install/lib/liboqs.so.0.15.0)
                     n0: 31744 0x1092FB: main (in /home/anss/random/bench/mem_kem)
  n0: 25528 in 35 places, all below massif's threshold (1.00%)
  n2: 23760 0x62482DC: OPENSSL_LH_new (in /usr/lib/x86_64-linux-gnu/libcrypto.so.3)
   n1: 22704 0x628433F: ??? (in /usr/lib/x86_64-linux-gnu/libcrypto.so.3)
    n1: 22704 0x6227DB9: ??? (in /usr/lib/x86_64-linux-gnu/libcrypto.so.3)
     n1: 22704 0x6247CFB: ??? (in /usr/lib/x86_64-linux-gnu/libcrypto.so.3)
      n1: 22704 0x6247BBB: ??? (in /usr/lib/x86_64-linux-gnu/libcrypto.so.3)
       n1: 22704 0x62672DA: ??? (in /usr/lib/x86_64-linux-gnu/libcrypto.so.3)
        n1: 22704 0x63309E7: ??? (in /usr/lib/x86_64-linux-gnu/libcrypto.so.3)
         n2: 22704 0x633103D: ??? (in /usr/lib/x86_64-linux-gnu/libcrypto.so.3)
          n1: 21824 0x6228652: EVP_CIPHER_fetch (in /usr/lib/x86_64-linux-gnu/libcrypto.so.3)
           n1: 21824 0x631B6C4: ??? (in /usr/lib/x86_64-linux-gnu/libcrypto.so.3)
            n1: 21824 0x631BB22: ??? (in /usr/lib/x86_64-linux-gnu/libcrypto.so.3)
             n1: 21824 0x6233AD7: EVP_RAND_instantiate (in /usr/lib/x86_64-linux-gnu/libcrypto.so.3)
              n1: 21824 0x6285A91: ??? (in /usr/lib/x86_64-linux-gnu/libcrypto.so.3)
               n1: 21824 0x6285C2B: RAND_get0_primary (in /usr/lib/x86_64-linux-gnu/libcrypto.so.3)
                n1: 21824 0x6285EF6: RAND_status (in /usr/lib/x86_64-linux-gnu/libcrypto.so.3)
                 n1: 21824 0x5C962CF: OQS_randombytes_openssl (in /home/anss/random/bench/install/lib/liboqs.so.0.15.0)
                  n1: 21824 0x4AAB6AB: PQCLEAN_HQC128_CLEAN_hqc_pke_keygen (in /home/anss/random/bench/install/lib/liboqs.so.0.15.0)
                   n1: 21824 0x4AABCAC: PQCLEAN_HQC128_CLEAN_crypto_kem_keypair (in /home/anss/random/bench/install/lib/liboqs.so.0.15.0)
                    n1: 21824 0x4AA8EFA: OQS_KEM_hqc_128_keypair (in /home/anss/random/bench/install/lib/liboqs.so.0.15.0)
                     n0: 21824 0x1092FB: main (in /home/anss/random/bench/mem_kem)
          n0: 880 in 1 place, below massif's threshold (1.00%)
   n0: 1056 in 7 places, all below massif's threshold (1.00%)
  n2: 16896 0x62482F6: OPENSSL_LH_new (in /usr/lib/x86_64-linux-gnu/libcrypto.so.3)
   n1: 16512 0x628433F: ??? (in /usr/lib/x86_64-linux-gnu/libcrypto.so.3)
    n1: 16512 0x6227DB9: ??? (in /usr/lib/x86_64-linux-gnu/libcrypto.so.3)
     n1: 16512 0x6247CFB: ??? (in /usr/lib/x86_64-linux-gnu/libcrypto.so.3)
      n1: 16512 0x6247BBB: ??? (in /usr/lib/x86_64-linux-gnu/libcrypto.so.3)
       n1: 16512 0x62672DA: ??? (in /usr/lib/x86_64-linux-gnu/libcrypto.so.3)
        n1: 16512 0x63309E7: ??? (in /usr/lib/x86_64-linux-gnu/libcrypto.so.3)
         n2: 16512 0x633103D: ??? (in /usr/lib/x86_64-linux-gnu/libcrypto.so.3)
          n1: 15872 0x6228652: EVP_CIPHER_fetch (in /usr/lib/x86_64-linux-gnu/libcrypto.so.3)
           n1: 15872 0x631B6C4: ??? (in /usr/lib/x86_64-linux-gnu/libcrypto.so.3)
            n1: 15872 0x631BB22: ??? (in /usr/lib/x86_64-linux-gnu/libcrypto.so.3)
             n1: 15872 0x6233AD7: EVP_RAND_instantiate (in /usr/lib/x86_64-linux-gnu/libcrypto.so.3)
              n1: 15872 0x6285A91: ??? (in /usr/lib/x86_64-linux-gnu/libcrypto.so.3)
               n1: 15872 0x6285C2B: RAND_get0_primary (in /usr/lib/x86_64-linux-gnu/libcrypto.so.3)
                n1: 15872 0x6285EF6: RAND_status (in /usr/lib/x86_64-linux-gnu/libcrypto.so.3)
                 n1: 15872 0x5C962CF: OQS_randombytes_openssl (in /home/anss/random/bench/install/lib/liboqs.so.0.15.0)
                  n1: 15872 0x4AAB6AB: PQCLEAN_HQC128_CLEAN_hqc_pke_keygen (in /home/anss/random/bench/install/lib/liboqs.so.0.15.0)
                   n1: 15872 0x4AABCAC: PQCLEAN_HQC128_CLEAN_crypto_kem_keypair (in /home/anss/random/bench/install/lib/liboqs.so.0.15.0)
                    n1: 15872 0x4AA8EFA: OQS_KEM_hqc_128_keypair (in /home/anss/random/bench/install/lib/liboqs.so.0.15.0)
                     n0: 15872 0x1092FB: main (in /home/anss/random/bench/mem_kem)
          n0: 640 in 1 place, below massif's threshold (1.00%)
   n0: 384 in 7 places, all below massif's threshold (1.00%)
  n2: 9520 0x625E073: CRYPTO_THREAD_lock_new (in /usr/lib/x86_64-linux-gnu/libcrypto.so.3)
   n1: 6944 0x622FE80: ??? (in /usr/lib/x86_64-linux-gnu/libcrypto.so.3)
    n1: 6944 0x623119D: ??? (in /usr/lib/x86_64-linux-gnu/libcrypto.so.3)
     n1: 6944 0x6227E59: ??? (in /usr/lib/x86_64-linux-gnu/libcrypto.so.3)
      n1: 6944 0x6247C98: ??? (in /usr/lib/x86_64-linux-gnu/libcrypto.so.3)
       n1: 6944 0x6247BBB: ??? (in /usr/lib/x86_64-linux-gnu/libcrypto.so.3)
        n1: 6944 0x62672DA: ??? (in /usr/lib/x86_64-linux-gnu/libcrypto.so.3)
         n1: 6944 0x63309E7: ??? (in /usr/lib/x86_64-linux-gnu/libcrypto.so.3)
          n1: 6944 0x633103D: ??? (in /usr/lib/x86_64-linux-gnu/libcrypto.so.3)
           n1: 6944 0x6228652: EVP_CIPHER_fetch (in /usr/lib/x86_64-linux-gnu/libcrypto.so.3)
            n1: 6944 0x631B6C4: ??? (in /usr/lib/x86_64-linux-gnu/libcrypto.so.3)
             n1: 6944 0x631BB22: ??? (in /usr/lib/x86_64-linux-gnu/libcrypto.so.3)
              n1: 6944 0x6233AD7: EVP_RAND_instantiate (in /usr/lib/x86_64-linux-gnu/libcrypto.so.3)
               n1: 6944 0x6285A91: ??? (in /usr/lib/x86_64-linux-gnu/libcrypto.so.3)
                n1: 6944 0x6285C2B: RAND_get0_primary (in /usr/lib/x86_64-linux-gnu/libcrypto.so.3)
                 n1: 6944 0x6285EF6: RAND_status (in /usr/lib/x86_64-linux-gnu/libcrypto.so.3)
                  n1: 6944 0x5C962CF: OQS_randombytes_openssl (in /home/anss/random/bench/install/lib/liboqs.so.0.15.0)
                   n1: 6944 0x4AAB6AB: PQCLEAN_HQC128_CLEAN_hqc_pke_keygen (in /home/anss/random/bench/install/lib/liboqs.so.0.15.0)
                    n1: 6944 0x4AABCAC: PQCLEAN_HQC128_CLEAN_crypto_kem_keypair (in /home/anss/random/bench/install/lib/liboqs.so.0.15.0)
                     n1: 6944 0x4AA8EFA: OQS_KEM_hqc_128_keypair (in /home/anss/random/bench/install/lib/liboqs.so.0.15.0)
                      n0: 6944 0x1092FB: main (in /home/anss/random/bench/mem_kem)
   n0: 2576 in 23 places, all below massif's threshold (1.00%)
 n3: 48000 0x6248625: OPENSSL_LH_insert (in /usr/lib/x86_64-linux-gnu/libcrypto.so.3)
  n2: 33912 0x6339B72: ??? (in /usr/lib/x86_64-linux-gnu/libcrypto.so.3)
   n1: 31944 0x6206BEF: ERR_load_strings_const (in /usr/lib/x86_64-linux-gnu/libcrypto.so.3)
    n0: 31944 in 33 places, all below massif's threshold (1.00%)
   n0: 1968 in 2 places, all below massif's threshold (1.00%)
  n1: 8328 0x62559E2: ??? (in /usr/lib/x86_64-linux-gnu/libcrypto.so.3)
   n0: 8328 in 3 places, all below massif's threshold (1.00%)
  n0: 5760 in 6 places, all below massif's threshold (1.00%)
 n0: 21195 in 36 places, all below massif's threshold (1.00%)
 n2: 11264 0x62485D3: OPENSSL_LH_insert (in /usr/lib/x86_64-linux-gnu/libcrypto.so.3)
  n2: 8192 0x6339B72: ??? (in /usr/lib/x86_64-linux-gnu/libcrypto.so.3)
   n2: 8192 0x6206BEF: ERR_load_strings_const (in /usr/lib/x86_64-linux-gnu/libcrypto.so.3)
    n1: 8192 0x62598DE: ??? (in /usr/lib/x86_64-linux-gnu/libcrypto.so.3)
     n1: 8192 0x5F0BEE7: __pthread_once_slow (pthread_once.c:116)
      n1: 8192 0x625E1EC: CRYPTO_THREAD_run_once (in /usr/lib/x86_64-linux-gnu/libcrypto.so.3)
       n1: 8192 0x625AEE2: OPENSSL_init_crypto (in /usr/lib/x86_64-linux-gnu/libcrypto.so.3)
        n1: 8192 0x6208686: ??? (in /usr/lib/x86_64-linux-gnu/libcrypto.so.3)
         n1: 8192 0x620904C: ERR_set_mark (in /usr/lib/x86_64-linux-gnu/libcrypto.so.3)
          n1: 8192 0x61B5451: CONF_modules_load_file_ex (in /usr/lib/x86_64-linux-gnu/libcrypto.so.3)
           n1: 8192 0x625A6EF: ??? (in /usr/lib/x86_64-linux-gnu/libcrypto.so.3)
            n1: 8192 0x5F0BEE7: __pthread_once_slow (pthread_once.c:116)
             n1: 8192 0x625E1EC: CRYPTO_THREAD_run_once (in /usr/lib/x86_64-linux-gnu/libcrypto.so.3)
              n1: 8192 0x625B155: OPENSSL_init_crypto (in /usr/lib/x86_64-linux-gnu/libcrypto.so.3)
               n1: 8192 0x63307AC: ??? (in /usr/lib/x86_64-linux-gnu/libcrypto.so.3)
                n1: 8192 0x62853A4: RAND_get_rand_method (in /usr/lib/x86_64-linux-gnu/libcrypto.so.3)
                 n1: 8192 0x6285EC9: RAND_status (in /usr/lib/x86_64-linux-gnu/libcrypto.so.3)
                  n1: 8192 0x5C962CF: OQS_randombytes_openssl (in /home/anss/random/bench/install/lib/liboqs.so.0.15.0)
                   n1: 8192 0x4AAB6AB: PQCLEAN_HQC128_CLEAN_hqc_pke_keygen (in /home/anss/random/bench/install/lib/liboqs.so.0.15.0)
                    n1: 8192 0x4AABCAC: PQCLEAN_HQC128_CLEAN_crypto_kem_keypair (in /home/anss/random/bench/install/lib/liboqs.so.0.15.0)
                     n1: 8192 0x4AA8EFA: OQS_KEM_hqc_128_keypair (in /home/anss/random/bench/install/lib/liboqs.so.0.15.0)
                      n0: 8192 0x1092FB: main (in /home/anss/random/bench/mem_kem)
    n0: 0 in 3 places, all below massif's threshold (1.00%)
   n0: 0 in 2 places, all below massif's threshold (1.00%)
  n0: 3072 in 3 places, all below massif's threshold (1.00%)
 n1: 7123 0x6253C72: CRYPTO_strndup (in /usr/lib/x86_64-linux-gnu/libcrypto.so.3)
  n0: 7123 in 4 places, all below massif's threshold (1.00%)
#-----------
snapshot=68
#-----------
time=313798254
mem_heap_B=555734
mem_heap_extra_B=59306
mem_stacks_B=0
heap_tree=empty
#-----------
snapshot=69
#-----------
time=313890452
mem_heap_B=555478
mem_heap_extra_B=59298
mem_stacks_B=0
heap_tree=empty
#-----------
snapshot=70
#-----------
time=313969271
mem_heap_B=529422
mem_heap_extra_B=57106
mem_stacks_B=0
heap_tree=empty
#-----------
snapshot=71
#-----------
time=314045803
mem_heap_B=515788
mem_heap_extra_B=55252
mem_stacks_B=0
heap_tree=empty
#-----------
snapshot=72
#-----------
time=314124306
mem_heap_B=503602
mem_heap_extra_B=53598
mem_stacks_B=0
heap_tree=empty
#-----------
snapshot=73
#-----------
time=314203429
mem_heap_B=490718
mem_heap_extra_B=51818
mem_stacks_B=0
heap_tree=empty
#-----------
snapshot=74
#-----------
time=314285251
mem_heap_B=485389
mem_heap_extra_B=51107
mem_stacks_B=0
heap_tree=empty
#-----------
snapshot=75
#-----------
time=314362798
mem_heap_B=471158
mem_heap_extra_B=49122
mem_stacks_B=0
heap_tree=empty
#-----------
snapshot=76
#-----------
time=314440067
mem_heap_B=456698
mem_heap_extra_B=47158
mem_stacks_B=0
heap_tree=empty
#-----------
snapshot=77
#-----------
time=314517336
mem_heap_B=442265
mem_heap_extra_B=45183
mem_stacks_B=0
heap_tree=detailed
n6: 442265 (heap allocation functions) malloc/new/new[], --alloc-fns, etc.
 n4: 371456 0x6252C3D: CRYPTO_zalloc (in /usr/lib/x86_64-linux-gnu/libcrypto.so.3)
  n1: 294912 0x625DFC4: ??? (in /usr/lib/x86_64-linux-gnu/libcrypto.so.3)
   n1: 294912 0x6284365: ??? (in /usr/lib/x86_64-linux-gnu/libcrypto.so.3)
    n1: 294912 0x6227DB9: ??? (in /usr/lib/x86_64-linux-gnu/libcrypto.so.3)
     n1: 294912 0x6247CFB: ??? (in /usr/lib/x86_64-linux-gnu/libcrypto.so.3)
      n1: 294912 0x6247BBB: ??? (in /usr/lib/x86_64-linux-gnu/libcrypto.so.3)
       n1: 294912 0x62672DA: ??? (in /usr/lib/x86_64-linux-gnu/libcrypto.so.3)
        n1: 294912 0x63309E7: ??? (in /usr/lib/x86_64-linux-gnu/libcrypto.so.3)
         n2: 294912 0x633103D: ??? (in /usr/lib/x86_64-linux-gnu/libcrypto.so.3)
          n1: 262144 0x6228652: EVP_CIPHER_fetch (in /usr/lib/x86_64-linux-gnu/libcrypto.so.3)
           n1: 262144 0x631B6C4: ??? (in /usr/lib/x86_64-linux-gnu/libcrypto.so.3)
            n1: 262144 0x631BB22: ??? (in /usr/lib/x86_64-linux-gnu/libcrypto.so.3)
             n1: 262144 0x6233AD7: EVP_RAND_instantiate (in /usr/lib/x86_64-linux-gnu/libcrypto.so.3)
              n1: 262144 0x6285A91: ??? (in /usr/lib/x86_64-linux-gnu/libcrypto.so.3)
               n1: 262144 0x6285C2B: RAND_get0_primary (in /usr/lib/x86_64-linux-gnu/libcrypto.so.3)
                n1: 262144 0x6285EF6: RAND_status (in /usr/lib/x86_64-linux-gnu/libcrypto.so.3)
                 n1: 262144 0x5C962CF: OQS_randombytes_openssl (in /home/anss/random/bench/install/lib/liboqs.so.0.15.0)
                  n1: 262144 0x4AAB6AB: PQCLEAN_HQC128_CLEAN_hqc_pke_keygen (in /home/anss/random/bench/install/lib/liboqs.so.0.15.0)
                   n1: 262144 0x4AABCAC: PQCLEAN_HQC128_CLEAN_crypto_kem_keypair (in /home/anss/random/bench/install/lib/liboqs.so.0.15.0)
                    n1: 262144 0x4AA8EFA: OQS_KEM_hqc_128_keypair (in /home/anss/random/bench/install/lib/liboqs.so.0.15.0)
                     n0: 262144 0x1092FB: main (in /home/anss/random/bench/mem_kem)
          n1: 32768 0x62336C2: EVP_RAND_fetch (in /usr/lib/x86_64-linux-gnu/libcrypto.so.3)
           n1: 32768 0x6285CDB: RAND_get0_primary (in /usr/lib/x86_64-linux-gnu/libcrypto.so.3)
            n1: 32768 0x6285EF6: RAND_status (in /usr/lib/x86_64-linux-gnu/libcrypto.so.3)
             n1: 32768 0x5C962CF: OQS_randombytes_openssl (in /home/anss/random/bench/install/lib/liboqs.so.0.15.0)
              n1: 32768 0x4AAB6AB: PQCLEAN_HQC128_CLEAN_hqc_pke_keygen (in /home/anss/random/bench/install/lib/liboqs.so.0.15.0)
               n1: 32768 0x4AABCAC: PQCLEAN_HQC128_CLEAN_crypto_kem_keypair (in /home/anss/random/bench/install/lib/liboqs.so.0.15.0)
                n1: 32768 0x4AA8EFA: OQS_KEM_hqc_128_keypair (in /home/anss/random/bench/install/lib/liboqs.so.0.15.0)
                 n0: 32768 0x1092FB: main (in /home/anss/random/bench/mem_kem)
  n1: 65536 0x625DF52: ??? (in /usr/lib/x86_64-linux-gnu/libcrypto.so.3)
   n1: 65536 0x6284365: ??? (in /usr/lib/x86_64-linux-gnu/libcrypto.so.3)
    n1: 65536 0x6227DB9: ??? (in /usr/lib/x86_64-linux-gnu/libcrypto.so.3)
     n1: 65536 0x6247CFB: ??? (in /usr/lib/x86_64-linux-gnu/libcrypto.so.3)
      n1: 65536 0x6247BBB: ??? (in /usr/lib/x86_64-linux-gnu/libcrypto.so.3)
       n1: 65536 0x62672DA: ??? (in /usr/lib/x86_64-linux-gnu/libcrypto.so.3)
        n1: 65536 0x63309E7: ??? (in /usr/lib/x86_64-linux-gnu/libcrypto.so.3)
         n1: 65536 0x633103D: ??? (in /usr/lib/x86_64-linux-gnu/libcrypto.so.3)
          n1: 65536 0x62336C2: EVP_RAND_fetch (in /usr/lib/x86_64-linux-gnu/libcrypto.so.3)
           n1: 65536 0x6285CDB: RAND_get0_primary (in /usr/lib/x86_64-linux-gnu/libcrypto.so.3)
            n1: 65536 0x6285EF6: RAND_status (in /usr/lib/x86_64-linux-gnu/libcrypto.so.3)
             n1: 65536 0x5C962CF: OQS_randombytes_openssl (in /home/anss/random/bench/install/lib/liboqs.so.0.15.0)
              n1: 65536 0x4AAB6AB: PQCLEAN_HQC128_CLEAN_hqc_pke_keygen (in /home/anss/random/bench/install/lib/liboqs.so.0.15.0)
               n1: 65536 0x4AABCAC: PQCLEAN_HQC128_CLEAN_crypto_kem_keypair (in /home/anss/random/bench/install/lib/liboqs.so.0.15.0)
                n1: 65536 0x4AA8EFA: OQS_KEM_hqc_128_keypair (in /home/anss/random/bench/install/lib/liboqs.so.0.15.0)
                 n0: 65536 0x1092FB: main (in /home/anss/random/bench/mem_kem)
  n1: 5552 0x62559A6: ??? (in /usr/lib/x86_64-linux-gnu/libcrypto.so.3)
   n0: 5552 in 3 places, all below massif's threshold (1.00%)
  n0: 5456 in 38 places, all below massif's threshold (1.00%)
 n4: 47904 0x6248625: OPENSSL_LH_insert (in /usr/lib/x86_64-linux-gnu/libcrypto.so.3)
  n2: 33912 0x6339B72: ??? (in /usr/lib/x86_64-linux-gnu/libcrypto.so.3)
   n1: 31944 0x6206BEF: ERR_load_strings_const (in /usr/lib/x86_64-linux-gnu/libcrypto.so.3)
    n0: 31944 in 33 places, all below massif's threshold (1.00%)
   n0: 1968 in 2 places, all below massif's threshold (1.00%)
  n1: 8328 0x62559E2: ??? (in /usr/lib/x86_64-linux-gnu/libcrypto.so.3)
   n0: 8328 in 3 places, all below massif's threshold (1.00%)
  n1: 5424 0x626961A: OBJ_NAME_add (in /usr/lib/x86_64-linux-gnu/libcrypto.so.3)
   n0: 5424 in 57 places, all below massif's threshold (1.00%)
  n0: 240 in 5 places, all below massif's threshold (1.00%)
 n2: 11264 0x62485D3: OPENSSL_LH_insert (in /usr/lib/x86_64-linux-gnu/libcrypto.so.3)
  n2: 8192 0x6339B72: ??? (in /usr/lib/x86_64-linux-gnu/libcrypto.so.3)
   n2: 8192 0x6206BEF: ERR_load_strings_const (in /usr/lib/x86_64-linux-gnu/libcrypto.so.3)
    n1: 8192 0x62598DE: ??? (in /usr/lib/x86_64-linux-gnu/libcrypto.so.3)
     n1: 8192 0x5F0BEE7: __pthread_once_slow (pthread_once.c:116)
      n1: 8192 0x625E1EC: CRYPTO_THREAD_run_once (in /usr/lib/x86_64-linux-gnu/libcrypto.so.3)
       n1: 8192 0x625AEE2: OPENSSL_init_crypto (in /usr/lib/x86_64-linux-gnu/libcrypto.so.3)
        n1: 8192 0x6208686: ??? (in /usr/lib/x86_64-linux-gnu/libcrypto.so.3)
         n1: 8192 0x620904C: ERR_set_mark (in /usr/lib/x86_64-linux-gnu/libcrypto.so.3)
          n1: 8192 0x61B5451: CONF_modules_load_file_ex (in /usr/lib/x86_64-linux-gnu/libcrypto.so.3)
           n1: 8192 0x625A6EF: ??? (in /usr/lib/x86_64-linux-gnu/libcrypto.so.3)
            n1: 8192 0x5F0BEE7: __pthread_once_slow (pthread_once.c:116)
             n1: 8192 0x625E1EC: CRYPTO_THREAD_run_once (in /usr/lib/x86_64-linux-gnu/libcrypto.so.3)
              n1: 8192 0x625B155: OPENSSL_init_crypto (in /usr/lib/x86_64-linux-gnu/libcrypto.so.3)
               n1: 8192 0x63307AC: ??? (in /usr/lib/x86_64-linux-gnu/libcrypto.so.3)
                n1: 8192 0x62853A4: RAND_get_rand_method (in /usr/lib/x86_64-linux-gnu/libcrypto.so.3)
                 n1: 8192 0x6285EC9: RAND_status (in /usr/lib/x86_64-linux-gnu/libcrypto.so.3)
                  n1: 8192 0x5C962CF: OQS_randombytes_openssl (in /home/anss/random/bench/install/lib/liboqs.so.0.15.0)
                   n1: 8192 0x4AAB6AB: PQCLEAN_HQC128_CLEAN_hqc_pke_keygen (in /home/anss/random/bench/install/lib/liboqs.so.0.15.0)
                    n1: 8192 0x4AABCAC: PQCLEAN_HQC128_CLEAN_crypto_kem_keypair (in /home/anss/random/bench/install/lib/liboqs.so.0.15.0)
                     n1: 8192 0x4AA8EFA: OQS_KEM_hqc_128_keypair (in /home/anss/random/bench/install/lib/liboqs.so.0.15.0)
                      n0: 8192 0x1092FB: main (in /home/anss/random/bench/mem_kem)
    n0: 0 in 3 places, all below massif's threshold (1.00%)
   n0: 0 in 2 places, all below massif's threshold (1.00%)
  n0: 3072 in 3 places, all below massif's threshold (1.00%)
 n1: 5424 0x62695D8: OBJ_NAME_add (in /usr/lib/x86_64-linux-gnu/libcrypto.so.3)
  n0: 5424 in 208 places, all below massif's threshold (1.00%)
 n2: 5330 0x6253C72: CRYPTO_strndup (in /usr/lib/x86_64-linux-gnu/libcrypto.so.3)
  n1: 5312 0x62559C1: ??? (in /usr/lib/x86_64-linux-gnu/libcrypto.so.3)
   n0: 5312 in 3 places, all below massif's threshold (1.00%)
  n0: 18 in 3 places, all below massif's threshold (1.00%)
 n0: 887 in 35 places, all below massif's threshold (1.00%)
#-----------
snapshot=78
#-----------
time=314638461
mem_heap_B=407991
mem_heap_extra_B=44977
mem_stacks_B=0
heap_tree=empty
#-----------
snapshot=79
#-----------
time=314745101
mem_heap_B=342455
mem_heap_extra_B=44961
mem_stacks_B=0
heap_tree=empty
#-----------
snapshot=80
#-----------
time=314851741
mem_heap_B=276919
mem_heap_extra_B=44945
mem_stacks_B=0
heap_tree=empty
#-----------
snapshot=81
#-----------
time=314958394
mem_heap_B=211383
mem_heap_extra_B=44929
mem_stacks_B=0
heap_tree=empty
#-----------
snapshot=82
#-----------
time=315065034
mem_heap_B=145847
mem_heap_extra_B=44913
mem_stacks_B=0
heap_tree=empty
#-----------
snapshot=83
#-----------
time=315171511
mem_heap_B=80311
mem_heap_extra_B=44897
mem_stacks_B=0
heap_tree=empty
#-----------
snapshot=84
#-----------
time=315248187
mem_heap_B=53696
mem_heap_extra_B=29408
mem_stacks_B=0
heap_tree=empty
#-----------
snapshot=85
#-----------
time=315324621
mem_heap_B=49976
mem_heap_extra_B=26928
mem_stacks_B=0
heap_tree=empty
#-----------
snapshot=86
#-----------
time=315401506
mem_heap_B=46160
mem_heap_extra_B=24384
mem_stacks_B=0
heap_tree=empty
#-----------
snapshot=87
#-----------
time=315477897
mem_heap_B=32416
mem_heap_extra_B=16048
mem_stacks_B=0
heap_tree=detailed
n3: 32416 (heap allocation functions) malloc/new/new[], --alloc-fns, etc.
 n2: 24048 0x6248625: OPENSSL_LH_insert (in /usr/lib/x86_64-linux-gnu/libcrypto.so.3)
  n3: 24048 0x6339B72: ??? (in /usr/lib/x86_64-linux-gnu/libcrypto.so.3)
   n18: 22560 0x6206BEF: ERR_load_strings_const (in /usr/lib/x86_64-linux-gnu/libcrypto.so.3)
    n0: 4224 in 16 places, all below massif's threshold (1.00%)
    n1: 2088 0x625972B: ??? (in /usr/lib/x86_64-linux-gnu/libcrypto.so.3)
     n1: 2088 0x5F0BEE7: __pthread_once_slow (pthread_once.c:116)
      n1: 2088 0x625E1EC: CRYPTO_THREAD_run_once (in /usr/lib/x86_64-linux-gnu/libcrypto.so.3)
       n1: 2088 0x625AEE2: OPENSSL_init_crypto (in /usr/lib/x86_64-linux-gnu/libcrypto.so.3)
        n1: 2088 0x6208686: ??? (in /usr/lib/x86_64-linux-gnu/libcrypto.so.3)
         n1: 2088 0x620904C: ERR_set_mark (in /usr/lib/x86_64-linux-gnu/libcrypto.so.3)
          n1: 2088 0x61B5451: CONF_modules_load_file_ex (in /usr/lib/x86_64-linux-gnu/libcrypto.so.3)
           n1: 2088 0x625A6EF: ??? (in /usr/lib/x86_64-linux-gnu/libcrypto.so.3)
            n1: 2088 0x5F0BEE7: __pthread_once_slow (pthread_once.c:116)
             n1: 2088 0x625E1EC: CRYPTO_THREAD_run_once (in /usr/lib/x86_64-linux-gnu/libcrypto.so.3)
              n1: 2088 0x625B155: OPENSSL_init_crypto (in /usr/lib/x86_64-linux-gnu/libcrypto.so.3)
               n1: 2088 0x63307AC: ??? (in /usr/lib/x86_64-linux-gnu/libcrypto.so.3)
                n1: 2088 0x62853A4: RAND_get_rand_method (in /usr/lib/x86_64-linux-gnu/libcrypto.so.3)
                 n1: 2088 0x6285EC9: RAND_status (in /usr/lib/x86_64-linux-gnu/libcrypto.so.3)
                  n1: 2088 0x5C962CF: OQS_randombytes_openssl (in /home/anss/random/bench/install/lib/liboqs.so.0.15.0)
                   n1: 2088 0x4AAB6AB: PQCLEAN_HQC128_CLEAN_hqc_pke_keygen (in /home/anss/random/bench/install/lib/liboqs.so.0.15.0)
                    n1: 2088 0x4AABCAC: PQCLEAN_HQC128_CLEAN_crypto_kem_keypair (in /home/anss/random/bench/install/lib/liboqs.so.0.15.0)
                     n1: 2088 0x4AA8EFA: OQS_KEM_hqc_128_keypair (in /home/anss/random/bench/install/lib/liboqs.so.0.15.0)
                      n0: 2088 0x1092FB: main (in /home/anss/random/bench/mem_kem)
    n1: 1992 0x6259801: ??? (in /usr/lib/x86_64-linux-gnu/libcrypto.so.3)
     n1: 1992 0x5F0BEE7: __pthread_once_slow (pthread_once.c:116)
      n1: 1992 0x625E1EC: CRYPTO_THREAD_run_once (in /usr/lib/x86_64-linux-gnu/libcrypto.so.3)
       n1: 1992 0x625AEE2: OPENSSL_init_crypto (in /usr/lib/x86_64-linux-gnu/libcrypto.so.3)
        n1: 1992 0x6208686: ??? (in /usr/lib/x86_64-linux-gnu/libcrypto.so.3)
         n1: 1992 0x620904C: ERR_set_mark (in /usr/lib/x86_64-linux-gnu/libcrypto.so.3)
          n1: 1992 0x61B5451: CONF_modules_load_file_ex (in /usr/lib/x86_64-linux-gnu/libcrypto.so.3)
           n1: 1992 0x625A6EF: ??? (in /usr/lib/x86_64-linux-gnu/libcrypto.so.3)
            n1: 1992 0x5F0BEE7: __pthread_once_slow (pthread_once.c:116)
             n1: 1992 0x625E1EC: CRYPTO_THREAD_run_once (in /usr/lib/x86_64-linux-gnu/libcrypto.so.3)
              n1: 1992 0x625B155: OPENSSL_init_crypto (in /usr/lib/x86_64-linux-gnu/libcrypto.so.3)
               n1: 1992 0x63307AC: ??? (in /usr/lib/x86_64-linux-gnu/libcrypto.so.3)
                n1: 1992 0x62853A4: RAND_get_rand_method (in /usr/lib/x86_64-linux-gnu/libcrypto.so.3)
                 n1: 1992 0x6285EC9: RAND_status (in /usr/lib/x86_64-linux-gnu/libcrypto.so.3)
                  n1: 1992 0x5C962CF: OQS_randombytes_openssl (in /home/anss/random/bench/install/lib/liboqs.so.0.15.0)
                   n1: 1992 0x4AAB6AB: PQCLEAN_HQC128_CLEAN_hqc_pke_keygen (in /home/anss/random/bench/install/lib/liboqs.so.0.15.0)
                    n1: 1992 0x4AABCAC: PQCLEAN_HQC128_CLEAN_crypto_kem_keypair (in /home/anss/random/bench/install/lib/liboqs.so.0.15.0)
                     n1: 1992 0x4AA8EFA: OQS_KEM_hqc_128_keypair (in /home/anss/random/bench/install/lib/liboqs.so.0.15.0)
                      n0: 1992 0x1092FB: main (in /home/anss/random/bench/mem_kem)
    n1: 1944 0x625979B: ??? (in /usr/lib/x86_64-linux-gnu/libcrypto.so.3)
     n1: 1944 0x5F0BEE7: __pthread_once_slow (pthread_once.c:116)
      n1: 1944 0x625E1EC: CRYPTO_THREAD_run_once (in /usr/lib/x86_64-linux-gnu/libcrypto.so.3)
       n1: 1944 0x625AEE2: OPENSSL_init_crypto (in /usr/lib/x86_64-linux-gnu/libcrypto.so.3)
        n1: 1944 0x6208686: ??? (in /usr/lib/x86_64-linux-gnu/libcrypto.so.3)
         n1: 1944 0x620904C: ERR_set_mark (in /usr/lib/x86_64-linux-gnu/libcrypto.so.3)
          n1: 1944 0x61B5451: CONF_modules_load_file_ex (in /usr/lib/x86_64-linux-gnu/libcrypto.so.3)
           n1: 1944 0x625A6EF: ??? (in /usr/lib/x86_64-linux-gnu/libcrypto.so.3)
            n1: 1944 0x5F0BEE7: __pthread_once_slow (pthread_once.c:116)
             n1: 1944 0x625E1EC: CRYPTO_THREAD_run_once (in /usr/lib/x86_64-linux-gnu/libcrypto.so.3)
              n1: 1944 0x625B155: OPENSSL_init_crypto (in /usr/lib/x86_64-linux-gnu/libcrypto.so.3)
               n1: 1944 0x63307AC: ??? (in /usr/lib/x86_64-linux-gnu/libcrypto.so.3)
                n1: 1944 0x62853A4: RAND_get_rand_method (in /usr/lib/x86_64-linux-gnu/libcrypto.so.3)
                 n1: 1944 0x6285EC9: RAND_status (in /usr/lib/x86_64-linux-gnu/libcrypto.so.3)
                  n1: 1944 0x5C962CF: OQS_randombytes_openssl (in /home/anss/random/bench/install/lib/liboqs.so.0.15.0)
                   n1: 1944 0x4AAB6AB: PQCLEAN_HQC128_CLEAN_hqc_pke_keygen (in /home/anss/random/bench/install/lib/liboqs.so.0.15.0)
                    n1: 1944 0x4AABCAC: PQCLEAN_HQC128_CLEAN_crypto_kem_keypair (in /home/anss/random/bench/install/lib/liboqs.so.0.15.0)
                     n1: 1944 0x4AA8EFA: OQS_KEM_hqc_128_keypair (in /home/anss/random/bench/install/lib/liboqs.so.0.15.0)
                      n0: 1944 0x1092FB: main (in /home/anss/random/bench/mem_kem)
    n1: 1560 0x6259845: ??? (in /usr/lib/x86_64-linux-gnu/libcrypto.so.3)
     n1: 1560 0x5F0BEE7: __pthread_once_slow (pthread_once.c:116)
      n1: 1560 0x625E1EC: CRYPTO_THREAD_run_once (in /usr/lib/x86_64-linux-gnu/libcrypto.so.3)
       n1: 1560 0x625AEE2: OPENSSL_init_crypto (in /usr/lib/x86_64-linux-gnu/libcrypto.so.3)
        n1: 1560 0x6208686: ??? (in /usr/lib/x86_64-linux-gnu/libcrypto.so.3)
         n1: 1560 0x620904C: ERR_set_mark (in /usr/lib/x86_64-linux-gnu/libcrypto.so.3)
          n1: 1560 0x61B5451: CONF_modules_load_file_ex (in /usr/lib/x86_64-linux-gnu/libcrypto.so.3)
           n1: 1560 0x625A6EF: ??? (in /usr/lib/x86_64-linux-gnu/libcrypto.so.3)
            n1: 1560 0x5F0BEE7: __pthread_once_slow (pthread_once.c:116)
             n1: 1560 0x625E1EC: CRYPTO_THREAD_run_once (in /usr/lib/x86_64-linux-gnu/libcrypto.so.3)
              n1: 1560 0x625B155: OPENSSL_init_crypto (in /usr/lib/x86_64-linux-gnu/libcrypto.so.3)
               n1: 1560 0x63307AC: ??? (in /usr/lib/x86_64-linux-gnu/libcrypto.so.3)
                n1: 1560 0x62853A4: RAND_get_rand_method (in /usr/lib/x86_64-linux-gnu/libcrypto.so.3)
                 n1: 1560 0x6285EC9: RAND_status (in /usr/lib/x86_64-linux-gnu/libcrypto.so.3)
                  n1: 1560 0x5C962CF: OQS_randombytes_openssl (in /home/anss/random/bench/install/lib/liboqs.so.0.15.0)
                   n1: 1560 0x4AAB6AB: PQCLEAN_HQC128_CLEAN_hqc_pke_keygen (in /home/anss/random/bench/install/lib/liboqs.so.0.15.0)
                    n1: 1560 0x4AABCAC: PQCLEAN_HQC128_CLEAN_crypto_kem_keypair (in /home/anss/random/bench/install/lib/liboqs.so.0.15.0)
                     n1: 1560 0x4AA8EFA: OQS_KEM_hqc_128_keypair (in /home/anss/random/bench/install/lib/liboqs.so.0.15.0)
                      n0: 1560 0x1092FB: main (in /home/anss/random/bench/mem_kem)
    n1: 1344 0x6259823: ??? (in /usr/lib/x86_64-linux-gnu/libcrypto.so.3)
     n1: 1344 0x5F0BEE7: __pthread_once_slow (pthread_once.c:116)
      n1: 1344 0x625E1EC: CRYPTO_THREAD_run_once (in /usr/lib/x86_64-linux-gnu/libcrypto.so.3)
       n1: 1344 0x625AEE2: OPENSSL_init_crypto (in /usr/lib/x86_64-linux-gnu/libcrypto.so.3)
        n1: 1344 0x6208686: ??? (in /usr/lib/x86_64-linux-gnu/libcrypto.so.3)
         n1: 1344 0x620904C: ERR_set_mark (in /usr/lib/x86_64-linux-gnu/libcrypto.so.3)
          n1: 1344 0x61B5451: CONF_modules_load_file_ex (in /usr/lib/x86_64-linux-gnu/libcrypto.so.3)
           n1: 1344 0x625A6EF: ??? (in /usr/lib/x86_64-linux-gnu/libcrypto.so.3)
            n1: 1344 0x5F0BEE7: __pthread_once_slow (pthread_once.c:116)
             n1: 1344 0x625E1EC: CRYPTO_THREAD_run_once (in /usr/lib/x86_64-linux-gnu/libcrypto.so.3)
              n1: 1344 0x625B155: OPENSSL_init_crypto (in /usr/lib/x86_64-linux-gnu/libcrypto.so.3)
               n1: 1344 0x63307AC: ??? (in /usr/lib/x86_64-linux-gnu/libcrypto.so.3)
                n1: 1344 0x62853A4: RAND_get_rand_method (in /usr/lib/x86_64-linux-gnu/libcrypto.so.3)
                 n1: 1344 0x6285EC9: RAND_status (in /usr/lib/x86_64-linux-gnu/libcrypto.so.3)
                  n1: 1344 0x5C962CF: OQS_randombytes_openssl (in /home/anss/random/bench/install/lib/liboqs.so.0.15.0)
                   n1: 1344 0x4AAB6AB: PQCLEAN_HQC128_CLEAN_hqc_pke_keygen (in /home/anss/random/bench/install/lib/liboqs.so.0.15.0)
                    n1: 1344 0x4AABCAC: PQCLEAN_HQC128_CLEAN_crypto_kem_keypair (in /home/anss/random/bench/install/lib/liboqs.so.0.15.0)
                     n1: 1344 0x4AA8EFA: OQS_KEM_hqc_128_keypair (in /home/anss/random/bench/install/lib/liboqs.so.0.15.0)
                      n0: 1344 0x1092FB: main (in /home/anss/random/bench/mem_kem)
    n1: 1296 0x6259783: ??? (in /usr/lib/x86_64-linux-gnu/libcrypto.so.3)
     n1: 1296 0x5F0BEE7: __pthread_once_slow (pthread_once.c:116)
      n1: 1296 0x625E1EC: CRYPTO_THREAD_run_once (in /usr/lib/x86_64-linux-gnu/libcrypto.so.3)
       n1: 1296 0x625AEE2: OPENSSL_init_crypto (in /usr/lib/x86_64-linux-gnu/libcrypto.so.3)
        n1: 1296 0x6208686: ??? (in /usr/lib/x86_64-linux-gnu/libcrypto.so.3)
         n1: 1296 0x620904C: ERR_set_mark (in /usr/lib/x86_64-linux-gnu/libcrypto.so.3)
          n1: 1296 0x61B5451: CONF_modules_load_file_ex (in /usr/lib/x86_64-linux-gnu/libcrypto.so.3)
           n1: 1296 0x625A6EF: ??? (in /usr/lib/x86_64-linux-gnu/libcrypto.so.3)
            n1: 1296 0x5F0BEE7: __pthread_once_slow (pthread_once.c:116)
             n1: 1296 0x625E1EC: CRYPTO_THREAD_run_once (in /usr/lib/x86_64-linux-gnu/libcrypto.so.3)
              n1: 1296 0x625B155: OPENSSL_init_crypto (in /usr/lib/x86_64-linux-gnu/libcrypto.so.3)
               n1: 1296 0x63307AC: ??? (in /usr/lib/x86_64-linux-gnu/libcrypto.so.3)
                n1: 1296 0x62853A4: RAND_get_rand_method (in /usr/lib/x86_64-linux-gnu/libcrypto.so.3)
                 n1: 1296 0x6285EC9: RAND_status (in /usr/lib/x86_64-linux-gnu/libcrypto.so.3)
                  n1: 1296 0x5C962CF: OQS_randombytes_openssl (in /home/anss/random/bench/install/lib/liboqs.so.0.15.0)
                   n1: 1296 0x4AAB6AB: PQCLEAN_HQC128_CLEAN_hqc_pke_keygen (in /home/anss/random/bench/install/lib/liboqs.so.0.15.0)
                    n1: 1296 0x4AABCAC: PQCLEAN_HQC128_CLEAN_crypto_kem_keypair (in /home/anss/random/bench/install/lib/liboqs.so.0.15.0)
                     n1: 1296 0x4AA8EFA: OQS_KEM_hqc_128_keypair (in /home/anss/random/bench/install/lib/liboqs.so.0.15.0)
                      n0: 1296 0x1092FB: main (in /home/anss/random/bench/mem_kem)
    n1: 1200 0x625989A: ??? (in /usr/lib/x86_64-linux-gnu/libcrypto.so.3)
     n1: 1200 0x5F0BEE7: __pthread_once_slow (pthread_once.c:116)
      n1: 1200 0x625E1EC: CRYPTO_THREAD_run_once (in /usr/lib/x86_64-linux-gnu/libcrypto.so.3)
       n1: 1200 0x625AEE2: OPENSSL_init_crypto (in /usr/lib/x86_64-linux-gnu/libcrypto.so.3)
        n1: 1200 0x6208686: ??? (in /usr/lib/x86_64-linux-gnu/libcrypto.so.3)
         n1: 1200 0x620904C: ERR_set_mark (in /usr/lib/x86_64-linux-gnu/libcrypto.so.3)
          n1: 1200 0x61B5451: CONF_modules_load_file_ex (in /usr/lib/x86_64-linux-gnu/libcrypto.so.3)
           n1: 1200 0x625A6EF: ??? (in /usr/lib/x86_64-linux-gnu/libcrypto.so.3)
            n1: 1200 0x5F0BEE7: __pthread_once_slow (pthread_once.c:116)
             n1: 1200 0x625E1EC: CRYPTO_THREAD_run_once (in /usr/lib/x86_64-linux-gnu/libcrypto.so.3)
              n1: 1200 0x625B155: OPENSSL_init_crypto (in /usr/lib/x86_64-linux-gnu/libcrypto.so.3)
               n1: 1200 0x63307AC: ??? (in /usr/lib/x86_64-linux-gnu/libcrypto.so.3)
                n1: 1200 0x62853A4: RAND_get_rand_method (in /usr/lib/x86_64-linux-gnu/libcrypto.so.3)
                 n1: 1200 0x6285EC9: RAND_status (in /usr/lib/x86_64-linux-gnu/libcrypto.so.3)
                  n1: 1200 0x5C962CF: OQS_randombytes_openssl (in /home/anss/random/bench/install/lib/liboqs.so.0.15.0)
                   n1: 1200 0x4AAB6AB: PQCLEAN_HQC128_CLEAN_hqc_pke_keygen (in /home/anss/random/bench/install/lib/liboqs.so.0.15.0)
                    n1: 1200 0x4AABCAC: PQCLEAN_HQC128_CLEAN_crypto_kem_keypair (in /home/anss/random/bench/install/lib/liboqs.so.0.15.0)
                     n1: 1200 0x4AA8EFA: OQS_KEM_hqc_128_keypair (in /home/anss/random/bench/install/lib/liboqs.so.0.15.0)
                      n0: 1200 0x1092FB: main (in /home/anss/random/bench/mem_kem)
    n1: 1152 0x62598CD: ??? (in /usr/lib/x86_64-linux-gnu/libcrypto.so.3)
     n1: 1152 0x5F0BEE7: __pthread_once_slow (pthread_once.c:116)
      n1: 1152 0x625E1EC: CRYPTO_THREAD_run_once (in /usr/lib/x86_64-linux-gnu/libcrypto.so.3)
       n1: 1152 0x625AEE2: OPENSSL_init_crypto (in /usr/lib/x86_64-linux-gnu/libcrypto.so.3)
        n1: 1152 0x6208686: ??? (in /usr/lib/x86_64-linux-gnu/libcrypto.so.3)
         n1: 1152 0x620904C: ERR_set_mark (in /usr/lib/x86_64-linux-gnu/libcrypto.so.3)
          n1: 1152 0x61B5451: CONF_modules_load_file_ex (in /usr/lib/x86_64-linux-gnu/libcrypto.so.3)
           n1: 1152 0x625A6EF: ??? (in /usr/lib/x86_64-linux-gnu/libcrypto.so.3)
            n1: 1152 0x5F0BEE7: __pthread_once_slow (pthread_once.c:116)
             n1: 1152 0x625E1EC: CRYPTO_THREAD_run_once (in /usr/lib/x86_64-linux-gnu/libcrypto.so.3)
              n1: 1152 0x625B155: OPENSSL_init_crypto (in /usr/lib/x86_64-linux-gnu/libcrypto.so.3)
               n1: 1152 0x63307AC: ??? (in /usr/lib/x86_64-linux-gnu/libcrypto.so.3)
                n1: 1152 0x62853A4: RAND_get_rand_method (in /usr/lib/x86_64-linux-gnu/libcrypto.so.3)
                 n1: 1152 0x6285EC9: RAND_status (in /usr/lib/x86_64-linux-gnu/libcrypto.so.3)
                  n1: 1152 0x5C962CF: OQS_randombytes_openssl (in /home/anss/random/bench/install/lib/liboqs.so.0.15.0)
                   n1: 1152 0x4AAB6AB: PQCLEAN_HQC128_CLEAN_hqc_pke_keygen (in /home/anss/random/bench/install/lib/liboqs.so.0.15.0)
                    n1: 1152 0x4AABCAC: PQCLEAN_HQC128_CLEAN_crypto_kem_keypair (in /home/anss/random/bench/install/lib/liboqs.so.0.15.0)
                     n1: 1152 0x4AA8EFA: OQS_KEM_hqc_128_keypair (in /home/anss/random/bench/install/lib/liboqs.so.0.15.0)
                      n0: 1152 0x1092FB: main (in /home/anss/random/bench/mem_kem)
    n1: 768 0x62597DF: ??? (in /usr/lib/x86_64-linux-gnu/libcrypto.so.3)
     n1: 768 0x5F0BEE7: __pthread_once_slow (pthread_once.c:116)
      n1: 768 0x625E1EC: CRYPTO_THREAD_run_once (in /usr/lib/x86_64-linux-gnu/libcrypto.so.3)
       n1: 768 0x625AEE2: OPENSSL_init_crypto (in /usr/lib/x86_64-linux-gnu/libcrypto.so.3)
        n1: 768 0x6208686: ??? (in /usr/lib/x86_64-linux-gnu/libcrypto.so.3)
         n1: 768 0x620904C: ERR_set_mark (in /usr/lib/x86_64-linux-gnu/libcrypto.so.3)
          n1: 768 0x61B5451: CONF_modules_load_file_ex (in /usr/lib/x86_64-linux-gnu/libcrypto.so.3)
           n1: 768 0x625A6EF: ??? (in /usr/lib/x86_64-linux-gnu/libcrypto.so.3)
            n1: 768 0x5F0BEE7: __pthread_once_slow (pthread_once.c:116)
             n1: 768 0x625E1EC: CRYPTO_THREAD_run_once (in /usr/lib/x86_64-linux-gnu/libcrypto.so.3)
              n1: 768 0x625B155: OPENSSL_init_crypto (in /usr/lib/x86_64-linux-gnu/libcrypto.so.3)
               n1: 768 0x63307AC: ??? (in /usr/lib/x86_64-linux-gnu/libcrypto.so.3)
                n1: 768 0x62853A4: RAND_get_rand_method (in /usr/lib/x86_64-linux-gnu/libcrypto.so.3)
                 n1: 768 0x6285EC9: RAND_status (in /usr/lib/x86_64-linux-gnu/libcrypto.so.3)
                  n1: 768 0x5C962CF: OQS_randombytes_openssl (in /home/anss/random/bench/install/lib/liboqs.so.0.15.0)
                   n1: 768 0x4AAB6AB: PQCLEAN_HQC128_CLEAN_hqc_pke_keygen (in /home/anss/random/bench/install/lib/liboqs.so.0.15.0)
                    n1: 768 0x4AABCAC: PQCLEAN_HQC128_CLEAN_crypto_kem_keypair (in /home/anss/random/bench/install/lib/liboqs.so.0.15.0)
                     n1: 768 0x4AA8EFA: OQS_KEM_hqc_128_keypair (in /home/anss/random/bench/install/lib/liboqs.so.0.15.0)
                      n0: 768 0x1092FB: main (in /home/anss/random/bench/mem_kem)
    n1: 768 0x6259922: ??? (in /usr/lib/x86_64-linux-gnu/libcrypto.so.3)
     n1: 768 0x5F0BEE7: __pthread_once_slow (pthread_once.c:116)
      n1: 768 0x625E1EC: CRYPTO_THREAD_run_once (in /usr/lib/x86_64-linux-gnu/libcrypto.so.3)
       n1: 768 0x625AEE2: OPENSSL_init_crypto (in /usr/lib/x86_64-linux-gnu/libcrypto.so.3)
        n1: 768 0x6208686: ??? (in /usr/lib/x86_64-linux-gnu/libcrypto.so.3)
         n1: 768 0x620904C: ERR_set_mark (in /usr/lib/x86_64-linux-gnu/libcrypto.so.3)
          n1: 768 0x61B5451: CONF_modules_load_file_ex (in /usr/lib/x86_64-linux-gnu/libcrypto.so.3)
           n1: 768 0x625A6EF: ??? (in /usr/lib/x86_64-linux-gnu/libcrypto.so.3)
            n1: 768 0x5F0BEE7: __pthread_once_slow (pthread_once.c:116)
             n1: 768 0x625E1EC: CRYPTO_THREAD_run_once (in /usr/lib/x86_64-linux-gnu/libcrypto.so.3)
              n1: 768 0x625B155: OPENSSL_init_crypto (in /usr/lib/x86_64-linux-gnu/libcrypto.so.3)
               n1: 768 0x63307AC: ??? (in /usr/lib/x86_64-linux-gnu/libcrypto.so.3)
                n1: 768 0x62853A4: RAND_get_rand_method (in /usr/lib/x86_64-linux-gnu/libcrypto.so.3)
                 n1: 768 0x6285EC9: RAND_status (in /usr/lib/x86_64-linux-gnu/libcrypto.so.3)
                  n1: 768 0x5C962CF: OQS_randombytes_openssl (in /home/anss/random/bench/install/lib/liboqs.so.0.15.0)
                   n1: 768 0x4AAB6AB: PQCLEAN_HQC128_CLEAN_hqc_pke_keygen (in /home/anss/random/bench/install/lib/liboqs.so.0.15.0)
                    n1: 768 0x4AABCAC: PQCLEAN_HQC128_CLEAN_crypto_kem_keypair (in /home/anss/random/bench/install/lib/liboqs.so.0.15.0)
                     n1: 768 0x4AA8EFA: OQS_KEM_hqc_128_keypair (in /home/anss/random/bench/install/lib/liboqs.so.0.15.0)
                      n0: 768 0x1092FB: main (in /home/anss/random/bench/mem_kem)
    n1: 744 0x6259944: ??? (in /usr/lib/x86_64-linux-gnu/libcrypto.so.3)
     n1: 744 0x5F0BEE7: __pthread_once_slow (pthread_once.c:116)
      n1: 744 0x625E1EC: CRYPTO_THREAD_run_once (in /usr/lib/x86_64-linux-gnu/libcrypto.so.3)
       n1: 744 0x625AEE2: OPENSSL_init_crypto (in /usr/lib/x86_64-linux-gnu/libcrypto.so.3)
        n1: 744 0x6208686: ??? (in /usr/lib/x86_64-linux-gnu/libcrypto.so.3)
         n1: 744 0x620904C: ERR_set_mark (in /usr/lib/x86_64-linux-gnu/libcrypto.so.3)
          n1: 744 0x61B5451: CONF_modules_load_file_ex (in /usr/lib/x86_64-linux-gnu/libcrypto.so.3)
           n1: 744 0x625A6EF: ??? (in /usr/lib/x86_64-linux-gnu/libcrypto.so.3)
            n1: 744 0x5F0BEE7: __pthread_once_slow (pthread_once.c:116)
             n1: 744 0x625E1EC: CRYPTO_THREAD_run_once (in /usr/lib/x86_64-linux-gnu/libcrypto.so.3)
              n1: 744 0x625B155: OPENSSL_init_crypto (in /usr/lib/x86_64-linux-gnu/libcrypto.so.3)
               n1: 744 0x63307AC: ??? (in /usr/lib/x86_64-linux-gnu/libcrypto.so.3)
                n1: 744 0x62853A4: RAND_get_rand_method (in /usr/lib/x86_64-linux-gnu/libcrypto.so.3)
                 n1: 744 0x6285EC9: RAND_status (in /usr/lib/x86_64-linux-gnu/libcrypto.so.3)
                  n1: 744 0x5C962CF: OQS_randombytes_openssl (in /home/anss/random/bench/install/lib/liboqs.so.0.15.0)
                   n1: 744 0x4AAB6AB: PQCLEAN_HQC128_CLEAN_hqc_pke_keygen (in /home/anss/random/bench/install/lib/liboqs.so.0.15.0)
                    n1: 744 0x4AABCAC: PQCLEAN_HQC128_CLEAN_crypto_kem_keypair (in /home/anss/random/bench/install/lib/liboqs.so.0.15.0)
                     n1: 744 0x4AA8EFA: OQS_KEM_hqc_128_keypair (in /home/anss/random/bench/install/lib/liboqs.so.0.15.0)
                      n0: 744 0x1092FB: main (in /home/anss/random/bench/mem_kem)
    n1: 696 0x62598AB: ??? (in /usr/lib/x86_64-linux-gnu/libcrypto.so.3)
     n1: 696 0x5F0BEE7: __pthread_once_slow (pthread_once.c:116)
      n1: 696 0x625E1EC: CRYPTO_THREAD_run_once (in /usr/lib/x86_64-linux-gnu/libcrypto.so.3)
       n1: 696 0x625AEE2: OPENSSL_init_crypto (in /usr/lib/x86_64-linux-gnu/libcrypto.so.3)
        n1: 696 0x6208686: ??? (in /usr/lib/x86_64-linux-gnu/libcrypto.so.3)
         n1: 696 0x620904C: ERR_set_mark (in /usr/lib/x86_64-linux-gnu/libcrypto.so.3)
          n1: 696 0x61B5451: CONF_modules_load_file_ex (in /usr/lib/x86_64-linux-gnu/libcrypto.so.3)
           n1: 696 0x625A6EF: ??? (in /usr/lib/x86_64-linux-gnu/libcrypto.so.3)
            n1: 696 0x5F0BEE7: __pthread_once_slow (pthread_once.c:116)
             n1: 696 0x625E1EC: CRYPTO_THREAD_run_once (in /usr/lib/x86_64-linux-gnu/libcrypto.so.3)
              n1: 696 0x625B155: OPENSSL_init_crypto (in /usr/lib/x86_64-linux-gnu/libcrypto.so.3)
               n1: 696 0x63307AC: ??? (in /usr/lib/x86_64-linux-gnu/libcrypto.so.3)
                n1: 696 0x62853A4: RAND_get_rand_method (in /usr/lib/x86_64-linux-gnu/libcrypto.so.3)
                 n1: 696 0x6285EC9: RAND_status (in /usr/lib/x86_64-linux-gnu/libcrypto.so.3)
                  n1: 696 0x5C962CF: OQS_randombytes_openssl (in /home/anss/random/bench/install/lib/liboqs.so.0.15.0)
                   n1: 696 0x4AAB6AB: PQCLEAN_HQC128_CLEAN_hqc_pke_keygen (in /home/anss/random/bench/install/lib/liboqs.so.0.15.0)
                    n1: 696 0x4AABCAC: PQCLEAN_HQC128_CLEAN_crypto_kem_keypair (in /home/anss/random/bench/install/lib/liboqs.so.0.15.0)
                     n1: 696 0x4AA8EFA: OQS_KEM_hqc_128_keypair (in /home/anss/random/bench/install/lib/liboqs.so.0.15.0)
                      n0: 696 0x1092FB: main (in /home/anss/random/bench/mem_kem)
    n1: 696 0x62598BC: ??? (in /usr/lib/x86_64-linux-gnu/libcrypto.so.3)
     n1: 696 0x5F0BEE7: __pthread_once_slow (pthread_once.c:116)
      n1: 696 0x625E1EC: CRYPTO_THREAD_run_once (in /usr/lib/x86_64-linux-gnu/libcrypto.so.3)
       n1: 696 0x625AEE2: OPENSSL_init_crypto (in /usr/lib/x86_64-linux-gnu/libcrypto.so.3)
        n1: 696 0x6208686: ??? (in /usr/lib/x86_64-linux-gnu/libcrypto.so.3)
         n1: 696 0x620904C: ERR_set_mark (in /usr/lib/x86_64-linux-gnu/libcrypto.so.3)
          n1: 696 0x61B5451: CONF_modules_load_file_ex (in /usr/lib/x86_64-linux-gnu/libcrypto.so.3)
           n1: 696 0x625A6EF: ??? (in /usr/lib/x86_64-linux-gnu/libcrypto.so.3)
            n1: 696 0x5F0BEE7: __pthread_once_slow (pthread_once.c:116)
             n1: 696 0x625E1EC: CRYPTO_THREAD_run_once (in /usr/lib/x86_64-linux-gnu/libcrypto.so.3)
              n1: 696 0x625B155: OPENSSL_init_crypto (in /usr/lib/x86_64-linux-gnu/libcrypto.so.3)
               n1: 696 0x63307AC: ??? (in /usr/lib/x86_64-linux-gnu/libcrypto.so.3)
                n1: 696 0x62853A4: RAND_get_rand_method (in /usr/lib/x86_64-linux-gnu/libcrypto.so.3)
                 n1: 696 0x6285EC9: RAND_status (in /usr/lib/x86_64-linux-gnu/libcrypto.so.3)
                  n1: 696 0x5C962CF: OQS_randombytes_openssl (in /home/anss/random/bench/install/lib/liboqs.so.0.15.0)
                   n1: 696 0x4AAB6AB: PQCLEAN_HQC128_CLEAN_hqc_pke_keygen (in /home/anss/random/bench/install/lib/liboqs.so.0.15.0)
                    n1: 696 0x4AABCAC: PQCLEAN_HQC128_CLEAN_crypto_kem_keypair (in /home/anss/random/bench/install/lib/liboqs.so.0.15.0)
                     n1: 696 0x4AA8EFA: OQS_KEM_hqc_128_keypair (in /home/anss/random/bench/install/lib/liboqs.so.0.15.0)
                      n0: 696 0x1092FB: main (in /home/anss/random/bench/mem_kem)
    n1: 552 0x62597F0: ??? (in /usr/lib/x86_64-linux-gnu/libcrypto.so.3)
     n1: 552 0x5F0BEE7: __pthread_once_slow (pthread_once.c:116)
      n1: 552 0x625E1EC: CRYPTO_THREAD_run_once (in /usr/lib/x86_64-linux-gnu/libcrypto.so.3)
       n1: 552 0x625AEE2: OPENSSL_init_crypto (in /usr/lib/x86_64-linux-gnu/libcrypto.so.3)
        n1: 552 0x6208686: ??? (in /usr/lib/x86_64-linux-gnu/libcrypto.so.3)
         n1: 552 0x620904C: ERR_set_mark (in /usr/lib/x86_64-linux-gnu/libcrypto.so.3)
          n1: 552 0x61B5451: CONF_modules_load_file_ex (in /usr/lib/x86_64-linux-gnu/libcrypto.so.3)
           n1: 552 0x625A6EF: ??? (in /usr/lib/x86_64-linux-gnu/libcrypto.so.3)
            n1: 552 0x5F0BEE7: __pthread_once_slow (pthread_once.c:116)
             n1: 552 0x625E1EC: CRYPTO_THREAD_run_once (in /usr/lib/x86_64-linux-gnu/libcrypto.so.3)
              n1: 552 0x625B155: OPENSSL_init_crypto (in /usr/lib/x86_64-linux-gnu/libcrypto.so.3)
               n1: 552 0x63307AC: ??? (in /usr/lib/x86_64-linux-gnu/libcrypto.so.3)
                n1: 552 0x62853A4: RAND_get_rand_method (in /usr/lib/x86_64-linux-gnu/libcrypto.so.3)
                 n1: 552 0x6285EC9: RAND_status (in /usr/lib/x86_64-linux-gnu/libcrypto.so.3)
                  n1: 552 0x5C962CF: OQS_randombytes_openssl (in /home/anss/random/bench/install/lib/liboqs.so.0.15.0)
                   n1: 552 0x4AAB6AB: PQCLEAN_HQC128_CLEAN_hqc_pke_keygen (in /home/anss/random/bench/install/lib/liboqs.so.0.15.0)
                    n1: 552 0x4AABCAC: PQCLEAN_HQC128_CLEAN_crypto_kem_keypair (in /home/anss/random/bench/install/lib/liboqs.so.0.15.0)
                     n1: 552 0x4AA8EFA: OQS_KEM_hqc_128_keypair (in /home/anss/random/bench/install/lib/liboqs.so.0.15.0)
                      n0: 552 0x1092FB: main (in /home/anss/random/bench/mem_kem)
    n1: 528 0x625975B: ??? (in /usr/lib/x86_64-linux-gnu/libcrypto.so.3)
     n1: 528 0x5F0BEE7: __pthread_once_slow (pthread_once.c:116)
      n1: 528 0x625E1EC: CRYPTO_THREAD_run_once (in /usr/lib/x86_64-linux-gnu/libcrypto.so.3)
       n1: 528 0x625AEE2: OPENSSL_init_crypto (in /usr/lib/x86_64-linux-gnu/libcrypto.so.3)
        n1: 528 0x6208686: ??? (in /usr/lib/x86_64-linux-gnu/libcrypto.so.3)
         n1: 528 0x620904C: ERR_set_mark (in /usr/lib/x86_64-linux-gnu/libcrypto.so.3)
          n1: 528 0x61B5451: CONF_modules_load_file_ex (in /usr/lib/x86_64-linux-gnu/libcrypto.so.3)
           n1: 528 0x625A6EF: ??? (in /usr/lib/x86_64-linux-gnu/libcrypto.so.3)
            n1: 528 0x5F0BEE7: __pthread_once_slow (pthread_once.c:116)
             n1: 528 0x625E1EC: CRYPTO_THREAD_run_once (in /usr/lib/x86_64-linux-gnu/libcrypto.so.3)
              n1: 528 0x625B155: OPENSSL_init_crypto (in /usr/lib/x86_64-linux-gnu/libcrypto.so.3)
               n1: 528 0x63307AC: ??? (in /usr/lib/x86_64-linux-gnu/libcrypto.so.3)
                n1: 528 0x62853A4: RAND_get_rand_method (in /usr/lib/x86_64-linux-gnu/libcrypto.so.3)
                 n1: 528 0x6285EC9: RAND_status (in /usr/lib/x86_64-linux-gnu/libcrypto.so.3)
                  n1: 528 0x5C962CF: OQS_randombytes_openssl (in /home/anss/random/bench/install/lib/liboqs.so.0.15.0)
                   n1: 528 0x4AAB6AB: PQCLEAN_HQC128_CLEAN_hqc_pke_keygen (in /home/anss/random/bench/install/lib/liboqs.so.0.15.0)
                    n1: 528 0x4AABCAC: PQCLEAN_HQC128_CLEAN_crypto_kem_keypair (in /home/anss/random/bench/install/lib/liboqs.so.0.15.0)
                     n1: 528 0x4AA8EFA: OQS_KEM_hqc_128_keypair (in /home/anss/random/bench/install/lib/liboqs.so.0.15.0)
                      n0: 528 0x1092FB: main (in /home/anss/random/bench/mem_kem)
    n1: 504 0x62597BD: ??? (in /usr/lib/x86_64-linux-gnu/libcrypto.so.3)
     n1: 504 0x5F0BEE7: __pthread_once_slow (pthread_once.c:116)
      n1: 504 0x625E1EC: CRYPTO_THREAD_run_once (in /usr/lib/x86_64-linux-gnu/libcrypto.so.3)
       n1: 504 0x625AEE2: OPENSSL_init_crypto (in /usr/lib/x86_64-linux-gnu/libcrypto.so.3)
        n1: 504 0x6208686: ??? (in /usr/lib/x86_64-linux-gnu/libcrypto.so.3)
         n1: 504 0x620904C: ERR_set_mark (in /usr/lib/x86_64-linux-gnu/libcrypto.so.3)
          n1: 504 0x61B5451: CONF_modules_load_file_ex (in /usr/lib/x86_64-linux-gnu/libcrypto.so.3)
           n1: 504 0x625A6EF: ??? (in /usr/lib/x86_64-linux-gnu/libcrypto.so.3)
            n1: 504 0x5F0BEE7: __pthread_once_slow (pthread_once.c:116)
             n1: 504 0x625E1EC: CRYPTO_THREAD_run_once (in /usr/lib/x86_64-linux-gnu/libcrypto.so.3)
              n1: 504 0x625B155: OPENSSL_init_crypto (in /usr/lib/x86_64-linux-gnu/libcrypto.so.3)
               n1: 504 0x63307AC: ??? (in /usr/lib/x86_64-linux-gnu/libcrypto.so.3)
                n1: 504 0x62853A4: RAND_get_rand_method (in /usr/lib/x86_64-linux-gnu/libcrypto.so.3)
                 n1: 504 0x6285EC9: RAND_status (in /usr/lib/x86_64-linux-gnu/libcrypto.so.3)
                  n1: 504 0x5C962CF: OQS_randombytes_openssl (in /home/anss/random/bench/install/lib/liboqs.so.0.15.0)
                   n1: 504 0x4AAB6AB: PQCLEAN_HQC128_CLEAN_hqc_pke_keygen (in /home/anss/random/bench/install/lib/liboqs.so.0.15.0)
                    n1: 504 0x4AABCAC: PQCLEAN_HQC128_CLEAN_crypto_kem_keypair (in /home/anss/random/bench/install/lib/liboqs.so.0.15.0)
                     n1: 504 0x4AA8EFA: OQS_KEM_hqc_128_keypair (in /home/anss/random/bench/install/lib/liboqs.so.0.15.0)
                      n0: 504 0x1092FB: main (in /home/anss/random/bench/mem_kem)
    n1: 504 0x6259911: ??? (in /usr/lib/x86_64-linux-gnu/libcrypto.so.3)
     n1: 504 0x5F0BEE7: __pthread_once_slow (pthread_once.c:116)
      n1: 504 0x625E1EC: CRYPTO_THREAD_run_once (in /usr/lib/x86_64-linux-gnu/libcrypto.so.3)
       n1: 504 0x625AEE2: OPENSSL_init_crypto (in /usr/lib/x86_64-linux-gnu/libcrypto.so.3)
        n1: 504 0x6208686: ??? (in /usr/lib/x86_64-linux-gnu/libcrypto.so.3)
         n1: 504 0x620904C: ERR_set_mark (in /usr/lib/x86_64-linux-gnu/libcrypto.so.3)
          n1: 504 0x61B5451: CONF_modules_load_file_ex (in /usr/lib/x86_64-linux-gnu/libcrypto.so.3)
           n1: 504 0x625A6EF: ??? (in /usr/lib/x86_64-linux-gnu/libcrypto.so.3)
            n1: 504 0x5F0BEE7: __pthread_once_slow (pthread_once.c:116)
             n1: 504 0x625E1EC: CRYPTO_THREAD_run_once (in /usr/lib/x86_64-linux-gnu/libcrypto.so.3)
              n1: 504 0x625B155: OPENSSL_init_crypto (in /usr/lib/x86_64-linux-gnu/libcrypto.so.3)
               n1: 504 0x63307AC: ??? (in /usr/lib/x86_64-linux-gnu/libcrypto.so.3)
                n1: 504 0x62853A4: RAND_get_rand_method (in /usr/lib/x86_64-linux-gnu/libcrypto.so.3)
                 n1: 504 0x6285EC9: RAND_status (in /usr/lib/x86_64-linux-gnu/libcrypto.so.3)
                  n1: 504 0x5C962CF: OQS_randombytes_openssl (in /home/anss/random/bench/install/lib/liboqs.so.0.15.0)
                   n1: 504 0x4AAB6AB: PQCLEAN_HQC128_CLEAN_hqc_pke_keygen (in /home/anss/random/bench/install/lib/liboqs.so.0.15.0)
                    n1: 504 0x4AABCAC: PQCLEAN_HQC128_CLEAN_crypto_kem_keypair (in /home/anss/random/bench/install/lib/liboqs.so.0.15.0)
                     n1: 504 0x4AA8EFA: OQS_KEM_hqc_128_keypair (in /home/anss/random/bench/install/lib/liboqs.so.0.15.0)
                      n0: 504 0x1092FB: main (in /home/anss/random/bench/mem_kem)
   n1: 768 0x6259487: ??? (in /usr/lib/x86_64-linux-gnu/libcrypto.so.3)
    n1: 768 0x5F0BEE7: __pthread_once_slow (pthread_once.c:116)
     n1: 768 0x625E1EC: CRYPTO_THREAD_run_once (in /usr/lib/x86_64-linux-gnu/libcrypto.so.3)
      n1: 768 0x625AEE2: OPENSSL_init_crypto (in /usr/lib/x86_64-linux-gnu/libcrypto.so.3)
       n1: 768 0x6208686: ??? (in /usr/lib/x86_64-linux-gnu/libcrypto.so.3)
        n1: 768 0x620904C: ERR_set_mark (in /usr/lib/x86_64-linux-gnu/libcrypto.so.3)
         n1: 768 0x61B5451: CONF_modules_load_file_ex (in /usr/lib/x86_64-linux-gnu/libcrypto.so.3)
          n1: 768 0x625A6EF: ??? (in /usr/lib/x86_64-linux-gnu/libcrypto.so.3)
           n1: 768 0x5F0BEE7: __pthread_once_slow (pthread_once.c:116)
            n1: 768 0x625E1EC: CRYPTO_THREAD_run_once (in /usr/lib/x86_64-linux-gnu/libcrypto.so.3)
             n1: 768 0x625B155: OPENSSL_init_crypto (in /usr/lib/x86_64-linux-gnu/libcrypto.so.3)
              n1: 768 0x63307AC: ??? (in /usr/lib/x86_64-linux-gnu/libcrypto.so.3)
               n1: 768 0x62853A4: RAND_get_rand_method (in /usr/lib/x86_64-linux-gnu/libcrypto.so.3)
                n1: 768 0x6285EC9: RAND_status (in /usr/lib/x86_64-linux-gnu/libcrypto.so.3)
                 n1: 768 0x5C962CF: OQS_randombytes_openssl (in /home/anss/random/bench/install/lib/liboqs.so.0.15.0)
                  n1: 768 0x4AAB6AB: PQCLEAN_HQC128_CLEAN_hqc_pke_keygen (in /home/anss/random/bench/install/lib/liboqs.so.0.15.0)
                   n1: 768 0x4AABCAC: PQCLEAN_HQC128_CLEAN_crypto_kem_keypair (in /home/anss/random/bench/install/lib/liboqs.so.0.15.0)
                    n1: 768 0x4AA8EFA: OQS_KEM_hqc_128_keypair (in /home/anss/random/bench/install/lib/liboqs.so.0.15.0)
                     n0: 768 0x1092FB: main (in /home/anss/random/bench/mem_kem)
   n1: 720 0x625947B: ??? (in /usr/lib/x86_64-linux-gnu/libcrypto.so.3)
    n1: 720 0x5F0BEE7: __pthread_once_slow (pthread_once.c:116)
     n1: 720 0x625E1EC: CRYPTO_THREAD_run_once (in /usr/lib/x86_64-linux-gnu/libcrypto.so.3)
      n1: 720 0x625AEE2: OPENSSL_init_crypto (in /usr/lib/x86_64-linux-gnu/libcrypto.so.3)
       n1: 720 0x6208686: ??? (in /usr/lib/x86_64-linux-gnu/libcrypto.so.3)
        n1: 720 0x620904C: ERR_set_mark (in /usr/lib/x86_64-linux-gnu/libcrypto.so.3)
         n1: 720 0x61B5451: CONF_modules_load_file_ex (in /usr/lib/x86_64-linux-gnu/libcrypto.so.3)
          n1: 720 0x625A6EF: ??? (in /usr/lib/x86_64-linux-gnu/libcrypto.so.3)
           n1: 720 0x5F0BEE7: __pthread_once_slow (pthread_once.c:116)
            n1: 720 0x625E1EC: CRYPTO_THREAD_run_once (in /usr/lib/x86_64-linux-gnu/libcrypto.so.3)
             n1: 720 0x625B155: OPENSSL_init_crypto (in /usr/lib/x86_64-linux-gnu/libcrypto.so.3)
              n1: 720 0x63307AC: ??? (in /usr/lib/x86_64-linux-gnu/libcrypto.so.3)
               n1: 720 0x62853A4: RAND_get_rand_method (in /usr/lib/x86_64-linux-gnu/libcrypto.so.3)
                n1: 720 0x6285EC9: RAND_status (in /usr/lib/x86_64-linux-gnu/libcrypto.so.3)
                 n1: 720 0x5C962CF: OQS_randombytes_openssl (in /home/anss/random/bench/install/lib/liboqs.so.0.15.0)
                  n1: 720 0x4AAB6AB: PQCLEAN_HQC128_CLEAN_hqc_pke_keygen (in /home/anss/random/bench/install/lib/liboqs.so.0.15.0)
                   n1: 720 0x4AABCAC: PQCLEAN_HQC128_CLEAN_crypto_kem_keypair (in /home/anss/random/bench/install/lib/liboqs.so.0.15.0)
                    n1: 720 0x4AA8EFA: OQS_KEM_hqc_128_keypair (in /home/anss/random/bench/install/lib/liboqs.so.0.15.0)
                     n0: 720 0x1092FB: main (in /home/anss/random/bench/mem_kem)
  n0: 0 in 7 places, all below massif's threshold (1.00%)
 n2: 8192 0x62485D3: OPENSSL_LH_insert (in /usr/lib/x86_64-linux-gnu/libcrypto.so.3)
  n2: 8192 0x6339B72: ??? (in /usr/lib/x86_64-linux-gnu/libcrypto.so.3)
   n2: 8192 0x6206BEF: ERR_load_strings_const (in /usr/lib/x86_64-linux-gnu/libcrypto.so.3)
    n1: 8192 0x62598DE: ??? (in /usr/lib/x86_64-linux-gnu/libcrypto.so.3)
     n1: 8192 0x5F0BEE7: __pthread_once_slow (pthread_once.c:116)
      n1: 8192 0x625E1EC: CRYPTO_THREAD_run_once (in /usr/lib/x86_64-linux-gnu/libcrypto.so.3)
       n1: 8192 0x625AEE2: OPENSSL_init_crypto (in /usr/lib/x86_64-linux-gnu/libcrypto.so.3)
        n1: 8192 0x6208686: ??? (in /usr/lib/x86_64-linux-gnu/libcrypto.so.3)
         n1: 8192 0x620904C: ERR_set_mark (in /usr/lib/x86_64-linux-gnu/libcrypto.so.3)
          n1: 8192 0x61B5451: CONF_modules_load_file_ex (in /usr/lib/x86_64-linux-gnu/libcrypto.so.3)
           n1: 8192 0x625A6EF: ??? (in /usr/lib/x86_64-linux-gnu/libcrypto.so.3)
            n1: 8192 0x5F0BEE7: __pthread_once_slow (pthread_once.c:116)
             n1: 8192 0x625E1EC: CRYPTO_THREAD_run_once (in /usr/lib/x86_64-linux-gnu/libcrypto.so.3)
              n1: 8192 0x625B155: OPENSSL_init_crypto (in /usr/lib/x86_64-linux-gnu/libcrypto.so.3)
               n1: 8192 0x63307AC: ??? (in /usr/lib/x86_64-linux-gnu/libcrypto.so.3)
                n1: 8192 0x62853A4: RAND_get_rand_method (in /usr/lib/x86_64-linux-gnu/libcrypto.so.3)
                 n1: 8192 0x6285EC9: RAND_status (in /usr/lib/x86_64-linux-gnu/libcrypto.so.3)
                  n1: 8192 0x5C962CF: OQS_randombytes_openssl (in /home/anss/random/bench/install/lib/liboqs.so.0.15.0)
                   n1: 8192 0x4AAB6AB: PQCLEAN_HQC128_CLEAN_hqc_pke_keygen (in /home/anss/random/bench/install/lib/liboqs.so.0.15.0)
                    n1: 8192 0x4AABCAC: PQCLEAN_HQC128_CLEAN_crypto_kem_keypair (in /home/anss/random/bench/install/lib/liboqs.so.0.15.0)
                     n1: 8192 0x4AA8EFA: OQS_KEM_hqc_128_keypair (in /home/anss/random/bench/install/lib/liboqs.so.0.15.0)
                      n0: 8192 0x1092FB: main (in /home/anss/random/bench/mem_kem)
    n0: 0 in 3 places, all below massif's threshold (1.00%)
   n0: 0 in 2 places, all below massif's threshold (1.00%)
  n0: 0 in 3 places, all below massif's threshold (1.00%)
 n0: 176 in 38 places, all below massif's threshold (1.00%)
