desc: --massif-out-file=ms_ML-KEM-512.out
cmd: ./mem_kem ML-KEM-512
time_unit: i
#-----------
snapshot=0
#-----------
time=0
mem_heap_B=0
mem_heap_extra_B=0
mem_stacks_B=0
heap_tree=empty
#-----------
snapshot=1
#-----------
time=1798104
mem_heap_B=112
mem_heap_extra_B=8
mem_stacks_B=0
heap_tree=empty
#-----------
snapshot=2
#-----------
time=1947734
mem_heap_B=14729
mem_heap_extra_B=5423
mem_stacks_B=0
heap_tree=empty
#-----------
snapshot=3
#-----------
time=2132316
mem_heap_B=25657
mem_heap_extra_B=11343
mem_stacks_B=0
heap_tree=empty
#-----------
snapshot=4
#-----------
time=2252215
mem_heap_B=31057
mem_heap_extra_B=14943
mem_stacks_B=0
heap_tree=empty
#-----------
snapshot=5
#-----------
time=2360586
mem_heap_B=39929
mem_heap_extra_B=18127
mem_stacks_B=0
heap_tree=empty
#-----------
snapshot=6
#-----------
time=2495010
mem_heap_B=44057
mem_heap_extra_B=20879
mem_stacks_B=0
heap_tree=empty
#-----------
snapshot=7
#-----------
time=2571831
mem_heap_B=55815
mem_heap_extra_B=24057
mem_stacks_B=0
heap_tree=empty
#-----------
snapshot=8
#-----------
time=2711597
mem_heap_B=59554
mem_heap_extra_B=26550
mem_stacks_B=0
heap_tree=empty
#-----------
snapshot=9
#-----------
time=2864013
mem_heap_B=63686
mem_heap_extra_B=29098
mem_stacks_B=0
heap_tree=empty
#-----------
snapshot=10
#-----------
time=2995538
mem_heap_B=66974
mem_heap_extra_B=31338
mem_stacks_B=0
heap_tree=detailed
n9: 66974 (heap allocation functions) malloc/new/new[], --alloc-fns, etc.
 n3: 37008 0x6248625: OPENSSL_LH_insert (in /usr/lib/x86_64-linux-gnu/libcrypto.so.3)
  n3: 33912 0x6339B72: ??? (in /usr/lib/x86_64-linux-gnu/libcrypto.so.3)
   n11: 31944 0x6206BEF: ERR_load_strings_const (in /usr/lib/x86_64-linux-gnu/libcrypto.so.3)
    n0: 11856 in 23 places, all below massif's threshold (1.00%)
    n1: 2952 0x625972B: ??? (in /usr/lib/x86_64-linux-gnu/libcrypto.so.3)
     n1: 2952 0x5F0BEE7: __pthread_once_slow (pthread_once.c:116)
      n1: 2952 0x625E1EC: CRYPTO_THREAD_run_once (in /usr/lib/x86_64-linux-gnu/libcrypto.so.3)
       n1: 2952 0x625AEE2: OPENSSL_init_crypto (in /usr/lib/x86_64-linux-gnu/libcrypto.so.3)
        n1: 2952 0x6208686: ??? (in /usr/lib/x86_64-linux-gnu/libcrypto.so.3)
         n1: 2952 0x620904C: ERR_set_mark (in /usr/lib/x86_64-linux-gnu/libcrypto.so.3)
          n1: 2952 0x61B5451: CONF_modules_load_file_ex (in /usr/lib/x86_64-linux-gnu/libcrypto.so.3)
           n1: 2952 0x625A6EF: ??? (in /usr/lib/x86_64-linux-gnu/libcrypto.so.3)
            n1: 2952 0x5F0BEE7: __pthread_once_slow (pthread_once.c:116)
             n1: 2952 0x625E1EC: CRYPTO_THREAD_run_once (in /usr/lib/x86_64-linux-gnu/libcrypto.so.3)
              n1: 2952 0x625B155: OPENSSL_init_crypto (in /usr/lib/x86_64-linux-gnu/libcrypto.so.3)
               n1: 2952 0x63307AC: ??? (in /usr/lib/x86_64-linux-gnu/libcrypto.so.3)
                n1: 2952 0x62853A4: RAND_get_rand_method (in /usr/lib/x86_64-linux-gnu/libcrypto.so.3)
                 n1: 2952 0x6285EC9: RAND_status (in /usr/lib/x86_64-linux-gnu/libcrypto.so.3)
                  n1: 2952 0x5C962CF: OQS_randombytes_openssl (in /home/anss/random/bench/install/lib/liboqs.so.0.15.0)
                   n1: 2952 0x4ADF96C: PQCP_MLKEM_NATIVE_MLKEM512_X86_64_keypair (in /home/anss/random/bench/install/lib/liboqs.so.0.15.0)
                    n0: 2952 0x1092FB: main (in /home/anss/random/bench/mem_kem)
    n1: 2760 0x6259801: ??? (in /usr/lib/x86_64-linux-gnu/libcrypto.so.3)
     n1: 2760 0x5F0BEE7: __pthread_once_slow (pthread_once.c:116)
      n1: 2760 0x625E1EC: CRYPTO_THREAD_run_once (in /usr/lib/x86_64-linux-gnu/libcrypto.so.3)
       n1: 2760 0x625AEE2: OPENSSL_init_crypto (in /usr/lib/x86_64-linux-gnu/libcrypto.so.3)
        n1: 2760 0x6208686: ??? (in /usr/lib/x86_64-linux-gnu/libcrypto.so.3)
         n1: 2760 0x620904C: ERR_set_mark (in /usr/lib/x86_64-linux-gnu/libcrypto.so.3)
          n1: 2760 0x61B5451: CONF_modules_load_file_ex (in /usr/lib/x86_64-linux-gnu/libcrypto.so.3)
           n1: 2760 0x625A6EF: ??? (in /usr/lib/x86_64-linux-gnu/libcrypto.so.3)
            n1: 2760 0x5F0BEE7: __pthread_once_slow (pthread_once.c:116)
             n1: 2760 0x625E1EC: CRYPTO_THREAD_run_once (in /usr/lib/x86_64-linux-gnu/libcrypto.so.3)
              n1: 2760 0x625B155: OPENSSL_init_crypto (in /usr/lib/x86_64-linux-gnu/libcrypto.so.3)
               n1: 2760 0x63307AC: ??? (in /usr/lib/x86_64-linux-gnu/libcrypto.so.3)
                n1: 2760 0x62853A4: RAND_get_rand_method (in /usr/lib/x86_64-linux-gnu/libcrypto.so.3)
                 n1: 2760 0x6285EC9: RAND_status (in /usr/lib/x86_64-linux-gnu/libcrypto.so.3)
                  n1: 2760 0x5C962CF: OQS_randombytes_openssl (in /home/anss/random/bench/install/lib/liboqs.so.0.15.0)
                   n1: 2760 0x4ADF96C: PQCP_MLKEM_NATIVE_MLKEM512_X86_64_keypair (in /home/anss/random/bench/install/lib/liboqs.so.0.15.0)
                    n0: 2760 0x1092FB: main (in /home/anss/random/bench/mem_kem)
    n1: 2616 0x625979B: ??? (in /usr/lib/x86_64-linux-gnu/libcrypto.so.3)
     n1: 2616 0x5F0BEE7: __pthread_once_slow (pthread_once.c:116)
      n1: 2616 0x625E1EC: CRYPTO_THREAD_run_once (in /usr/lib/x86_64-linux-gnu/libcrypto.so.3)
       n1: 2616 0x625AEE2: OPENSSL_init_crypto (in /usr/lib/x86_64-linux-gnu/libcrypto.so.3)
        n1: 2616 0x6208686: ??? (in /usr/lib/x86_64-linux-gnu/libcrypto.so.3)
         n1: 2616 0x620904C: ERR_set_mark (in /usr/lib/x86_64-linux-gnu/libcrypto.so.3)
          n1: 2616 0x61B5451: CONF_modules_load_file_ex (in /usr/lib/x86_64-linux-gnu/libcrypto.so.3)
           n1: 2616 0x625A6EF: ??? (in /usr/lib/x86_64-linux-gnu/libcrypto.so.3)
            n1: 2616 0x5F0BEE7: __pthread_once_slow (pthread_once.c:116)
             n1: 2616 0x625E1EC: CRYPTO_THREAD_run_once (in /usr/lib/x86_64-linux-gnu/libcrypto.so.3)
              n1: 2616 0x625B155: OPENSSL_init_crypto (in /usr/lib/x86_64-linux-gnu/libcrypto.so.3)
               n1: 2616 0x63307AC: ??? (in /usr/lib/x86_64-linux-gnu/libcrypto.so.3)
                n1: 2616 0x62853A4: RAND_get_rand_method (in /usr/lib/x86_64-linux-gnu/libcrypto.so.3)
                 n1: 2616 0x6285EC9: RAND_status (in /usr/lib/x86_64-linux-gnu/libcrypto.so.3)
                  n1: 2616 0x5C962CF: OQS_randombytes_openssl (in /home/anss/random/bench/install/lib/liboqs.so.0.15.0)
                   n1: 2616 0x4ADF96C: PQCP_MLKEM_NATIVE_MLKEM512_X86_64_keypair (in /home/anss/random/bench/install/lib/liboqs.so.0.15.0)
                    n0: 2616 0x1092FB: main (in /home/anss/random/bench/mem_kem)
    n1: 2304 0x6259845: ??? (in /usr/lib/x86_64-linux-gnu/libcrypto.so.3)
     n1: 2304 0x5F0BEE7: __pthread_once_slow (pthread_once.c:116)
      n1: 2304 0x625E1EC: CRYPTO_THREAD_run_once (in /usr/lib/x86_64-linux-gnu/libcrypto.so.3)
       n1: 2304 0x625AEE2: OPENSSL_init_crypto (in /usr/lib/x86_64-linux-gnu/libcrypto.so.3)
        n1: 2304 0x6208686: ??? (in /usr/lib/x86_64-linux-gnu/libcrypto.so.3)
         n1: 2304 0x620904C: ERR_set_mark (in /usr/lib/x86_64-linux-gnu/libcrypto.so.3)
          n1: 2304 0x61B5451: CONF_modules_load_file_ex (in /usr/lib/x86_64-linux-gnu/libcrypto.so.3)
           n1: 2304 0x625A6EF: ??? (in /usr/lib/x86_64-linux-gnu/libcrypto.so.3)
            n1: 2304 0x5F0BEE7: __pthread_once_slow (pthread_once.c:116)
             n1: 2304 0x625E1EC: CRYPTO_THREAD_run_once (in /usr/lib/x86_64-linux-gnu/libcrypto.so.3)
              n1: 2304 0x625B155: OPENSSL_init_crypto (in /usr/lib/x86_64-linux-gnu/libcrypto.so.3)
               n1: 2304 0x63307AC: ??? (in /usr/lib/x86_64-linux-gnu/libcrypto.so.3)
                n1: 2304 0x62853A4: RAND_get_rand_method (in /usr/lib/x86_64-linux-gnu/libcrypto.so.3)
                 n1: 2304 0x6285EC9: RAND_status (in /usr/lib/x86_64-linux-gnu/libcrypto.so.3)
                  n1: 2304 0x5C962CF: OQS_randombytes_openssl (in /home/anss/random/bench/install/lib/liboqs.so.0.15.0)
                   n1: 2304 0x4ADF96C: PQCP_MLKEM_NATIVE_MLKEM512_X86_64_keypair (in /home/anss/random/bench/install/lib/liboqs.so.0.15.0)
                    n0: 2304 0x1092FB: main (in /home/anss/random/bench/mem_kem)
    n1: 2016 0x6259823: ??? (in /usr/lib/x86_64-linux-gnu/libcrypto.so.3)
     n1: 2016 0x5F0BEE7: __pthread_once_slow (pthread_once.c:116)
      n1: 2016 0x625E1EC: CRYPTO_THREAD_run_once (in /usr/lib/x86_64-linux-gnu/libcrypto.so.3)
       n1: 2016 0x625AEE2: OPENSSL_init_crypto (in /usr/lib/x86_64-linux-gnu/libcrypto.so.3)
        n1: 2016 0x6208686: ??? (in /usr/lib/x86_64-linux-gnu/libcrypto.so.3)
         n1: 2016 0x620904C: ERR_set_mark (in /usr/lib/x86_64-linux-gnu/libcrypto.so.3)
          n1: 2016 0x61B5451: CONF_modules_load_file_ex (in /usr/lib/x86_64-linux-gnu/libcrypto.so.3)
           n1: 2016 0x625A6EF: ??? (in /usr/lib/x86_64-linux-gnu/libcrypto.so.3)
            n1: 2016 0x5F0BEE7: __pthread_once_slow (pthread_once.c:116)
             n1: 2016 0x625E1EC: CRYPTO_THREAD_run_once (in /usr/lib/x86_64-linux-gnu/libcrypto.so.3)
              n1: 2016 0x625B155: OPENSSL_init_crypto (in /usr/lib/x86_64-linux-gnu/libcrypto.so.3)
               n1: 2016 0x63307AC: ??? (in /usr/lib/x86_64-linux-gnu/libcrypto.so.3)
                n1: 2016 0x62853A4: RAND_get_rand_method (in /usr/lib/x86_64-linux-gnu/libcrypto.so.3)
                 n1: 2016 0x6285EC9: RAND_status (in /usr/lib/x86_64-linux-gnu/libcrypto.so.3)
                  n1: 2016 0x5C962CF: OQS_randombytes_openssl (in /home/anss/random/bench/install/lib/liboqs.so.0.15.0)
                   n1: 2016 0x4ADF96C: PQCP_MLKEM_NATIVE_MLKEM512_X86_64_keypair (in /home/anss/random/bench/install/lib/liboqs.so.0.15.0)
                    n0: 2016 0x1092FB: main (in /home/anss/random/bench/mem_kem)
    n1: 1968 0x6259783: ??? (in /usr/lib/x86_64-linux-gnu/libcrypto.so.3)
     n1: 1968 0x5F0BEE7: __pthread_once_slow (pthread_once.c:116)
      n1: 1968 0x625E1EC: CRYPTO_THREAD_run_once (in /usr/lib/x86_64-linux-gnu/libcrypto.so.3)
       n1: 1968 0x625AEE2: OPENSSL_init_crypto (in /usr/lib/x86_64-linux-gnu/libcrypto.so.3)
        n1: 1968 0x6208686: ??? (in /usr/lib/x86_64-linux-gnu/libcrypto.so.3)
         n1: 1968 0x620904C: ERR_set_mark (in /usr/lib/x86_64-linux-gnu/libcrypto.so.3)
          n1: 1968 0x61B5451: CONF_modules_load_file_ex (in /usr/lib/x86_64-linux-gnu/libcrypto.so.3)
           n1: 1968 0x625A6EF: ??? (in /usr/lib/x86_64-linux-gnu/libcrypto.so.3)
            n1: 1968 0x5F0BEE7: __pthread_once_slow (pthread_once.c:116)
             n1: 1968 0x625E1EC: CRYPTO_THREAD_run_once (in /usr/lib/x86_64-linux-gnu/libcrypto.so.3)
              n1: 1968 0x625B155: OPENSSL_init_crypto (in /usr/lib/x86_64-linux-gnu/libcrypto.so.3)
               n1: 1968 0x63307AC: ??? (in /usr/lib/x86_64-linux-gnu/libcrypto.so.3)
                n1: 1968 0x62853A4: RAND_get_rand_method (in /usr/lib/x86_64-linux-gnu/libcrypto.so.3)
                 n1: 1968 0x6285EC9: RAND_status (in /usr/lib/x86_64-linux-gnu/libcrypto.so.3)
                  n1: 1968 0x5C962CF: OQS_randombytes_openssl (in /home/anss/random/bench/install/lib/liboqs.so.0.15.0)
                   n1: 1968 0x4ADF96C: PQCP_MLKEM_NATIVE_MLKEM512_X86_64_keypair (in /home/anss/random/bench/install/lib/liboqs.so.0.15.0)
                    n0: 1968 0x1092FB: main (in /home/anss/random/bench/mem_kem)
    n1: 1776 0x62598CD: ??? (in /usr/lib/x86_64-linux-gnu/libcrypto.so.3)
     n1: 1776 0x5F0BEE7: __pthread_once_slow (pthread_once.c:116)
      n1: 1776 0x625E1EC: CRYPTO_THREAD_run_once (in /usr/lib/x86_64-linux-gnu/libcrypto.so.3)
       n1: 1776 0x625AEE2: OPENSSL_init_crypto (in /usr/lib/x86_64-linux-gnu/libcrypto.so.3)
        n1: 1776 0x6208686: ??? (in /usr/lib/x86_64-linux-gnu/libcrypto.so.3)
         n1: 1776 0x620904C: ERR_set_mark (in /usr/lib/x86_64-linux-gnu/libcrypto.so.3)
          n1: 1776 0x61B5451: CONF_modules_load_file_ex (in /usr/lib/x86_64-linux-gnu/libcrypto.so.3)
           n1: 1776 0x625A6EF: ??? (in /usr/lib/x86_64-linux-gnu/libcrypto.so.3)
            n1: 1776 0x5F0BEE7: __pthread_once_slow (pthread_once.c:116)
             n1: 1776 0x625E1EC: CRYPTO_THREAD_run_once (in /usr/lib/x86_64-linux-gnu/libcrypto.so.3)
              n1: 1776 0x625B155: OPENSSL_init_crypto (in /usr/lib/x86_64-linux-gnu/libcrypto.so.3)
               n1: 1776 0x63307AC: ??? (in /usr/lib/x86_64-linux-gnu/libcrypto.so.3)
                n1: 1776 0x62853A4: RAND_get_rand_method (in /usr/lib/x86_64-linux-gnu/libcrypto.so.3)
                 n1: 1776 0x6285EC9: RAND_status (in /usr/lib/x86_64-linux-gnu/libcrypto.so.3)
                  n1: 1776 0x5C962CF: OQS_randombytes_openssl (in /home/anss/random/bench/install/lib/liboqs.so.0.15.0)
                   n1: 1776 0x4ADF96C: PQCP_MLKEM_NATIVE_MLKEM512_X86_64_keypair (in /home/anss/random/bench/install/lib/liboqs.so.0.15.0)
                    n0: 1776 0x1092FB: main (in /home/anss/random/bench/mem_kem)
    n1: 1632 0x625989A: ??? (in /usr/lib/x86_64-linux-gnu/libcrypto.so.3)
     n1: 1632 0x5F0BEE7: __pthread_once_slow (pthread_once.c:116)
      n1: 1632 0x625E1EC: CRYPTO_THREAD_run_once (in /usr/lib/x86_64-linux-gnu/libcrypto.so.3)
       n1: 1632 0x625AEE2: OPENSSL_init_crypto (in /usr/lib/x86_64-linux-gnu/libcrypto.so.3)
        n1: 1632 0x6208686: ??? (in /usr/lib/x86_64-linux-gnu/libcrypto.so.3)
         n1: 1632 0x620904C: ERR_set_mark (in /usr/lib/x86_64-linux-gnu/libcrypto.so.3)
          n1: 1632 0x61B5451: CONF_modules_load_file_ex (in /usr/lib/x86_64-linux-gnu/libcrypto.so.3)
           n1: 1632 0x625A6EF: ??? (in /usr/lib/x86_64-linux-gnu/libcrypto.so.3)
            n1: 1632 0x5F0BEE7: __pthread_once_slow (pthread_once.c:116)
             n1: 1632 0x625E1EC: CRYPTO_THREAD_run_once (in /usr/lib/x86_64-linux-gnu/libcrypto.so.3)
              n1: 1632 0x625B155: OPENSSL_init_crypto (in /usr/lib/x86_64-linux-gnu/libcrypto.so.3)
               n1: 1632 0x63307AC: ??? (in /usr/lib/x86_64-linux-gnu/libcrypto.so.3)
                n1: 1632 0x62853A4: RAND_get_rand_method (in /usr/lib/x86_64-linux-gnu/libcrypto.so.3)
                 n1: 1632 0x6285EC9: RAND_status (in /usr/lib/x86_64-linux-gnu/libcrypto.so.3)
                  n1: 1632 0x5C962CF: OQS_randombytes_openssl (in /home/anss/random/bench/install/lib/liboqs.so.0.15.0)
                   n1: 1632 0x4ADF96C: PQCP_MLKEM_NATIVE_MLKEM512_X86_64_keypair (in /home/anss/random/bench/install/lib/liboqs.so.0.15.0)
                    n0: 1632 0x1092FB: main (in /home/anss/random/bench/mem_kem)
    n1: 1032 0x62597DF: ??? (in /usr/lib/x86_64-linux-gnu/libcrypto.so.3)
     n1: 1032 0x5F0BEE7: __pthread_once_slow (pthread_once.c:116)
      n1: 1032 0x625E1EC: CRYPTO_THREAD_run_once (in /usr/lib/x86_64-linux-gnu/libcrypto.so.3)
       n1: 1032 0x625AEE2: OPENSSL_init_crypto (in /usr/lib/x86_64-linux-gnu/libcrypto.so.3)
        n1: 1032 0x6208686: ??? (in /usr/lib/x86_64-linux-gnu/libcrypto.so.3)
         n1: 1032 0x620904C: ERR_set_mark (in /usr/lib/x86_64-linux-gnu/libcrypto.so.3)
          n1: 1032 0x61B5451: CONF_modules_load_file_ex (in /usr/lib/x86_64-linux-gnu/libcrypto.so.3)
           n1: 1032 0x625A6EF: ??? (in /usr/lib/x86_64-linux-gnu/libcrypto.so.3)
            n1: 1032 0x5F0BEE7: __pthread_once_slow (pthread_once.c:116)
             n1: 1032 0x625E1EC: CRYPTO_THREAD_run_once (in /usr/lib/x86_64-linux-gnu/libcrypto.so.3)
              n1: 1032 0x625B155: OPENSSL_init_crypto (in /usr/lib/x86_64-linux-gnu/libcrypto.so.3)
               n1: 1032 0x63307AC: ??? (in /usr/lib/x86_64-linux-gnu/libcrypto.so.3)
                n1: 1032 0x62853A4: RAND_get_rand_method (in /usr/lib/x86_64-linux-gnu/libcrypto.so.3)
                 n1: 1032 0x6285EC9: RAND_status (in /usr/lib/x86_64-linux-gnu/libcrypto.so.3)
                  n1: 1032 0x5C962CF: OQS_randombytes_openssl (in /home/anss/random/bench/install/lib/liboqs.so.0.15.0)
                   n1: 1032 0x4ADF96C: PQCP_MLKEM_NATIVE_MLKEM512_X86_64_keypair (in /home/anss/random/bench/install/lib/liboqs.so.0.15.0)
                    n0: 1032 0x1092FB: main (in /home/anss/random/bench/mem_kem)
    n1: 1032 0x6259944: ??? (in /usr/lib/x86_64-linux-gnu/libcrypto.so.3)
     n1: 1032 0x5F0BEE7: __pthread_once_slow (pthread_once.c:116)
      n1: 1032 0x625E1EC: CRYPTO_THREAD_run_once (in /usr/lib/x86_64-linux-gnu/libcrypto.so.3)
       n1: 1032 0x625AEE2: OPENSSL_init_crypto (in /usr/lib/x86_64-linux-gnu/libcrypto.so.3)
        n1: 1032 0x6208686: ??? (in /usr/lib/x86_64-linux-gnu/libcrypto.so.3)
         n1: 1032 0x620904C: ERR_set_mark (in /usr/lib/x86_64-linux-gnu/libcrypto.so.3)
          n1: 1032 0x61B5451: CONF_modules_load_file_ex (in /usr/lib/x86_64-linux-gnu/libcrypto.so.3)
           n1: 1032 0x625A6EF: ??? (in /usr/lib/x86_64-linux-gnu/libcrypto.so.3)
            n1: 1032 0x5F0BEE7: __pthread_once_slow (pthread_once.c:116)
             n1: 1032 0x625E1EC: CRYPTO_THREAD_run_once (in /usr/lib/x86_64-linux-gnu/libcrypto.so.3)
              n1: 1032 0x625B155: OPENSSL_init_crypto (in /usr/lib/x86_64-linux-gnu/libcrypto.so.3)
               n1: 1032 0x63307AC: ??? (in /usr/lib/x86_64-linux-gnu/libcrypto.so.3)
                n1: 1032 0x62853A4: RAND_get_rand_method (in /usr/lib/x86_64-linux-gnu/libcrypto.so.3)
                 n1: 1032 0x6285EC9: RAND_status (in /usr/lib/x86_64-linux-gnu/libcrypto.so.3)
                  n1: 1032 0x5C962CF: OQS_randombytes_openssl (in /home/anss/random/bench/install/lib/liboqs.so.0.15.0)
                   n1: 1032 0x4ADF96C: PQCP_MLKEM_NATIVE_MLKEM512_X86_64_keypair (in /home/anss/random/bench/install/lib/liboqs.so.0.15.0)
                    n0: 1032 0x1092FB: main (in /home/anss/random/bench/mem_kem)
   n1: 1032 0x625947B: ??? (in /usr/lib/x86_64-linux-gnu/libcrypto.so.3)
    n1: 1032 0x5F0BEE7: __pthread_once_slow (pthread_once.c:116)
     n1: 1032 0x625E1EC: CRYPTO_THREAD_run_once (in /usr/lib/x86_64-linux-gnu/libcrypto.so.3)
      n1: 1032 0x625AEE2: OPENSSL_init_crypto (in /usr/lib/x86_64-linux-gnu/libcrypto.so.3)
       n1: 1032 0x6208686: ??? (in /usr/lib/x86_64-linux-gnu/libcrypto.so.3)
        n1: 1032 0x620904C: ERR_set_mark (in /usr/lib/x86_64-linux-gnu/libcrypto.so.3)
         n1: 1032 0x61B5451: CONF_modules_load_file_ex (in /usr/lib/x86_64-linux-gnu/libcrypto.so.3)
          n1: 1032 0x625A6EF: ??? (in /usr/lib/x86_64-linux-gnu/libcrypto.so.3)
           n1: 1032 0x5F0BEE7: __pthread_once_slow (pthread_once.c:116)
            n1: 1032 0x625E1EC: CRYPTO_THREAD_run_once (in /usr/lib/x86_64-linux-gnu/libcrypto.so.3)
             n1: 1032 0x625B155: OPENSSL_init_crypto (in /usr/lib/x86_64-linux-gnu/libcrypto.so.3)
              n1: 1032 0x63307AC: ??? (in /usr/lib/x86_64-linux-gnu/libcrypto.so.3)
               n1: 1032 0x62853A4: RAND_get_rand_method (in /usr/lib/x86_64-linux-gnu/libcrypto.so.3)
                n1: 1032 0x6285EC9: RAND_status (in /usr/lib/x86_64-linux-gnu/libcrypto.so.3)
                 n1: 1032 0x5C962CF: OQS_randombytes_openssl (in /home/anss/random/bench/install/lib/liboqs.so.0.15.0)
                  n1: 1032 0x4ADF96C: PQCP_MLKEM_NATIVE_MLKEM512_X86_64_keypair (in /home/anss/random/bench/install/lib/liboqs.so.0.15.0)
                   n0: 1032 0x1092FB: main (in /home/anss/random/bench/mem_kem)
   n0: 936 in 1 place, below massif's threshold (1.00%)
  n1: 2424 0x61B3E47: ??? (in /usr/lib/x86_64-linux-gnu/libcrypto.so.3)
   n1: 2424 0x61B46D3: ??? (in /usr/lib/x86_64-linux-gnu/libcrypto.so.3)
    n1: 2424 0x61B5321: CONF_modules_load_file_ex (in /usr/lib/x86_64-linux-gnu/libcrypto.so.3)
     n1: 2424 0x625A6EF: ??? (in /usr/lib/x86_64-linux-gnu/libcrypto.so.3)
      n1: 2424 0x5F0BEE7: __pthread_once_slow (pthread_once.c:116)
       n1: 2424 0x625E1EC: CRYPTO_THREAD_run_once (in /usr/lib/x86_64-linux-gnu/libcrypto.so.3)
        n1: 2424 0x625B155: OPENSSL_init_crypto (in /usr/lib/x86_64-linux-gnu/libcrypto.so.3)
         n1: 2424 0x63307AC: ??? (in /usr/lib/x86_64-linux-gnu/libcrypto.so.3)
          n1: 2424 0x62853A4: RAND_get_rand_method (in /usr/lib/x86_64-linux-gnu/libcrypto.so.3)
           n1: 2424 0x6285EC9: RAND_status (in /usr/lib/x86_64-linux-gnu/libcrypto.so.3)
            n1: 2424 0x5C962CF: OQS_randombytes_openssl (in /home/anss/random/bench/install/lib/liboqs.so.0.15.0)
             n1: 2424 0x4ADF96C: PQCP_MLKEM_NATIVE_MLKEM512_X86_64_keypair (in /home/anss/random/bench/install/lib/liboqs.so.0.15.0)
              n0: 2424 0x1092FB: main (in /home/anss/random/bench/mem_kem)
  n0: 672 in 2 places, all below massif's threshold (1.00%)
 n2: 8704 0x62485D3: OPENSSL_LH_insert (in /usr/lib/x86_64-linux-gnu/libcrypto.so.3)
  n2: 8192 0x6339B72: ??? (in /usr/lib/x86_64-linux-gnu/libcrypto.so.3)
   n2: 8192 0x6206BEF: ERR_load_strings_const (in /usr/lib/x86_64-linux-gnu/libcrypto.so.3)
    n1: 8192 0x62598DE: ??? (in /usr/lib/x86_64-linux-gnu/libcrypto.so.3)
     n1: 8192 0x5F0BEE7: __pthread_once_slow (pthread_once.c:116)
      n1: 8192 0x625E1EC: CRYPTO_THREAD_run_once (in /usr/lib/x86_64-linux-gnu/libcrypto.so.3)
       n1: 8192 0x625AEE2: OPENSSL_init_crypto (in /usr/lib/x86_64-linux-gnu/libcrypto.so.3)
        n1: 8192 0x6208686: ??? (in /usr/lib/x86_64-linux-gnu/libcrypto.so.3)
         n1: 8192 0x620904C: ERR_set_mark (in /usr/lib/x86_64-linux-gnu/libcrypto.so.3)
          n1: 8192 0x61B5451: CONF_modules_load_file_ex (in /usr/lib/x86_64-linux-gnu/libcrypto.so.3)
           n1: 8192 0x625A6EF: ??? (in /usr/lib/x86_64-linux-gnu/libcrypto.so.3)
            n1: 8192 0x5F0BEE7: __pthread_once_slow (pthread_once.c:116)
             n1: 8192 0x625E1EC: CRYPTO_THREAD_run_once (in /usr/lib/x86_64-linux-gnu/libcrypto.so.3)
              n1: 8192 0x625B155: OPENSSL_init_crypto (in /usr/lib/x86_64-linux-gnu/libcrypto.so.3)
               n1: 8192 0x63307AC: ??? (in /usr/lib/x86_64-linux-gnu/libcrypto.so.3)
                n1: 8192 0x62853A4: RAND_get_rand_method (in /usr/lib/x86_64-linux-gnu/libcrypto.so.3)
                 n1: 8192 0x6285EC9: RAND_status (in /usr/lib/x86_64-linux-gnu/libcrypto.so.3)
                  n1: 8192 0x5C962CF: OQS_randombytes_openssl (in /home/anss/random/bench/install/lib/liboqs.so.0.15.0)
                   n1: 8192 0x4ADF96C: PQCP_MLKEM_NATIVE_MLKEM512_X86_64_keypair (in /home/anss/random/bench/install/lib/liboqs.so.0.15.0)
                    n0: 8192 0x1092FB: main (in /home/anss/random/bench/mem_kem)
    n0: 0 in 3 places, all below massif's threshold (1.00%)
   n0: 0 in 2 places, all below massif's threshold (1.00%)
  n0: 512 in 1 place, below massif's threshold (1.00%)
 n2: 4960 0x6252C3D: CRYPTO_zalloc (in /usr/lib/x86_64-linux-gnu/libcrypto.so.3)
  n0: 3336 in 10 places, all below massif's threshold (1.00%)
  n2: 1624 0x625E073: CRYPTO_THREAD_lock_new (in /usr/lib/x86_64-linux-gnu/libcrypto.so.3)
   n1: 1064 0x6251862: ??? (in /usr/lib/x86_64-linux-gnu/libcrypto.so.3)
    n1: 1064 0x6251A5C: ??? (in /usr/lib/x86_64-linux-gnu/libcrypto.so.3)
     n1: 1064 0x5F0BEE7: __pthread_once_slow (pthread_once.c:116)
      n1: 1064 0x625E1EC: CRYPTO_THREAD_run_once (in /usr/lib/x86_64-linux-gnu/libcrypto.so.3)
       n1: 1064 0x6256D72: ??? (in /usr/lib/x86_64-linux-gnu/libcrypto.so.3)
        n1: 1064 0x6176BA3: BIO_new_ex (in /usr/lib/x86_64-linux-gnu/libcrypto.so.3)
         n1: 1064 0x617D385: BIO_new_file (in /usr/lib/x86_64-linux-gnu/libcrypto.so.3)
          n1: 1064 0x61B46BD: ??? (in /usr/lib/x86_64-linux-gnu/libcrypto.so.3)
           n1: 1064 0x61B5321: CONF_modules_load_file_ex (in /usr/lib/x86_64-linux-gnu/libcrypto.so.3)
            n1: 1064 0x625A6EF: ??? (in /usr/lib/x86_64-linux-gnu/libcrypto.so.3)
             n1: 1064 0x5F0BEE7: __pthread_once_slow (pthread_once.c:116)
              n1: 1064 0x625E1EC: CRYPTO_THREAD_run_once (in /usr/lib/x86_64-linux-gnu/libcrypto.so.3)
               n1: 1064 0x625B155: OPENSSL_init_crypto (in /usr/lib/x86_64-linux-gnu/libcrypto.so.3)
                n1: 1064 0x63307AC: ??? (in /usr/lib/x86_64-linux-gnu/libcrypto.so.3)
                 n1: 1064 0x62853A4: RAND_get_rand_method (in /usr/lib/x86_64-linux-gnu/libcrypto.so.3)
                  n1: 1064 0x6285EC9: RAND_status (in /usr/lib/x86_64-linux-gnu/libcrypto.so.3)
                   n1: 1064 0x5C962CF: OQS_randombytes_openssl (in /home/anss/random/bench/install/lib/liboqs.so.0.15.0)
                    n1: 1064 0x4ADF96C: PQCP_MLKEM_NATIVE_MLKEM512_X86_64_keypair (in /home/anss/random/bench/install/lib/liboqs.so.0.15.0)
                     n0: 1064 0x1092FB: main (in /home/anss/random/bench/mem_kem)
   n0: 560 in 10 places, all below massif's threshold (1.00%)
 n1: 4096 0x5EF0BA3: _IO_file_doallocate (filedoalloc.c:101)
  n1: 4096 0x5EFFCDF: _IO_doallocbuf (genops.c:347)
   n1: 4096 0x5EFECDB: _IO_file_underflow@@GLIBC_2.2.5 (fileops.c:485)
    n1: 4096 0x5EFFD95: _IO_default_uflow (genops.c:362)
     n1: 4096 0x5EF241B: _IO_getline_info (iogetline.c:60)
      n1: 4096 0x5FA7248: __fgets_chk (fgets_chk.c:45)
       n1: 4096 0x61784AD: ??? (in /usr/lib/x86_64-linux-gnu/libcrypto.so.3)
        n1: 4096 0x61718B0: BIO_gets (in /usr/lib/x86_64-linux-gnu/libcrypto.so.3)
         n1: 4096 0x61B3427: ??? (in /usr/lib/x86_64-linux-gnu/libcrypto.so.3)
          n1: 4096 0x61B46D3: ??? (in /usr/lib/x86_64-linux-gnu/libcrypto.so.3)
           n1: 4096 0x61B5321: CONF_modules_load_file_ex (in /usr/lib/x86_64-linux-gnu/libcrypto.so.3)
            n1: 4096 0x625A6EF: ??? (in /usr/lib/x86_64-linux-gnu/libcrypto.so.3)
             n1: 4096 0x5F0BEE7: __pthread_once_slow (pthread_once.c:116)
              n1: 4096 0x625E1EC: CRYPTO_THREAD_run_once (in /usr/lib/x86_64-linux-gnu/libcrypto.so.3)
               n1: 4096 0x625B155: OPENSSL_init_crypto (in /usr/lib/x86_64-linux-gnu/libcrypto.so.3)
                n1: 4096 0x63307AC: ??? (in /usr/lib/x86_64-linux-gnu/libcrypto.so.3)
                 n1: 4096 0x62853A4: RAND_get_rand_method (in /usr/lib/x86_64-linux-gnu/libcrypto.so.3)
                  n1: 4096 0x6285EC9: RAND_status (in /usr/lib/x86_64-linux-gnu/libcrypto.so.3)
                   n1: 4096 0x5C962CF: OQS_randombytes_openssl (in /home/anss/random/bench/install/lib/liboqs.so.0.15.0)
                    n1: 4096 0x4ADF96C: PQCP_MLKEM_NATIVE_MLKEM512_X86_64_keypair (in /home/anss/random/bench/install/lib/liboqs.so.0.15.0)
                     n0: 4096 0x1092FB: main (in /home/anss/random/bench/mem_kem)
 n0: 3902 in 14 places, all below massif's threshold (1.00%)
 n2: 2784 0x6191F05: BUF_MEM_grow (in /usr/lib/x86_64-linux-gnu/libcrypto.so.3)
  n2: 2100 0x61B2BC6: ??? (in /usr/lib/x86_64-linux-gnu/libcrypto.so.3)
   n1: 2088 0x61B3DBE: ??? (in /usr/lib/x86_64-linux-gnu/libcrypto.so.3)
    n1: 2088 0x61B46D3: ??? (in /usr/lib/x86_64-linux-gnu/libcrypto.so.3)
     n1: 2088 0x61B5321: CONF_modules_load_file_ex (in /usr/lib/x86_64-linux-gnu/libcrypto.so.3)
      n1: 2088 0x625A6EF: ??? (in /usr/lib/x86_64-linux-gnu/libcrypto.so.3)
       n1: 2088 0x5F0BEE7: __pthread_once_slow (pthread_once.c:116)
        n1: 2088 0x625E1EC: CRYPTO_THREAD_run_once (in /usr/lib/x86_64-linux-gnu/libcrypto.so.3)
         n1: 2088 0x625B155: OPENSSL_init_crypto (in /usr/lib/x86_64-linux-gnu/libcrypto.so.3)
          n1: 2088 0x63307AC: ??? (in /usr/lib/x86_64-linux-gnu/libcrypto.so.3)
           n1: 2088 0x62853A4: RAND_get_rand_method (in /usr/lib/x86_64-linux-gnu/libcrypto.so.3)
            n1: 2088 0x6285EC9: RAND_status (in /usr/lib/x86_64-linux-gnu/libcrypto.so.3)
             n1: 2088 0x5C962CF: OQS_randombytes_openssl (in /home/anss/random/bench/install/lib/liboqs.so.0.15.0)
              n1: 2088 0x4ADF96C: PQCP_MLKEM_NATIVE_MLKEM512_X86_64_keypair (in /home/anss/random/bench/install/lib/liboqs.so.0.15.0)
               n0: 2088 0x1092FB: main (in /home/anss/random/bench/mem_kem)
   n0: 12 in 1 place, below massif's threshold (1.00%)
  n0: 684 in 1 place, below massif's threshold (1.00%)
 n1: 2448 0x61B3D71: ??? (in /usr/lib/x86_64-linux-gnu/libcrypto.so.3)
  n1: 2448 0x61B46D3: ??? (in /usr/lib/x86_64-linux-gnu/libcrypto.so.3)
   n1: 2448 0x61B5321: CONF_modules_load_file_ex (in /usr/lib/x86_64-linux-gnu/libcrypto.so.3)
    n1: 2448 0x625A6EF: ??? (in /usr/lib/x86_64-linux-gnu/libcrypto.so.3)
     n1: 2448 0x5F0BEE7: __pthread_once_slow (pthread_once.c:116)
      n1: 2448 0x625E1EC: CRYPTO_THREAD_run_once (in /usr/lib/x86_64-linux-gnu/libcrypto.so.3)
       n1: 2448 0x625B155: OPENSSL_init_crypto (in /usr/lib/x86_64-linux-gnu/libcrypto.so.3)
        n1: 2448 0x63307AC: ??? (in /usr/lib/x86_64-linux-gnu/libcrypto.so.3)
         n1: 2448 0x62853A4: RAND_get_rand_method (in /usr/lib/x86_64-linux-gnu/libcrypto.so.3)
          n1: 2448 0x6285EC9: RAND_status (in /usr/lib/x86_64-linux-gnu/libcrypto.so.3)
           n1: 2448 0x5C962CF: OQS_randombytes_openssl (in /home/anss/random/bench/install/lib/liboqs.so.0.15.0)
            n1: 2448 0x4ADF96C: PQCP_MLKEM_NATIVE_MLKEM512_X86_64_keypair (in /home/anss/random/bench/install/lib/liboqs.so.0.15.0)
             n0: 2448 0x1092FB: main (in /home/anss/random/bench/mem_kem)
 n0: 1632 0x109277: main (in /home/anss/random/bench/mem_kem)
 n2: 1440 0x6253BCA: CRYPTO_strdup (in /usr/lib/x86_64-linux-gnu/libcrypto.so.3)
  n1: 1440 0x61B3D94: ??? (in /usr/lib/x86_64-linux-gnu/libcrypto.so.3)
   n1: 1440 0x61B46D3: ??? (in /usr/lib/x86_64-linux-gnu/libcrypto.so.3)
    n1: 1440 0x61B5321: CONF_modules_load_file_ex (in /usr/lib/x86_64-linux-gnu/libcrypto.so.3)
     n1: 1440 0x625A6EF: ??? (in /usr/lib/x86_64-linux-gnu/libcrypto.so.3)
      n1: 1440 0x5F0BEE7: __pthread_once_slow (pthread_once.c:116)
       n1: 1440 0x625E1EC: CRYPTO_THREAD_run_once (in /usr/lib/x86_64-linux-gnu/libcrypto.so.3)
        n1: 1440 0x625B155: OPENSSL_init_crypto (in /usr/lib/x86_64-linux-gnu/libcrypto.so.3)
         n1: 1440 0x63307AC: ??? (in /usr/lib/x86_64-linux-gnu/libcrypto.so.3)
          n1: 1440 0x62853A4: RAND_get_rand_method (in /usr/lib/x86_64-linux-gnu/libcrypto.so.3)
           n1: 1440 0x6285EC9: RAND_status (in /usr/lib/x86_64-linux-gnu/libcrypto.so.3)
            n1: 1440 0x5C962CF: OQS_randombytes_openssl (in /home/anss/random/bench/install/lib/liboqs.so.0.15.0)
             n1: 1440 0x4ADF96C: PQCP_MLKEM_NATIVE_MLKEM512_X86_64_keypair (in /home/anss/random/bench/install/lib/liboqs.so.0.15.0)
              n0: 1440 0x1092FB: main (in /home/anss/random/bench/mem_kem)
  n0: 0 in 1 place, below massif's threshold (1.00%)
#-----------
snapshot=11
#-----------
time=3178583
mem_heap_B=62943
mem_heap_extra_B=31649
mem_stacks_B=0
heap_tree=empty
#-----------
snapshot=12
#-----------
time=3300149
mem_heap_B=55037
mem_heap_extra_B=26091
mem_stacks_B=0
heap_tree=empty
#-----------
snapshot=13
#-----------
time=3423263
mem_heap_B=59357
mem_heap_extra_B=28459
mem_stacks_B=0
heap_tree=empty
#-----------
snapshot=14
#-----------
time=3613835
mem_heap_B=64293
mem_heap_extra_B=31787
mem_stacks_B=0
heap_tree=empty
#-----------
snapshot=15
#-----------
time=3706182
mem_heap_B=65128
mem_heap_extra_B=32368
mem_stacks_B=0
heap_tree=empty
#-----------
snapshot=16
#-----------
time=3855761
mem_heap_B=66542
mem_heap_extra_B=33258
mem_stacks_B=0
heap_tree=empty
#-----------
snapshot=17
#-----------
time=3948969
mem_heap_B=67167
mem_heap_extra_B=33681
mem_stacks_B=0
heap_tree=empty
#-----------
snapshot=18
#-----------
time=4067860
mem_heap_B=68360
mem_heap_extra_B=34376
mem_stacks_B=0
heap_tree=empty
#-----------
snapshot=19
#-----------
time=4215813
mem_heap_B=69347
mem_heap_extra_B=35061
mem_stacks_B=0
heap_tree=empty
#-----------
snapshot=20
#-----------
time=4333982
mem_heap_B=70285
mem_heap_extra_B=35731
mem_stacks_B=0
heap_tree=empty
#-----------
snapshot=21
#-----------
time=4500129
mem_heap_B=71300
mem_heap_extra_B=36436
mem_stacks_B=0
heap_tree=empty
#-----------
snapshot=22
#-----------
time=4642127
mem_heap_B=72617
mem_heap_extra_B=37031
mem_stacks_B=0
heap_tree=detailed
n7: 72617 (heap allocation functions) malloc/new/new[], --alloc-fns, etc.
 n4: 42888 0x6248625: OPENSSL_LH_insert (in /usr/lib/x86_64-linux-gnu/libcrypto.so.3)
  n2: 33912 0x6339B72: ??? (in /usr/lib/x86_64-linux-gnu/libcrypto.so.3)
   n9: 31944 0x6206BEF: ERR_load_strings_const (in /usr/lib/x86_64-linux-gnu/libcrypto.so.3)
    n0: 13920 in 25 places, all below massif's threshold (1.00%)
    n1: 2952 0x625972B: ??? (in /usr/lib/x86_64-linux-gnu/libcrypto.so.3)
     n1: 2952 0x5F0BEE7: __pthread_once_slow (pthread_once.c:116)
      n1: 2952 0x625E1EC: CRYPTO_THREAD_run_once (in /usr/lib/x86_64-linux-gnu/libcrypto.so.3)
       n1: 2952 0x625AEE2: OPENSSL_init_crypto (in /usr/lib/x86_64-linux-gnu/libcrypto.so.3)
        n1: 2952 0x6208686: ??? (in /usr/lib/x86_64-linux-gnu/libcrypto.so.3)
         n1: 2952 0x620904C: ERR_set_mark (in /usr/lib/x86_64-linux-gnu/libcrypto.so.3)
          n1: 2952 0x61B5451: CONF_modules_load_file_ex (in /usr/lib/x86_64-linux-gnu/libcrypto.so.3)
           n1: 2952 0x625A6EF: ??? (in /usr/lib/x86_64-linux-gnu/libcrypto.so.3)
            n1: 2952 0x5F0BEE7: __pthread_once_slow (pthread_once.c:116)
             n1: 2952 0x625E1EC: CRYPTO_THREAD_run_once (in /usr/lib/x86_64-linux-gnu/libcrypto.so.3)
              n1: 2952 0x625B155: OPENSSL_init_crypto (in /usr/lib/x86_64-linux-gnu/libcrypto.so.3)
               n1: 2952 0x63307AC: ??? (in /usr/lib/x86_64-linux-gnu/libcrypto.so.3)
                n1: 2952 0x62853A4: RAND_get_rand_method (in /usr/lib/x86_64-linux-gnu/libcrypto.so.3)
                 n1: 2952 0x6285EC9: RAND_status (in /usr/lib/x86_64-linux-gnu/libcrypto.so.3)
                  n1: 2952 0x5C962CF: OQS_randombytes_openssl (in /home/anss/random/bench/install/lib/liboqs.so.0.15.0)
                   n1: 2952 0x4ADF96C: PQCP_MLKEM_NATIVE_MLKEM512_X86_64_keypair (in /home/anss/random/bench/install/lib/liboqs.so.0.15.0)
                    n0: 2952 0x1092FB: main (in /home/anss/random/bench/mem_kem)
    n1: 2760 0x6259801: ??? (in /usr/lib/x86_64-linux-gnu/libcrypto.so.3)
     n1: 2760 0x5F0BEE7: __pthread_once_slow (pthread_once.c:116)
      n1: 2760 0x625E1EC: CRYPTO_THREAD_run_once (in /usr/lib/x86_64-linux-gnu/libcrypto.so.3)
       n1: 2760 0x625AEE2: OPENSSL_init_crypto (in /usr/lib/x86_64-linux-gnu/libcrypto.so.3)
        n1: 2760 0x6208686: ??? (in /usr/lib/x86_64-linux-gnu/libcrypto.so.3)
         n1: 2760 0x620904C: ERR_set_mark (in /usr/lib/x86_64-linux-gnu/libcrypto.so.3)
          n1: 2760 0x61B5451: CONF_modules_load_file_ex (in /usr/lib/x86_64-linux-gnu/libcrypto.so.3)
           n1: 2760 0x625A6EF: ??? (in /usr/lib/x86_64-linux-gnu/libcrypto.so.3)
            n1: 2760 0x5F0BEE7: __pthread_once_slow (pthread_once.c:116)
             n1: 2760 0x625E1EC: CRYPTO_THREAD_run_once (in /usr/lib/x86_64-linux-gnu/libcrypto.so.3)
              n1: 2760 0x625B155: OPENSSL_init_crypto (in /usr/lib/x86_64-linux-gnu/libcrypto.so.3)
               n1: 2760 0x63307AC: ??? (in /usr/lib/x86_64-linux-gnu/libcrypto.so.3)
                n1: 2760 0x62853A4: RAND_get_rand_method (in /usr/lib/x86_64-linux-gnu/libcrypto.so.3)
                 n1: 2760 0x6285EC9: RAND_status (in /usr/lib/x86_64-linux-gnu/libcrypto.so.3)
                  n1: 2760 0x5C962CF: OQS_randombytes_openssl (in /home/anss/random/bench/install/lib/liboqs.so.0.15.0)
                   n1: 2760 0x4ADF96C: PQCP_MLKEM_NATIVE_MLKEM512_X86_64_keypair (in /home/anss/random/bench/install/lib/liboqs.so.0.15.0)
                    n0: 2760 0x1092FB: main (in /home/anss/random/bench/mem_kem)
    n1: 2616 0x625979B: ??? (in /usr/lib/x86_64-linux-gnu/libcrypto.so.3)
     n1: 2616 0x5F0BEE7: __pthread_once_slow (pthread_once.c:116)
      n1: 2616 0x625E1EC: CRYPTO_THREAD_run_once (in /usr/lib/x86_64-linux-gnu/libcrypto.so.3)
       n1: 2616 0x625AEE2: OPENSSL_init_crypto (in /usr/lib/x86_64-linux-gnu/libcrypto.so.3)
        n1: 2616 0x6208686: ??? (in /usr/lib/x86_64-linux-gnu/libcrypto.so.3)
         n1: 2616 0x620904C: ERR_set_mark (in /usr/lib/x86_64-linux-gnu/libcrypto.so.3)
          n1: 2616 0x61B5451: CONF_modules_load_file_ex (in /usr/lib/x86_64-linux-gnu/libcrypto.so.3)
           n1: 2616 0x625A6EF: ??? (in /usr/lib/x86_64-linux-gnu/libcrypto.so.3)
            n1: 2616 0x5F0BEE7: __pthread_once_slow (pthread_once.c:116)
             n1: 2616 0x625E1EC: CRYPTO_THREAD_run_once (in /usr/lib/x86_64-linux-gnu/libcrypto.so.3)
              n1: 2616 0x625B155: OPENSSL_init_crypto (in /usr/lib/x86_64-linux-gnu/libcrypto.so.3)
               n1: 2616 0x63307AC: ??? (in /usr/lib/x86_64-linux-gnu/libcrypto.so.3)
                n1: 2616 0x62853A4: RAND_get_rand_method (in /usr/lib/x86_64-linux-gnu/libcrypto.so.3)
                 n1: 2616 0x6285EC9: RAND_status (in /usr/lib/x86_64-linux-gnu/libcrypto.so.3)
                  n1: 2616 0x5C962CF: OQS_randombytes_openssl (in /home/anss/random/bench/install/lib/liboqs.so.0.15.0)
                   n1: 2616 0x4ADF96C: PQCP_MLKEM_NATIVE_MLKEM512_X86_64_keypair (in /home/anss/random/bench/install/lib/liboqs.so.0.15.0)
                    n0: 2616 0x1092FB: main (in /home/anss/random/bench/mem_kem)
    n1: 2304 0x6259845: ??? (in /usr/lib/x86_64-linux-gnu/libcrypto.so.3)
     n1: 2304 0x5F0BEE7: __pthread_once_slow (pthread_once.c:116)
      n1: 2304 0x625E1EC: CRYPTO_THREAD_run_once (in /usr/lib/x86_64-linux-gnu/libcrypto.so.3)
       n1: 2304 0x625AEE2: OPENSSL_init_crypto (in /usr/lib/x86_64-linux-gnu/libcrypto.so.3)
        n1: 2304 0x6208686: ??? (in /usr/lib/x86_64-linux-gnu/libcrypto.so.3)
         n1: 2304 0x620904C: ERR_set_mark (in /usr/lib/x86_64-linux-gnu/libcrypto.so.3)
          n1: 2304 0x61B5451: CONF_modules_load_file_ex (in /usr/lib/x86_64-linux-gnu/libcrypto.so.3)
           n1: 2304 0x625A6EF: ??? (in /usr/lib/x86_64-linux-gnu/libcrypto.so.3)
            n1: 2304 0x5F0BEE7: __pthread_once_slow (pthread_once.c:116)
             n1: 2304 0x625E1EC: CRYPTO_THREAD_run_once (in /usr/lib/x86_64-linux-gnu/libcrypto.so.3)
              n1: 2304 0x625B155: OPENSSL_init_crypto (in /usr/lib/x86_64-linux-gnu/libcrypto.so.3)
               n1: 2304 0x63307AC: ??? (in /usr/lib/x86_64-linux-gnu/libcrypto.so.3)
                n1: 2304 0x62853A4: RAND_get_rand_method (in /usr/lib/x86_64-linux-gnu/libcrypto.so.3)
                 n1: 2304 0x6285EC9: RAND_status (in /usr/lib/x86_64-linux-gnu/libcrypto.so.3)
                  n1: 2304 0x5C962CF: OQS_randombytes_openssl (in /home/anss/random/bench/install/lib/liboqs.so.0.15.0)
                   n1: 2304 0x4ADF96C: PQCP_MLKEM_NATIVE_MLKEM512_X86_64_keypair (in /home/anss/random/bench/install/lib/liboqs.so.0.15.0)
                    n0: 2304 0x1092FB: main (in /home/anss/random/bench/mem_kem)
    n1: 2016 0x6259823: ??? (in /usr/lib/x86_64-linux-gnu/libcrypto.so.3)
     n1: 2016 0x5F0BEE7: __pthread_once_slow (pthread_once.c:116)
      n1: 2016 0x625E1EC: CRYPTO_THREAD_run_once (in /usr/lib/x86_64-linux-gnu/libcrypto.so.3)
       n1: 2016 0x625AEE2: OPENSSL_init_crypto (in /usr/lib/x86_64-linux-gnu/libcrypto.so.3)
        n1: 2016 0x6208686: ??? (in /usr/lib/x86_64-linux-gnu/libcrypto.so.3)
         n1: 2016 0x620904C: ERR_set_mark (in /usr/lib/x86_64-linux-gnu/libcrypto.so.3)
          n1: 2016 0x61B5451: CONF_modules_load_file_ex (in /usr/lib/x86_64-linux-gnu/libcrypto.so.3)
           n1: 2016 0x625A6EF: ??? (in /usr/lib/x86_64-linux-gnu/libcrypto.so.3)
            n1: 2016 0x5F0BEE7: __pthread_once_slow (pthread_once.c:116)
             n1: 2016 0x625E1EC: CRYPTO_THREAD_run_once (in /usr/lib/x86_64-linux-gnu/libcrypto.so.3)
              n1: 2016 0x625B155: OPENSSL_init_crypto (in /usr/lib/x86_64-linux-gnu/libcrypto.so.3)
               n1: 2016 0x63307AC: ??? (in /usr/lib/x86_64-linux-gnu/libcrypto.so.3)
                n1: 2016 0x62853A4: RAND_get_rand_method (in /usr/lib/x86_64-linux-gnu/libcrypto.so.3)
                 n1: 2016 0x6285EC9: RAND_status (in /usr/lib/x86_64-linux-gnu/libcrypto.so.3)
                  n1: 2016 0x5C962CF: OQS_randombytes_openssl (in /home/anss/random/bench/install/lib/liboqs.so.0.15.0)
                   n1: 2016 0x4ADF96C: PQCP_MLKEM_NATIVE_MLKEM512_X86_64_keypair (in /home/anss/random/bench/install/lib/liboqs.so.0.15.0)
                    n0: 2016 0x1092FB: main (in /home/anss/random/bench/mem_kem)
    n1: 1968 0x6259783: ??? (in /usr/lib/x86_64-linux-gnu/libcrypto.so.3)
     n1: 1968 0x5F0BEE7: __pthread_once_slow (pthread_once.c:116)
      n1: 1968 0x625E1EC: CRYPTO_THREAD_run_once (in /usr/lib/x86_64-linux-gnu/libcrypto.so.3)
       n1: 1968 0x625AEE2: OPENSSL_init_crypto (in /usr/lib/x86_64-linux-gnu/libcrypto.so.3)
        n1: 1968 0x6208686: ??? (in /usr/lib/x86_64-linux-gnu/libcrypto.so.3)
         n1: 1968 0x620904C: ERR_set_mark (in /usr/lib/x86_64-linux-gnu/libcrypto.so.3)
          n1: 1968 0x61B5451: CONF_modules_load_file_ex (in /usr/lib/x86_64-linux-gnu/libcrypto.so.3)
           n1: 1968 0x625A6EF: ??? (in /usr/lib/x86_64-linux-gnu/libcrypto.so.3)
            n1: 1968 0x5F0BEE7: __pthread_once_slow (pthread_once.c:116)
             n1: 1968 0x625E1EC: CRYPTO_THREAD_run_once (in /usr/lib/x86_64-linux-gnu/libcrypto.so.3)
              n1: 1968 0x625B155: OPENSSL_init_crypto (in /usr/lib/x86_64-linux-gnu/libcrypto.so.3)
               n1: 1968 0x63307AC: ??? (in /usr/lib/x86_64-linux-gnu/libcrypto.so.3)
                n1: 1968 0x62853A4: RAND_get_rand_method (in /usr/lib/x86_64-linux-gnu/libcrypto.so.3)
                 n1: 1968 0x6285EC9: RAND_status (in /usr/lib/x86_64-linux-gnu/libcrypto.so.3)
                  n1: 1968 0x5C962CF: OQS_randombytes_openssl (in /home/anss/random/bench/install/lib/liboqs.so.0.15.0)
                   n1: 1968 0x4ADF96C: PQCP_MLKEM_NATIVE_MLKEM512_X86_64_keypair (in /home/anss/random/bench/install/lib/liboqs.so.0.15.0)
                    n0: 1968 0x1092FB: main (in /home/anss/random/bench/mem_kem)
    n1: 1776 0x62598CD: ??? (in /usr/lib/x86_64-linux-gnu/libcrypto.so.3)
     n1: 1776 0x5F0BEE7: __pthread_once_slow (pthread_once.c:116)
      n1: 1776 0x625E1EC: CRYPTO_THREAD_run_once (in /usr/lib/x86_64-linux-gnu/libcrypto.so.3)
       n1: 1776 0x625AEE2: OPENSSL_init_crypto (in /usr/lib/x86_64-linux-gnu/libcrypto.so.3)
        n1: 1776 0x6208686: ??? (in /usr/lib/x86_64-linux-gnu/libcrypto.so.3)
         n1: 1776 0x620904C: ERR_set_mark (in /usr/lib/x86_64-linux-gnu/libcrypto.so.3)
          n1: 1776 0x61B5451: CONF_modules_load_file_ex (in /usr/lib/x86_64-linux-gnu/libcrypto.so.3)
           n1: 1776 0x625A6EF: ??? (in /usr/lib/x86_64-linux-gnu/libcrypto.so.3)
            n1: 1776 0x5F0BEE7: __pthread_once_slow (pthread_once.c:116)
             n1: 1776 0x625E1EC: CRYPTO_THREAD_run_once (in /usr/lib/x86_64-linux-gnu/libcrypto.so.3)
              n1: 1776 0x625B155: OPENSSL_init_crypto (in /usr/lib/x86_64-linux-gnu/libcrypto.so.3)
               n1: 1776 0x63307AC: ??? (in /usr/lib/x86_64-linux-gnu/libcrypto.so.3)
                n1: 1776 0x62853A4: RAND_get_rand_method (in /usr/lib/x86_64-linux-gnu/libcrypto.so.3)
                 n1: 1776 0x6285EC9: RAND_status (in /usr/lib/x86_64-linux-gnu/libcrypto.so.3)
                  n1: 1776 0x5C962CF: OQS_randombytes_openssl (in /home/anss/random/bench/install/lib/liboqs.so.0.15.0)
                   n1: 1776 0x4ADF96C: PQCP_MLKEM_NATIVE_MLKEM512_X86_64_keypair (in /home/anss/random/bench/install/lib/liboqs.so.0.15.0)
                    n0: 1776 0x1092FB: main (in /home/anss/random/bench/mem_kem)
    n1: 1632 0x625989A: ??? (in /usr/lib/x86_64-linux-gnu/libcrypto.so.3)
     n1: 1632 0x5F0BEE7: __pthread_once_slow (pthread_once.c:116)
      n1: 1632 0x625E1EC: CRYPTO_THREAD_run_once (in /usr/lib/x86_64-linux-gnu/libcrypto.so.3)
       n1: 1632 0x625AEE2: OPENSSL_init_crypto (in /usr/lib/x86_64-linux-gnu/libcrypto.so.3)
        n1: 1632 0x6208686: ??? (in /usr/lib/x86_64-linux-gnu/libcrypto.so.3)
         n1: 1632 0x620904C: ERR_set_mark (in /usr/lib/x86_64-linux-gnu/libcrypto.so.3)
          n1: 1632 0x61B5451: CONF_modules_load_file_ex (in /usr/lib/x86_64-linux-gnu/libcrypto.so.3)
           n1: 1632 0x625A6EF: ??? (in /usr/lib/x86_64-linux-gnu/libcrypto.so.3)
            n1: 1632 0x5F0BEE7: __pthread_once_slow (pthread_once.c:116)
             n1: 1632 0x625E1EC: CRYPTO_THREAD_run_once (in /usr/lib/x86_64-linux-gnu/libcrypto.so.3)
              n1: 1632 0x625B155: OPENSSL_init_crypto (in /usr/lib/x86_64-linux-gnu/libcrypto.so.3)
               n1: 1632 0x63307AC: ??? (in /usr/lib/x86_64-linux-gnu/libcrypto.so.3)
                n1: 1632 0x62853A4: RAND_get_rand_method (in /usr/lib/x86_64-linux-gnu/libcrypto.so.3)
                 n1: 1632 0x6285EC9: RAND_status (in /usr/lib/x86_64-linux-gnu/libcrypto.so.3)
                  n1: 1632 0x5C962CF: OQS_randombytes_openssl (in /home/anss/random/bench/install/lib/liboqs.so.0.15.0)
                   n1: 1632 0x4ADF96C: PQCP_MLKEM_NATIVE_MLKEM512_X86_64_keypair (in /home/anss/random/bench/install/lib/liboqs.so.0.15.0)
                    n0: 1632 0x1092FB: main (in /home/anss/random/bench/mem_kem)
   n0: 1968 in 2 places, all below massif's threshold (1.00%)
  n2: 5424 0x626961A: OBJ_NAME_add (in /usr/lib/x86_64-linux-gnu/libcrypto.so.3)
   n1: 3264 0x623BB24: EVP_add_cipher (in /usr/lib/x86_64-linux-gnu/libcrypto.so.3)
    n0: 3264 in 136 places, all below massif's threshold (1.00%)
   n0: 2160 in 56 places, all below massif's threshold (1.00%)
  n2: 3360 0x62559E2: ??? (in /usr/lib/x86_64-linux-gnu/libcrypto.so.3)
   n2: 1752 0x62522C7: ??? (in /usr/lib/x86_64-linux-gnu/libcrypto.so.3)
    n1: 1608 0x62523A9: ??? (in /usr/lib/x86_64-linux-gnu/libcrypto.so.3)
     n1: 1608 0x6248926: OPENSSL_LH_doall_arg (in /usr/lib/x86_64-linux-gnu/libcrypto.so.3)
      n1: 1608 0x626985A: OBJ_NAME_do_all (in /usr/lib/x86_64-linux-gnu/libcrypto.so.3)
       n1: 1608 0x6251FC9: ??? (in /usr/lib/x86_64-linux-gnu/libcrypto.so.3)
        n1: 1608 0x6330F6B: ??? (in /usr/lib/x86_64-linux-gnu/libcrypto.so.3)
         n1: 1608 0x62336C2: EVP_RAND_fetch (in /usr/lib/x86_64-linux-gnu/libcrypto.so.3)
          n1: 1608 0x6285CDB: RAND_get0_primary (in /usr/lib/x86_64-linux-gnu/libcrypto.so.3)
           n1: 1608 0x6285EF6: RAND_status (in /usr/lib/x86_64-linux-gnu/libcrypto.so.3)
            n1: 1608 0x5C962CF: OQS_randombytes_openssl (in /home/anss/random/bench/install/lib/liboqs.so.0.15.0)
             n1: 1608 0x4ADF96C: PQCP_MLKEM_NATIVE_MLKEM512_X86_64_keypair (in /home/anss/random/bench/install/lib/liboqs.so.0.15.0)
              n0: 1608 0x1092FB: main (in /home/anss/random/bench/mem_kem)
    n0: 144 in 1 place, below massif's threshold (1.00%)
   n1: 1608 0x6252460: ??? (in /usr/lib/x86_64-linux-gnu/libcrypto.so.3)
    n1: 1608 0x6248926: OPENSSL_LH_doall_arg (in /usr/lib/x86_64-linux-gnu/libcrypto.so.3)
     n1: 1608 0x626985A: OBJ_NAME_do_all (in /usr/lib/x86_64-linux-gnu/libcrypto.so.3)
      n1: 1608 0x6251FC9: ??? (in /usr/lib/x86_64-linux-gnu/libcrypto.so.3)
       n1: 1608 0x6330F6B: ??? (in /usr/lib/x86_64-linux-gnu/libcrypto.so.3)
        n1: 1608 0x62336C2: EVP_RAND_fetch (in /usr/lib/x86_64-linux-gnu/libcrypto.so.3)
         n1: 1608 0x6285CDB: RAND_get0_primary (in /usr/lib/x86_64-linux-gnu/libcrypto.so.3)
          n1: 1608 0x6285EF6: RAND_status (in /usr/lib/x86_64-linux-gnu/libcrypto.so.3)
           n1: 1608 0x5C962CF: OQS_randombytes_openssl (in /home/anss/random/bench/install/lib/liboqs.so.0.15.0)
            n1: 1608 0x4ADF96C: PQCP_MLKEM_NATIVE_MLKEM512_X86_64_keypair (in /home/anss/random/bench/install/lib/liboqs.so.0.15.0)
             n0: 1608 0x1092FB: main (in /home/anss/random/bench/mem_kem)
  n0: 192 in 3 places, all below massif's threshold (1.00%)
 n2: 10240 0x62485D3: OPENSSL_LH_insert (in /usr/lib/x86_64-linux-gnu/libcrypto.so.3)
  n2: 8192 0x6339B72: ??? (in /usr/lib/x86_64-linux-gnu/libcrypto.so.3)
   n2: 8192 0x6206BEF: ERR_load_strings_const (in /usr/lib/x86_64-linux-gnu/libcrypto.so.3)
    n1: 8192 0x62598DE: ??? (in /usr/lib/x86_64-linux-gnu/libcrypto.so.3)
     n1: 8192 0x5F0BEE7: __pthread_once_slow (pthread_once.c:116)
      n1: 8192 0x625E1EC: CRYPTO_THREAD_run_once (in /usr/lib/x86_64-linux-gnu/libcrypto.so.3)
       n1: 8192 0x625AEE2: OPENSSL_init_crypto (in /usr/lib/x86_64-linux-gnu/libcrypto.so.3)
        n1: 8192 0x6208686: ??? (in /usr/lib/x86_64-linux-gnu/libcrypto.so.3)
         n1: 8192 0x620904C: ERR_set_mark (in /usr/lib/x86_64-linux-gnu/libcrypto.so.3)
          n1: 8192 0x61B5451: CONF_modules_load_file_ex (in /usr/lib/x86_64-linux-gnu/libcrypto.so.3)
           n1: 8192 0x625A6EF: ??? (in /usr/lib/x86_64-linux-gnu/libcrypto.so.3)
            n1: 8192 0x5F0BEE7: __pthread_once_slow (pthread_once.c:116)
             n1: 8192 0x625E1EC: CRYPTO_THREAD_run_once (in /usr/lib/x86_64-linux-gnu/libcrypto.so.3)
              n1: 8192 0x625B155: OPENSSL_init_crypto (in /usr/lib/x86_64-linux-gnu/libcrypto.so.3)
               n1: 8192 0x63307AC: ??? (in /usr/lib/x86_64-linux-gnu/libcrypto.so.3)
                n1: 8192 0x62853A4: RAND_get_rand_method (in /usr/lib/x86_64-linux-gnu/libcrypto.so.3)
                 n1: 8192 0x6285EC9: RAND_status (in /usr/lib/x86_64-linux-gnu/libcrypto.so.3)
                  n1: 8192 0x5C962CF: OQS_randombytes_openssl (in /home/anss/random/bench/install/lib/liboqs.so.0.15.0)
                   n1: 8192 0x4ADF96C: PQCP_MLKEM_NATIVE_MLKEM512_X86_64_keypair (in /home/anss/random/bench/install/lib/liboqs.so.0.15.0)
                    n0: 8192 0x1092FB: main (in /home/anss/random/bench/mem_kem)
    n0: 0 in 3 places, all below massif's threshold (1.00%)
   n0: 0 in 2 places, all below massif's threshold (1.00%)
  n0: 2048 in 3 places, all below massif's threshold (1.00%)
 n3: 7480 0x6252C3D: CRYPTO_zalloc (in /usr/lib/x86_64-linux-gnu/libcrypto.so.3)
  n0: 3392 in 18 places, all below massif's threshold (1.00%)
  n2: 2240 0x62559A6: ??? (in /usr/lib/x86_64-linux-gnu/libcrypto.so.3)
   n1: 1168 0x62522C7: ??? (in /usr/lib/x86_64-linux-gnu/libcrypto.so.3)
    n0: 1168 in 2 places, all below massif's threshold (1.00%)
   n0: 1072 in 1 place, below massif's threshold (1.00%)
  n1: 1848 0x625E073: CRYPTO_THREAD_lock_new (in /usr/lib/x86_64-linux-gnu/libcrypto.so.3)
   n0: 1848 in 16 places, all below massif's threshold (1.00%)
 n1: 5424 0x62695D8: OBJ_NAME_add (in /usr/lib/x86_64-linux-gnu/libcrypto.so.3)
  n0: 5424 in 208 places, all below massif's threshold (1.00%)
 n0: 2557 in 20 places, all below massif's threshold (1.00%)
 n2: 2396 0x6253C72: CRYPTO_strndup (in /usr/lib/x86_64-linux-gnu/libcrypto.so.3)
  n2: 2379 0x62559C1: ??? (in /usr/lib/x86_64-linux-gnu/libcrypto.so.3)
   n1: 1444 0x6252460: ??? (in /usr/lib/x86_64-linux-gnu/libcrypto.so.3)
    n1: 1444 0x6248926: OPENSSL_LH_doall_arg (in /usr/lib/x86_64-linux-gnu/libcrypto.so.3)
     n1: 1444 0x626985A: OBJ_NAME_do_all (in /usr/lib/x86_64-linux-gnu/libcrypto.so.3)
      n1: 1444 0x6251FC9: ??? (in /usr/lib/x86_64-linux-gnu/libcrypto.so.3)
       n1: 1444 0x6330F6B: ??? (in /usr/lib/x86_64-linux-gnu/libcrypto.so.3)
        n1: 1444 0x62336C2: EVP_RAND_fetch (in /usr/lib/x86_64-linux-gnu/libcrypto.so.3)
         n1: 1444 0x6285CDB: RAND_get0_primary (in /usr/lib/x86_64-linux-gnu/libcrypto.so.3)
          n1: 1444 0x6285EF6: RAND_status (in /usr/lib/x86_64-linux-gnu/libcrypto.so.3)
           n1: 1444 0x5C962CF: OQS_randombytes_openssl (in /home/anss/random/bench/install/lib/liboqs.so.0.15.0)
            n1: 1444 0x4ADF96C: PQCP_MLKEM_NATIVE_MLKEM512_X86_64_keypair (in /home/anss/random/bench/install/lib/liboqs.so.0.15.0)
             n0: 1444 0x1092FB: main (in /home/anss/random/bench/mem_kem)
   n0: 935 in 1 place, below massif's threshold (1.00%)
  n0: 17 in 1 place, below massif's threshold (1.00%)
 n0: 1632 0x109277: main (in /home/anss/random/bench/mem_kem)
#-----------
snapshot=23
#-----------
time=4769309
mem_heap_B=73581
mem_heap_extra_B=37723
mem_stacks_B=0
heap_tree=empty
#-----------
snapshot=24
#-----------
time=4935761
mem_heap_B=74191
mem_heap_extra_B=38137
mem_stacks_B=0
heap_tree=empty
#-----------
snapshot=25
#-----------
time=5061098
mem_heap_B=74916
mem_heap_extra_B=38668
mem_stacks_B=0
heap_tree=empty
#-----------
snapshot=26
#-----------
time=5150283
mem_heap_B=75445
mem_heap_extra_B=39051
mem_stacks_B=0
heap_tree=empty
#-----------
snapshot=27
#-----------
time=5304631
mem_heap_B=76348
mem_heap_extra_B=39740
mem_stacks_B=0
heap_tree=empty
#-----------
snapshot=28
#-----------
time=5447857
mem_heap_B=76579
mem_heap_extra_B=39893
mem_stacks_B=0
heap_tree=empty
#-----------
snapshot=29
#-----------
time=5572420
mem_heap_B=76733
mem_heap_extra_B=40003
mem_stacks_B=0
heap_tree=detailed
n7: 76733 (heap allocation functions) malloc/new/new[], --alloc-fns, etc.
 n4: 44664 0x6248625: OPENSSL_LH_insert (in /usr/lib/x86_64-linux-gnu/libcrypto.so.3)
  n2: 33912 0x6339B72: ??? (in /usr/lib/x86_64-linux-gnu/libcrypto.so.3)
   n9: 31944 0x6206BEF: ERR_load_strings_const (in /usr/lib/x86_64-linux-gnu/libcrypto.so.3)
    n0: 13920 in 25 places, all below massif's threshold (1.00%)
    n1: 2952 0x625972B: ??? (in /usr/lib/x86_64-linux-gnu/libcrypto.so.3)
     n1: 2952 0x5F0BEE7: __pthread_once_slow (pthread_once.c:116)
      n1: 2952 0x625E1EC: CRYPTO_THREAD_run_once (in /usr/lib/x86_64-linux-gnu/libcrypto.so.3)
       n1: 2952 0x625AEE2: OPENSSL_init_crypto (in /usr/lib/x86_64-linux-gnu/libcrypto.so.3)
        n1: 2952 0x6208686: ??? (in /usr/lib/x86_64-linux-gnu/libcrypto.so.3)
         n1: 2952 0x620904C: ERR_set_mark (in /usr/lib/x86_64-linux-gnu/libcrypto.so.3)
          n1: 2952 0x61B5451: CONF_modules_load_file_ex (in /usr/lib/x86_64-linux-gnu/libcrypto.so.3)
           n1: 2952 0x625A6EF: ??? (in /usr/lib/x86_64-linux-gnu/libcrypto.so.3)
            n1: 2952 0x5F0BEE7: __pthread_once_slow (pthread_once.c:116)
             n1: 2952 0x625E1EC: CRYPTO_THREAD_run_once (in /usr/lib/x86_64-linux-gnu/libcrypto.so.3)
              n1: 2952 0x625B155: OPENSSL_init_crypto (in /usr/lib/x86_64-linux-gnu/libcrypto.so.3)
               n1: 2952 0x63307AC: ??? (in /usr/lib/x86_64-linux-gnu/libcrypto.so.3)
                n1: 2952 0x62853A4: RAND_get_rand_method (in /usr/lib/x86_64-linux-gnu/libcrypto.so.3)
                 n1: 2952 0x6285EC9: RAND_status (in /usr/lib/x86_64-linux-gnu/libcrypto.so.3)
                  n1: 2952 0x5C962CF: OQS_randombytes_openssl (in /home/anss/random/bench/install/lib/liboqs.so.0.15.0)
                   n1: 2952 0x4ADF96C: PQCP_MLKEM_NATIVE_MLKEM512_X86_64_keypair (in /home/anss/random/bench/install/lib/liboqs.so.0.15.0)
                    n0: 2952 0x1092FB: main (in /home/anss/random/bench/mem_kem)
    n1: 2760 0x6259801: ??? (in /usr/lib/x86_64-linux-gnu/libcrypto.so.3)
     n1: 2760 0x5F0BEE7: __pthread_once_slow (pthread_once.c:116)
      n1: 2760 0x625E1EC: CRYPTO_THREAD_run_once (in /usr/lib/x86_64-linux-gnu/libcrypto.so.3)
       n1: 2760 0x625AEE2: OPENSSL_init_crypto (in /usr/lib/x86_64-linux-gnu/libcrypto.so.3)
        n1: 2760 0x6208686: ??? (in /usr/lib/x86_64-linux-gnu/libcrypto.so.3)
         n1: 2760 0x620904C: ERR_set_mark (in /usr/lib/x86_64-linux-gnu/libcrypto.so.3)
          n1: 2760 0x61B5451: CONF_modules_load_file_ex (in /usr/lib/x86_64-linux-gnu/libcrypto.so.3)
           n1: 2760 0x625A6EF: ??? (in /usr/lib/x86_64-linux-gnu/libcrypto.so.3)
            n1: 2760 0x5F0BEE7: __pthread_once_slow (pthread_once.c:116)
             n1: 2760 0x625E1EC: CRYPTO_THREAD_run_once (in /usr/lib/x86_64-linux-gnu/libcrypto.so.3)
              n1: 2760 0x625B155: OPENSSL_init_crypto (in /usr/lib/x86_64-linux-gnu/libcrypto.so.3)
               n1: 2760 0x63307AC: ??? (in /usr/lib/x86_64-linux-gnu/libcrypto.so.3)
                n1: 2760 0x62853A4: RAND_get_rand_method (in /usr/lib/x86_64-linux-gnu/libcrypto.so.3)
                 n1: 2760 0x6285EC9: RAND_status (in /usr/lib/x86_64-linux-gnu/libcrypto.so.3)
                  n1: 2760 0x5C962CF: OQS_randombytes_openssl (in /home/anss/random/bench/install/lib/liboqs.so.0.15.0)
                   n1: 2760 0x4ADF96C: PQCP_MLKEM_NATIVE_MLKEM512_X86_64_keypair (in /home/anss/random/bench/install/lib/liboqs.so.0.15.0)
                    n0: 2760 0x1092FB: main (in /home/anss/random/bench/mem_kem)
    n1: 2616 0x625979B: ??? (in /usr/lib/x86_64-linux-gnu/libcrypto.so.3)
     n1: 2616 0x5F0BEE7: __pthread_once_slow (pthread_once.c:116)
      n1: 2616 0x625E1EC: CRYPTO_THREAD_run_once (in /usr/lib/x86_64-linux-gnu/libcrypto.so.3)
       n1: 2616 0x625AEE2: OPENSSL_init_crypto (in /usr/lib/x86_64-linux-gnu/libcrypto.so.3)
        n1: 2616 0x6208686: ??? (in /usr/lib/x86_64-linux-gnu/libcrypto.so.3)
         n1: 2616 0x620904C: ERR_set_mark (in /usr/lib/x86_64-linux-gnu/libcrypto.so.3)
          n1: 2616 0x61B5451: CONF_modules_load_file_ex (in /usr/lib/x86_64-linux-gnu/libcrypto.so.3)
           n1: 2616 0x625A6EF: ??? (in /usr/lib/x86_64-linux-gnu/libcrypto.so.3)
            n1: 2616 0x5F0BEE7: __pthread_once_slow (pthread_once.c:116)
             n1: 2616 0x625E1EC: CRYPTO_THREAD_run_once (in /usr/lib/x86_64-linux-gnu/libcrypto.so.3)
              n1: 2616 0x625B155: OPENSSL_init_crypto (in /usr/lib/x86_64-linux-gnu/libcrypto.so.3)
               n1: 2616 0x63307AC: ??? (in /usr/lib/x86_64-linux-gnu/libcrypto.so.3)
                n1: 2616 0x62853A4: RAND_get_rand_method (in /usr/lib/x86_64-linux-gnu/libcrypto.so.3)
                 n1: 2616 0x6285EC9: RAND_status (in /usr/lib/x86_64-linux-gnu/libcrypto.so.3)
                  n1: 2616 0x5C962CF: OQS_randombytes_openssl (in /home/anss/random/bench/install/lib/liboqs.so.0.15.0)
                   n1: 2616 0x4ADF96C: PQCP_MLKEM_NATIVE_MLKEM512_X86_64_keypair (in /home/anss/random/bench/install/lib/liboqs.so.0.15.0)
                    n0: 2616 0x1092FB: main (in /home/anss/random/bench/mem_kem)
    n1: 2304 0x6259845: ??? (in /usr/lib/x86_64-linux-gnu/libcrypto.so.3)
     n1: 2304 0x5F0BEE7: __pthread_once_slow (pthread_once.c:116)
      n1: 2304 0x625E1EC: CRYPTO_THREAD_run_once (in /usr/lib/x86_64-linux-gnu/libcrypto.so.3)
       n1: 2304 0x625AEE2: OPENSSL_init_crypto (in /usr/lib/x86_64-linux-gnu/libcrypto.so.3)
        n1: 2304 0x6208686: ??? (in /usr/lib/x86_64-linux-gnu/libcrypto.so.3)
         n1: 2304 0x620904C: ERR_set_mark (in /usr/lib/x86_64-linux-gnu/libcrypto.so.3)
          n1: 2304 0x61B5451: CONF_modules_load_file_ex (in /usr/lib/x86_64-linux-gnu/libcrypto.so.3)
           n1: 2304 0x625A6EF: ??? (in /usr/lib/x86_64-linux-gnu/libcrypto.so.3)
            n1: 2304 0x5F0BEE7: __pthread_once_slow (pthread_once.c:116)
             n1: 2304 0x625E1EC: CRYPTO_THREAD_run_once (in /usr/lib/x86_64-linux-gnu/libcrypto.so.3)
              n1: 2304 0x625B155: OPENSSL_init_crypto (in /usr/lib/x86_64-linux-gnu/libcrypto.so.3)
               n1: 2304 0x63307AC: ??? (in /usr/lib/x86_64-linux-gnu/libcrypto.so.3)
                n1: 2304 0x62853A4: RAND_get_rand_method (in /usr/lib/x86_64-linux-gnu/libcrypto.so.3)
                 n1: 2304 0x6285EC9: RAND_status (in /usr/lib/x86_64-linux-gnu/libcrypto.so.3)
                  n1: 2304 0x5C962CF: OQS_randombytes_openssl (in /home/anss/random/bench/install/lib/liboqs.so.0.15.0)
                   n1: 2304 0x4ADF96C: PQCP_MLKEM_NATIVE_MLKEM512_X86_64_keypair (in /home/anss/random/bench/install/lib/liboqs.so.0.15.0)
                    n0: 2304 0x1092FB: main (in /home/anss/random/bench/mem_kem)
    n1: 2016 0x6259823: ??? (in /usr/lib/x86_64-linux-gnu/libcrypto.so.3)
     n1: 2016 0x5F0BEE7: __pthread_once_slow (pthread_once.c:116)
      n1: 2016 0x625E1EC: CRYPTO_THREAD_run_once (in /usr/lib/x86_64-linux-gnu/libcrypto.so.3)
       n1: 2016 0x625AEE2: OPENSSL_init_crypto (in /usr/lib/x86_64-linux-gnu/libcrypto.so.3)
        n1: 2016 0x6208686: ??? (in /usr/lib/x86_64-linux-gnu/libcrypto.so.3)
         n1: 2016 0x620904C: ERR_set_mark (in /usr/lib/x86_64-linux-gnu/libcrypto.so.3)
          n1: 2016 0x61B5451: CONF_modules_load_file_ex (in /usr/lib/x86_64-linux-gnu/libcrypto.so.3)
           n1: 2016 0x625A6EF: ??? (in /usr/lib/x86_64-linux-gnu/libcrypto.so.3)
            n1: 2016 0x5F0BEE7: __pthread_once_slow (pthread_once.c:116)
             n1: 2016 0x625E1EC: CRYPTO_THREAD_run_once (in /usr/lib/x86_64-linux-gnu/libcrypto.so.3)
              n1: 2016 0x625B155: OPENSSL_init_crypto (in /usr/lib/x86_64-linux-gnu/libcrypto.so.3)
               n1: 2016 0x63307AC: ??? (in /usr/lib/x86_64-linux-gnu/libcrypto.so.3)
                n1: 2016 0x62853A4: RAND_get_rand_method (in /usr/lib/x86_64-linux-gnu/libcrypto.so.3)
                 n1: 2016 0x6285EC9: RAND_status (in /usr/lib/x86_64-linux-gnu/libcrypto.so.3)
                  n1: 2016 0x5C962CF: OQS_randombytes_openssl (in /home/anss/random/bench/install/lib/liboqs.so.0.15.0)
                   n1: 2016 0x4ADF96C: PQCP_MLKEM_NATIVE_MLKEM512_X86_64_keypair (in /home/anss/random/bench/install/lib/liboqs.so.0.15.0)
                    n0: 2016 0x1092FB: main (in /home/anss/random/bench/mem_kem)
    n1: 1968 0x6259783: ??? (in /usr/lib/x86_64-linux-gnu/libcrypto.so.3)
     n1: 1968 0x5F0BEE7: __pthread_once_slow (pthread_once.c:116)
      n1: 1968 0x625E1EC: CRYPTO_THREAD_run_once (in /usr/lib/x86_64-linux-gnu/libcrypto.so.3)
       n1: 1968 0x625AEE2: OPENSSL_init_crypto (in /usr/lib/x86_64-linux-gnu/libcrypto.so.3)
        n1: 1968 0x6208686: ??? (in /usr/lib/x86_64-linux-gnu/libcrypto.so.3)
         n1: 1968 0x620904C: ERR_set_mark (in /usr/lib/x86_64-linux-gnu/libcrypto.so.3)
          n1: 1968 0x61B5451: CONF_modules_load_file_ex (in /usr/lib/x86_64-linux-gnu/libcrypto.so.3)
           n1: 1968 0x625A6EF: ??? (in /usr/lib/x86_64-linux-gnu/libcrypto.so.3)
            n1: 1968 0x5F0BEE7: __pthread_once_slow (pthread_once.c:116)
             n1: 1968 0x625E1EC: CRYPTO_THREAD_run_once (in /usr/lib/x86_64-linux-gnu/libcrypto.so.3)
              n1: 1968 0x625B155: OPENSSL_init_crypto (in /usr/lib/x86_64-linux-gnu/libcrypto.so.3)
               n1: 1968 0x63307AC: ??? (in /usr/lib/x86_64-linux-gnu/libcrypto.so.3)
                n1: 1968 0x62853A4: RAND_get_rand_method (in /usr/lib/x86_64-linux-gnu/libcrypto.so.3)
                 n1: 1968 0x6285EC9: RAND_status (in /usr/lib/x86_64-linux-gnu/libcrypto.so.3)
                  n1: 1968 0x5C962CF: OQS_randombytes_openssl (in /home/anss/random/bench/install/lib/liboqs.so.0.15.0)
                   n1: 1968 0x4ADF96C: PQCP_MLKEM_NATIVE_MLKEM512_X86_64_keypair (in /home/anss/random/bench/install/lib/liboqs.so.0.15.0)
                    n0: 1968 0x1092FB: main (in /home/anss/random/bench/mem_kem)
    n1: 1776 0x62598CD: ??? (in /usr/lib/x86_64-linux-gnu/libcrypto.so.3)
     n1: 1776 0x5F0BEE7: __pthread_once_slow (pthread_once.c:116)
      n1: 1776 0x625E1EC: CRYPTO_THREAD_run_once (in /usr/lib/x86_64-linux-gnu/libcrypto.so.3)
       n1: 1776 0x625AEE2: OPENSSL_init_crypto (in /usr/lib/x86_64-linux-gnu/libcrypto.so.3)
        n1: 1776 0x6208686: ??? (in /usr/lib/x86_64-linux-gnu/libcrypto.so.3)
         n1: 1776 0x620904C: ERR_set_mark (in /usr/lib/x86_64-linux-gnu/libcrypto.so.3)
          n1: 1776 0x61B5451: CONF_modules_load_file_ex (in /usr/lib/x86_64-linux-gnu/libcrypto.so.3)
           n1: 1776 0x625A6EF: ??? (in /usr/lib/x86_64-linux-gnu/libcrypto.so.3)
            n1: 1776 0x5F0BEE7: __pthread_once_slow (pthread_once.c:116)
             n1: 1776 0x625E1EC: CRYPTO_THREAD_run_once (in /usr/lib/x86_64-linux-gnu/libcrypto.so.3)
              n1: 1776 0x625B155: OPENSSL_init_crypto (in /usr/lib/x86_64-linux-gnu/libcrypto.so.3)
               n1: 1776 0x63307AC: ??? (in /usr/lib/x86_64-linux-gnu/libcrypto.so.3)
                n1: 1776 0x62853A4: RAND_get_rand_method (in /usr/lib/x86_64-linux-gnu/libcrypto.so.3)
                 n1: 1776 0x6285EC9: RAND_status (in /usr/lib/x86_64-linux-gnu/libcrypto.so.3)
                  n1: 1776 0x5C962CF: OQS_randombytes_openssl (in /home/anss/random/bench/install/lib/liboqs.so.0.15.0)
                   n1: 1776 0x4ADF96C: PQCP_MLKEM_NATIVE_MLKEM512_X86_64_keypair (in /home/anss/random/bench/install/lib/liboqs.so.0.15.0)
                    n0: 1776 0x1092FB: main (in /home/anss/random/bench/mem_kem)
    n1: 1632 0x625989A: ??? (in /usr/lib/x86_64-linux-gnu/libcrypto.so.3)
     n1: 1632 0x5F0BEE7: __pthread_once_slow (pthread_once.c:116)
      n1: 1632 0x625E1EC: CRYPTO_THREAD_run_once (in /usr/lib/x86_64-linux-gnu/libcrypto.so.3)
       n1: 1632 0x625AEE2: OPENSSL_init_crypto (in /usr/lib/x86_64-linux-gnu/libcrypto.so.3)
        n1: 1632 0x6208686: ??? (in /usr/lib/x86_64-linux-gnu/libcrypto.so.3)
         n1: 1632 0x620904C: ERR_set_mark (in /usr/lib/x86_64-linux-gnu/libcrypto.so.3)
          n1: 1632 0x61B5451: CONF_modules_load_file_ex (in /usr/lib/x86_64-linux-gnu/libcrypto.so.3)
           n1: 1632 0x625A6EF: ??? (in /usr/lib/x86_64-linux-gnu/libcrypto.so.3)
            n1: 1632 0x5F0BEE7: __pthread_once_slow (pthread_once.c:116)
             n1: 1632 0x625E1EC: CRYPTO_THREAD_run_once (in /usr/lib/x86_64-linux-gnu/libcrypto.so.3)
              n1: 1632 0x625B155: OPENSSL_init_crypto (in /usr/lib/x86_64-linux-gnu/libcrypto.so.3)
               n1: 1632 0x63307AC: ??? (in /usr/lib/x86_64-linux-gnu/libcrypto.so.3)
                n1: 1632 0x62853A4: RAND_get_rand_method (in /usr/lib/x86_64-linux-gnu/libcrypto.so.3)
                 n1: 1632 0x6285EC9: RAND_status (in /usr/lib/x86_64-linux-gnu/libcrypto.so.3)
                  n1: 1632 0x5C962CF: OQS_randombytes_openssl (in /home/anss/random/bench/install/lib/liboqs.so.0.15.0)
                   n1: 1632 0x4ADF96C: PQCP_MLKEM_NATIVE_MLKEM512_X86_64_keypair (in /home/anss/random/bench/install/lib/liboqs.so.0.15.0)
                    n0: 1632 0x1092FB: main (in /home/anss/random/bench/mem_kem)
   n0: 1968 in 2 places, all below massif's threshold (1.00%)
  n2: 5424 0x626961A: OBJ_NAME_add (in /usr/lib/x86_64-linux-gnu/libcrypto.so.3)
   n1: 3264 0x623BB24: EVP_add_cipher (in /usr/lib/x86_64-linux-gnu/libcrypto.so.3)
    n0: 3264 in 136 places, all below massif's threshold (1.00%)
   n0: 2160 in 56 places, all below massif's threshold (1.00%)
  n2: 5136 0x62559E2: ??? (in /usr/lib/x86_64-linux-gnu/libcrypto.so.3)
   n2: 2664 0x62522C7: ??? (in /usr/lib/x86_64-linux-gnu/libcrypto.so.3)
    n2: 2496 0x62523A9: ??? (in /usr/lib/x86_64-linux-gnu/libcrypto.so.3)
     n1: 2472 0x6248926: OPENSSL_LH_doall_arg (in /usr/lib/x86_64-linux-gnu/libcrypto.so.3)
      n2: 2472 0x626985A: OBJ_NAME_do_all (in /usr/lib/x86_64-linux-gnu/libcrypto.so.3)
       n1: 1968 0x6251FC9: ??? (in /usr/lib/x86_64-linux-gnu/libcrypto.so.3)
        n1: 1968 0x6330F6B: ??? (in /usr/lib/x86_64-linux-gnu/libcrypto.so.3)
         n1: 1968 0x62336C2: EVP_RAND_fetch (in /usr/lib/x86_64-linux-gnu/libcrypto.so.3)
          n1: 1968 0x6285CDB: RAND_get0_primary (in /usr/lib/x86_64-linux-gnu/libcrypto.so.3)
           n1: 1968 0x6285EF6: RAND_status (in /usr/lib/x86_64-linux-gnu/libcrypto.so.3)
            n1: 1968 0x5C962CF: OQS_randombytes_openssl (in /home/anss/random/bench/install/lib/liboqs.so.0.15.0)
             n1: 1968 0x4ADF96C: PQCP_MLKEM_NATIVE_MLKEM512_X86_64_keypair (in /home/anss/random/bench/install/lib/liboqs.so.0.15.0)
              n0: 1968 0x1092FB: main (in /home/anss/random/bench/mem_kem)
       n0: 504 in 1 place, below massif's threshold (1.00%)
     n0: 24 in 1 place, below massif's threshold (1.00%)
    n0: 168 in 2 places, all below massif's threshold (1.00%)
   n2: 2472 0x6252460: ??? (in /usr/lib/x86_64-linux-gnu/libcrypto.so.3)
    n1: 2448 0x6248926: OPENSSL_LH_doall_arg (in /usr/lib/x86_64-linux-gnu/libcrypto.so.3)
     n2: 2448 0x626985A: OBJ_NAME_do_all (in /usr/lib/x86_64-linux-gnu/libcrypto.so.3)
      n1: 1968 0x6251FC9: ??? (in /usr/lib/x86_64-linux-gnu/libcrypto.so.3)
       n1: 1968 0x6330F6B: ??? (in /usr/lib/x86_64-linux-gnu/libcrypto.so.3)
        n1: 1968 0x62336C2: EVP_RAND_fetch (in /usr/lib/x86_64-linux-gnu/libcrypto.so.3)
         n1: 1968 0x6285CDB: RAND_get0_primary (in /usr/lib/x86_64-linux-gnu/libcrypto.so.3)
          n1: 1968 0x6285EF6: RAND_status (in /usr/lib/x86_64-linux-gnu/libcrypto.so.3)
           n1: 1968 0x5C962CF: OQS_randombytes_openssl (in /home/anss/random/bench/install/lib/liboqs.so.0.15.0)
            n1: 1968 0x4ADF96C: PQCP_MLKEM_NATIVE_MLKEM512_X86_64_keypair (in /home/anss/random/bench/install/lib/liboqs.so.0.15.0)
             n0: 1968 0x1092FB: main (in /home/anss/random/bench/mem_kem)
      n0: 480 in 1 place, below massif's threshold (1.00%)
    n0: 24 in 1 place, below massif's threshold (1.00%)
  n0: 192 in 3 places, all below massif's threshold (1.00%)
 n2: 10240 0x62485D3: OPENSSL_LH_insert (in /usr/lib/x86_64-linux-gnu/libcrypto.so.3)
  n2: 8192 0x6339B72: ??? (in /usr/lib/x86_64-linux-gnu/libcrypto.so.3)
   n2: 8192 0x6206BEF: ERR_load_strings_const (in /usr/lib/x86_64-linux-gnu/libcrypto.so.3)
    n1: 8192 0x62598DE: ??? (in /usr/lib/x86_64-linux-gnu/libcrypto.so.3)
     n1: 8192 0x5F0BEE7: __pthread_once_slow (pthread_once.c:116)
      n1: 8192 0x625E1EC: CRYPTO_THREAD_run_once (in /usr/lib/x86_64-linux-gnu/libcrypto.so.3)
       n1: 8192 0x625AEE2: OPENSSL_init_crypto (in /usr/lib/x86_64-linux-gnu/libcrypto.so.3)
        n1: 8192 0x6208686: ??? (in /usr/lib/x86_64-linux-gnu/libcrypto.so.3)
         n1: 8192 0x620904C: ERR_set_mark (in /usr/lib/x86_64-linux-gnu/libcrypto.so.3)
          n1: 8192 0x61B5451: CONF_modules_load_file_ex (in /usr/lib/x86_64-linux-gnu/libcrypto.so.3)
           n1: 8192 0x625A6EF: ??? (in /usr/lib/x86_64-linux-gnu/libcrypto.so.3)
            n1: 8192 0x5F0BEE7: __pthread_once_slow (pthread_once.c:116)
             n1: 8192 0x625E1EC: CRYPTO_THREAD_run_once (in /usr/lib/x86_64-linux-gnu/libcrypto.so.3)
              n1: 8192 0x625B155: OPENSSL_init_crypto (in /usr/lib/x86_64-linux-gnu/libcrypto.so.3)
               n1: 8192 0x63307AC: ??? (in /usr/lib/x86_64-linux-gnu/libcrypto.so.3)
                n1: 8192 0x62853A4: RAND_get_rand_method (in /usr/lib/x86_64-linux-gnu/libcrypto.so.3)
                 n1: 8192 0x6285EC9: RAND_status (in /usr/lib/x86_64-linux-gnu/libcrypto.so.3)
                  n1: 8192 0x5C962CF: OQS_randombytes_openssl (in /home/anss/random/bench/install/lib/liboqs.so.0.15.0)
                   n1: 8192 0x4ADF96C: PQCP_MLKEM_NATIVE_MLKEM512_X86_64_keypair (in /home/anss/random/bench/install/lib/liboqs.so.0.15.0)
                    n0: 8192 0x1092FB: main (in /home/anss/random/bench/mem_kem)
    n0: 0 in 3 places, all below massif's threshold (1.00%)
   n0: 0 in 2 places, all below massif's threshold (1.00%)
  n0: 2048 in 3 places, all below massif's threshold (1.00%)
 n3: 8664 0x6252C3D: CRYPTO_zalloc (in /usr/lib/x86_64-linux-gnu/libcrypto.so.3)
  n2: 3424 0x62559A6: ??? (in /usr/lib/x86_64-linux-gnu/libcrypto.so.3)
   n2: 1776 0x62522C7: ??? (in /usr/lib/x86_64-linux-gnu/libcrypto.so.3)
    n2: 1664 0x62523A9: ??? (in /usr/lib/x86_64-linux-gnu/libcrypto.so.3)
     n1: 1648 0x6248926: OPENSSL_LH_doall_arg (in /usr/lib/x86_64-linux-gnu/libcrypto.so.3)
      n2: 1648 0x626985A: OBJ_NAME_do_all (in /usr/lib/x86_64-linux-gnu/libcrypto.so.3)
       n1: 1312 0x6251FC9: ??? (in /usr/lib/x86_64-linux-gnu/libcrypto.so.3)
        n1: 1312 0x6330F6B: ??? (in /usr/lib/x86_64-linux-gnu/libcrypto.so.3)
         n1: 1312 0x62336C2: EVP_RAND_fetch (in /usr/lib/x86_64-linux-gnu/libcrypto.so.3)
          n1: 1312 0x6285CDB: RAND_get0_primary (in /usr/lib/x86_64-linux-gnu/libcrypto.so.3)
           n1: 1312 0x6285EF6: RAND_status (in /usr/lib/x86_64-linux-gnu/libcrypto.so.3)
            n1: 1312 0x5C962CF: OQS_randombytes_openssl (in /home/anss/random/bench/install/lib/liboqs.so.0.15.0)
             n1: 1312 0x4ADF96C: PQCP_MLKEM_NATIVE_MLKEM512_X86_64_keypair (in /home/anss/random/bench/install/lib/liboqs.so.0.15.0)
              n0: 1312 0x1092FB: main (in /home/anss/random/bench/mem_kem)
       n0: 336 in 1 place, below massif's threshold (1.00%)
     n0: 16 in 1 place, below massif's threshold (1.00%)
    n0: 112 in 2 places, all below massif's threshold (1.00%)
   n2: 1648 0x6252460: ??? (in /usr/lib/x86_64-linux-gnu/libcrypto.so.3)
    n1: 1632 0x6248926: OPENSSL_LH_doall_arg (in /usr/lib/x86_64-linux-gnu/libcrypto.so.3)
     n2: 1632 0x626985A: OBJ_NAME_do_all (in /usr/lib/x86_64-linux-gnu/libcrypto.so.3)
      n1: 1312 0x6251FC9: ??? (in /usr/lib/x86_64-linux-gnu/libcrypto.so.3)
       n1: 1312 0x6330F6B: ??? (in /usr/lib/x86_64-linux-gnu/libcrypto.so.3)
        n1: 1312 0x62336C2: EVP_RAND_fetch (in /usr/lib/x86_64-linux-gnu/libcrypto.so.3)
         n1: 1312 0x6285CDB: RAND_get0_primary (in /usr/lib/x86_64-linux-gnu/libcrypto.so.3)
          n1: 1312 0x6285EF6: RAND_status (in /usr/lib/x86_64-linux-gnu/libcrypto.so.3)
           n1: 1312 0x5C962CF: OQS_randombytes_openssl (in /home/anss/random/bench/install/lib/liboqs.so.0.15.0)
            n1: 1312 0x4ADF96C: PQCP_MLKEM_NATIVE_MLKEM512_X86_64_keypair (in /home/anss/random/bench/install/lib/liboqs.so.0.15.0)
             n0: 1312 0x1092FB: main (in /home/anss/random/bench/mem_kem)
      n0: 320 in 1 place, below massif's threshold (1.00%)
    n0: 16 in 1 place, below massif's threshold (1.00%)
  n0: 3392 in 18 places, all below massif's threshold (1.00%)
  n1: 1848 0x625E073: CRYPTO_THREAD_lock_new (in /usr/lib/x86_64-linux-gnu/libcrypto.so.3)
   n0: 1848 in 16 places, all below massif's threshold (1.00%)
 n1: 5424 0x62695D8: OBJ_NAME_add (in /usr/lib/x86_64-linux-gnu/libcrypto.so.3)
  n0: 5424 in 208 places, all below massif's threshold (1.00%)
 n2: 3552 0x6253C72: CRYPTO_strndup (in /usr/lib/x86_64-linux-gnu/libcrypto.so.3)
  n2: 3538 0x62559C1: ??? (in /usr/lib/x86_64-linux-gnu/libcrypto.so.3)
   n2: 2211 0x6252460: ??? (in /usr/lib/x86_64-linux-gnu/libcrypto.so.3)
    n1: 2190 0x6248926: OPENSSL_LH_doall_arg (in /usr/lib/x86_64-linux-gnu/libcrypto.so.3)
     n2: 2190 0x626985A: OBJ_NAME_do_all (in /usr/lib/x86_64-linux-gnu/libcrypto.so.3)
      n1: 1756 0x6251FC9: ??? (in /usr/lib/x86_64-linux-gnu/libcrypto.so.3)
       n1: 1756 0x6330F6B: ??? (in /usr/lib/x86_64-linux-gnu/libcrypto.so.3)
        n1: 1756 0x62336C2: EVP_RAND_fetch (in /usr/lib/x86_64-linux-gnu/libcrypto.so.3)
         n1: 1756 0x6285CDB: RAND_get0_primary (in /usr/lib/x86_64-linux-gnu/libcrypto.so.3)
          n1: 1756 0x6285EF6: RAND_status (in /usr/lib/x86_64-linux-gnu/libcrypto.so.3)
           n1: 1756 0x5C962CF: OQS_randombytes_openssl (in /home/anss/random/bench/install/lib/liboqs.so.0.15.0)
            n1: 1756 0x4ADF96C: PQCP_MLKEM_NATIVE_MLKEM512_X86_64_keypair (in /home/anss/random/bench/install/lib/liboqs.so.0.15.0)
             n0: 1756 0x1092FB: main (in /home/anss/random/bench/mem_kem)
      n0: 434 in 1 place, below massif's threshold (1.00%)
    n0: 21 in 1 place, below massif's threshold (1.00%)
   n2: 1327 0x62522C7: ??? (in /usr/lib/x86_64-linux-gnu/libcrypto.so.3)
    n2: 1251 0x62523A9: ??? (in /usr/lib/x86_64-linux-gnu/libcrypto.so.3)
     n1: 1237 0x6248926: OPENSSL_LH_doall_arg (in /usr/lib/x86_64-linux-gnu/libcrypto.so.3)
      n1: 1237 0x626985A: OBJ_NAME_do_all (in /usr/lib/x86_64-linux-gnu/libcrypto.so.3)
       n0: 1237 in 2 places, all below massif's threshold (1.00%)
     n0: 14 in 1 place, below massif's threshold (1.00%)
    n0: 76 in 2 places, all below massif's threshold (1.00%)
  n0: 14 in 1 place, below massif's threshold (1.00%)
 n0: 2557 in 20 places, all below massif's threshold (1.00%)
 n0: 1632 0x109277: main (in /home/anss/random/bench/mem_kem)
#-----------
snapshot=30
#-----------
time=5651763
mem_heap_B=77832
mem_heap_extra_B=40808
mem_stacks_B=0
heap_tree=empty
#-----------
snapshot=31
#-----------
time=5773798
mem_heap_B=147514
mem_heap_extra_B=42046
mem_stacks_B=0
heap_tree=empty
#-----------
snapshot=32
#-----------
time=5892633
mem_heap_B=186610
mem_heap_extra_B=42910
mem_stacks_B=0
heap_tree=detailed
n6: 186610 (heap allocation functions) malloc/new/new[], --alloc-fns, etc.
 n5: 112960 0x6252C3D: CRYPTO_zalloc (in /usr/lib/x86_64-linux-gnu/libcrypto.so.3)
  n1: 65536 0x625DF52: ??? (in /usr/lib/x86_64-linux-gnu/libcrypto.so.3)
   n1: 65536 0x6284365: ??? (in /usr/lib/x86_64-linux-gnu/libcrypto.so.3)
    n1: 65536 0x6227DB9: ??? (in /usr/lib/x86_64-linux-gnu/libcrypto.so.3)
     n1: 65536 0x6247CFB: ??? (in /usr/lib/x86_64-linux-gnu/libcrypto.so.3)
      n1: 65536 0x6247BBB: ??? (in /usr/lib/x86_64-linux-gnu/libcrypto.so.3)
       n1: 65536 0x62672DA: ??? (in /usr/lib/x86_64-linux-gnu/libcrypto.so.3)
        n1: 65536 0x63309E7: ??? (in /usr/lib/x86_64-linux-gnu/libcrypto.so.3)
         n1: 65536 0x633103D: ??? (in /usr/lib/x86_64-linux-gnu/libcrypto.so.3)
          n1: 65536 0x62336C2: EVP_RAND_fetch (in /usr/lib/x86_64-linux-gnu/libcrypto.so.3)
           n1: 65536 0x6285CDB: RAND_get0_primary (in /usr/lib/x86_64-linux-gnu/libcrypto.so.3)
            n1: 65536 0x6285EF6: RAND_status (in /usr/lib/x86_64-linux-gnu/libcrypto.so.3)
             n1: 65536 0x5C962CF: OQS_randombytes_openssl (in /home/anss/random/bench/install/lib/liboqs.so.0.15.0)
              n1: 65536 0x4ADF96C: PQCP_MLKEM_NATIVE_MLKEM512_X86_64_keypair (in /home/anss/random/bench/install/lib/liboqs.so.0.15.0)
               n0: 65536 0x1092FB: main (in /home/anss/random/bench/mem_kem)
  n1: 32768 0x625DFC4: ??? (in /usr/lib/x86_64-linux-gnu/libcrypto.so.3)
   n1: 32768 0x6284365: ??? (in /usr/lib/x86_64-linux-gnu/libcrypto.so.3)
    n1: 32768 0x6227DB9: ??? (in /usr/lib/x86_64-linux-gnu/libcrypto.so.3)
     n1: 32768 0x6247CFB: ??? (in /usr/lib/x86_64-linux-gnu/libcrypto.so.3)
      n1: 32768 0x6247BBB: ??? (in /usr/lib/x86_64-linux-gnu/libcrypto.so.3)
       n1: 32768 0x62672DA: ??? (in /usr/lib/x86_64-linux-gnu/libcrypto.so.3)
        n1: 32768 0x63309E7: ??? (in /usr/lib/x86_64-linux-gnu/libcrypto.so.3)
         n1: 32768 0x633103D: ??? (in /usr/lib/x86_64-linux-gnu/libcrypto.so.3)
          n1: 32768 0x62336C2: EVP_RAND_fetch (in /usr/lib/x86_64-linux-gnu/libcrypto.so.3)
           n1: 32768 0x6285CDB: RAND_get0_primary (in /usr/lib/x86_64-linux-gnu/libcrypto.so.3)
            n1: 32768 0x6285EF6: RAND_status (in /usr/lib/x86_64-linux-gnu/libcrypto.so.3)
             n1: 32768 0x5C962CF: OQS_randombytes_openssl (in /home/anss/random/bench/install/lib/liboqs.so.0.15.0)
              n1: 32768 0x4ADF96C: PQCP_MLKEM_NATIVE_MLKEM512_X86_64_keypair (in /home/anss/random/bench/install/lib/liboqs.so.0.15.0)
               n0: 32768 0x1092FB: main (in /home/anss/random/bench/mem_kem)
  n0: 7976 in 30 places, all below massif's threshold (1.00%)
  n1: 4160 0x62559A6: ??? (in /usr/lib/x86_64-linux-gnu/libcrypto.so.3)
   n0: 4160 in 3 places, all below massif's threshold (1.00%)
  n1: 2520 0x625E073: CRYPTO_THREAD_lock_new (in /usr/lib/x86_64-linux-gnu/libcrypto.so.3)
   n0: 2520 in 23 places, all below massif's threshold (1.00%)
 n4: 45864 0x6248625: OPENSSL_LH_insert (in /usr/lib/x86_64-linux-gnu/libcrypto.so.3)
  n2: 33912 0x6339B72: ??? (in /usr/lib/x86_64-linux-gnu/libcrypto.so.3)
   n5: 31944 0x6206BEF: ERR_load_strings_const (in /usr/lib/x86_64-linux-gnu/libcrypto.so.3)
    n0: 21312 in 29 places, all below massif's threshold (1.00%)
    n1: 2952 0x625972B: ??? (in /usr/lib/x86_64-linux-gnu/libcrypto.so.3)
     n1: 2952 0x5F0BEE7: __pthread_once_slow (pthread_once.c:116)
      n1: 2952 0x625E1EC: CRYPTO_THREAD_run_once (in /usr/lib/x86_64-linux-gnu/libcrypto.so.3)
       n1: 2952 0x625AEE2: OPENSSL_init_crypto (in /usr/lib/x86_64-linux-gnu/libcrypto.so.3)
        n1: 2952 0x6208686: ??? (in /usr/lib/x86_64-linux-gnu/libcrypto.so.3)
         n1: 2952 0x620904C: ERR_set_mark (in /usr/lib/x86_64-linux-gnu/libcrypto.so.3)
          n1: 2952 0x61B5451: CONF_modules_load_file_ex (in /usr/lib/x86_64-linux-gnu/libcrypto.so.3)
           n1: 2952 0x625A6EF: ??? (in /usr/lib/x86_64-linux-gnu/libcrypto.so.3)
            n1: 2952 0x5F0BEE7: __pthread_once_slow (pthread_once.c:116)
             n1: 2952 0x625E1EC: CRYPTO_THREAD_run_once (in /usr/lib/x86_64-linux-gnu/libcrypto.so.3)
              n1: 2952 0x625B155: OPENSSL_init_crypto (in /usr/lib/x86_64-linux-gnu/libcrypto.so.3)
               n1: 2952 0x63307AC: ??? (in /usr/lib/x86_64-linux-gnu/libcrypto.so.3)
                n1: 2952 0x62853A4: RAND_get_rand_method (in /usr/lib/x86_64-linux-gnu/libcrypto.so.3)
                 n1: 2952 0x6285EC9: RAND_status (in /usr/lib/x86_64-linux-gnu/libcrypto.so.3)
                  n1: 2952 0x5C962CF: OQS_randombytes_openssl (in /home/anss/random/bench/install/lib/liboqs.so.0.15.0)
                   n1: 2952 0x4ADF96C: PQCP_MLKEM_NATIVE_MLKEM512_X86_64_keypair (in /home/anss/random/bench/install/lib/liboqs.so.0.15.0)
                    n0: 2952 0x1092FB: main (in /home/anss/random/bench/mem_kem)
    n1: 2760 0x6259801: ??? (in /usr/lib/x86_64-linux-gnu/libcrypto.so.3)
     n1: 2760 0x5F0BEE7: __pthread_once_slow (pthread_once.c:116)
      n1: 2760 0x625E1EC: CRYPTO_THREAD_run_once (in /usr/lib/x86_64-linux-gnu/libcrypto.so.3)
       n1: 2760 0x625AEE2: OPENSSL_init_crypto (in /usr/lib/x86_64-linux-gnu/libcrypto.so.3)
        n1: 2760 0x6208686: ??? (in /usr/lib/x86_64-linux-gnu/libcrypto.so.3)
         n1: 2760 0x620904C: ERR_set_mark (in /usr/lib/x86_64-linux-gnu/libcrypto.so.3)
          n1: 2760 0x61B5451: CONF_modules_load_file_ex (in /usr/lib/x86_64-linux-gnu/libcrypto.so.3)
           n1: 2760 0x625A6EF: ??? (in /usr/lib/x86_64-linux-gnu/libcrypto.so.3)
            n1: 2760 0x5F0BEE7: __pthread_once_slow (pthread_once.c:116)
             n1: 2760 0x625E1EC: CRYPTO_THREAD_run_once (in /usr/lib/x86_64-linux-gnu/libcrypto.so.3)
              n1: 2760 0x625B155: OPENSSL_init_crypto (in /usr/lib/x86_64-linux-gnu/libcrypto.so.3)
               n1: 2760 0x63307AC: ??? (in /usr/lib/x86_64-linux-gnu/libcrypto.so.3)
                n1: 2760 0x62853A4: RAND_get_rand_method (in /usr/lib/x86_64-linux-gnu/libcrypto.so.3)
                 n1: 2760 0x6285EC9: RAND_status (in /usr/lib/x86_64-linux-gnu/libcrypto.so.3)
                  n1: 2760 0x5C962CF: OQS_randombytes_openssl (in /home/anss/random/bench/install/lib/liboqs.so.0.15.0)
                   n1: 2760 0x4ADF96C: PQCP_MLKEM_NATIVE_MLKEM512_X86_64_keypair (in /home/anss/random/bench/install/lib/liboqs.so.0.15.0)
                    n0: 2760 0x1092FB: main (in /home/anss/random/bench/mem_kem)
    n1: 2616 0x625979B: ??? (in /usr/lib/x86_64-linux-gnu/libcrypto.so.3)
     n1: 2616 0x5F0BEE7: __pthread_once_slow (pthread_once.c:116)
      n1: 2616 0x625E1EC: CRYPTO_THREAD_run_once (in /usr/lib/x86_64-linux-gnu/libcrypto.so.3)
       n1: 2616 0x625AEE2: OPENSSL_init_crypto (in /usr/lib/x86_64-linux-gnu/libcrypto.so.3)
        n1: 2616 0x6208686: ??? (in /usr/lib/x86_64-linux-gnu/libcrypto.so.3)
         n1: 2616 0x620904C: ERR_set_mark (in /usr/lib/x86_64-linux-gnu/libcrypto.so.3)
          n1: 2616 0x61B5451: CONF_modules_load_file_ex (in /usr/lib/x86_64-linux-gnu/libcrypto.so.3)
           n1: 2616 0x625A6EF: ??? (in /usr/lib/x86_64-linux-gnu/libcrypto.so.3)
            n1: 2616 0x5F0BEE7: __pthread_once_slow (pthread_once.c:116)
             n1: 2616 0x625E1EC: CRYPTO_THREAD_run_once (in /usr/lib/x86_64-linux-gnu/libcrypto.so.3)
              n1: 2616 0x625B155: OPENSSL_init_crypto (in /usr/lib/x86_64-linux-gnu/libcrypto.so.3)
               n1: 2616 0x63307AC: ??? (in /usr/lib/x86_64-linux-gnu/libcrypto.so.3)
                n1: 2616 0x62853A4: RAND_get_rand_method (in /usr/lib/x86_64-linux-gnu/libcrypto.so.3)
                 n1: 2616 0x6285EC9: RAND_status (in /usr/lib/x86_64-linux-gnu/libcrypto.so.3)
                  n1: 2616 0x5C962CF: OQS_randombytes_openssl (in /home/anss/random/bench/install/lib/liboqs.so.0.15.0)
                   n1: 2616 0x4ADF96C: PQCP_MLKEM_NATIVE_MLKEM512_X86_64_keypair (in /home/anss/random/bench/install/lib/liboqs.so.0.15.0)
                    n0: 2616 0x1092FB: main (in /home/anss/random/bench/mem_kem)
    n1: 2304 0x6259845: ??? (in /usr/lib/x86_64-linux-gnu/libcrypto.so.3)
     n1: 2304 0x5F0BEE7: __pthread_once_slow (pthread_once.c:116)
      n1: 2304 0x625E1EC: CRYPTO_THREAD_run_once (in /usr/lib/x86_64-linux-gnu/libcrypto.so.3)
       n1: 2304 0x625AEE2: OPENSSL_init_crypto (in /usr/lib/x86_64-linux-gnu/libcrypto.so.3)
        n1: 2304 0x6208686: ??? (in /usr/lib/x86_64-linux-gnu/libcrypto.so.3)
         n1: 2304 0x620904C: ERR_set_mark (in /usr/lib/x86_64-linux-gnu/libcrypto.so.3)
          n1: 2304 0x61B5451: CONF_modules_load_file_ex (in /usr/lib/x86_64-linux-gnu/libcrypto.so.3)
           n1: 2304 0x625A6EF: ??? (in /usr/lib/x86_64-linux-gnu/libcrypto.so.3)
            n1: 2304 0x5F0BEE7: __pthread_once_slow (pthread_once.c:116)
             n1: 2304 0x625E1EC: CRYPTO_THREAD_run_once (in /usr/lib/x86_64-linux-gnu/libcrypto.so.3)
              n1: 2304 0x625B155: OPENSSL_init_crypto (in /usr/lib/x86_64-linux-gnu/libcrypto.so.3)
               n1: 2304 0x63307AC: ??? (in /usr/lib/x86_64-linux-gnu/libcrypto.so.3)
                n1: 2304 0x62853A4: RAND_get_rand_method (in /usr/lib/x86_64-linux-gnu/libcrypto.so.3)
                 n1: 2304 0x6285EC9: RAND_status (in /usr/lib/x86_64-linux-gnu/libcrypto.so.3)
                  n1: 2304 0x5C962CF: OQS_randombytes_openssl (in /home/anss/random/bench/install/lib/liboqs.so.0.15.0)
                   n1: 2304 0x4ADF96C: PQCP_MLKEM_NATIVE_MLKEM512_X86_64_keypair (in /home/anss/random/bench/install/lib/liboqs.so.0.15.0)
                    n0: 2304 0x1092FB: main (in /home/anss/random/bench/mem_kem)
   n0: 1968 in 2 places, all below massif's threshold (1.00%)
  n3: 6240 0x62559E2: ??? (in /usr/lib/x86_64-linux-gnu/libcrypto.so.3)
   n2: 3264 0x62522C7: ??? (in /usr/lib/x86_64-linux-gnu/libcrypto.so.3)
    n2: 2808 0x62523A9: ??? (in /usr/lib/x86_64-linux-gnu/libcrypto.so.3)
     n1: 2472 0x6248926: OPENSSL_LH_doall_arg (in /usr/lib/x86_64-linux-gnu/libcrypto.so.3)
      n1: 2472 0x626985A: OBJ_NAME_do_all (in /usr/lib/x86_64-linux-gnu/libcrypto.so.3)
       n0: 2472 in 2 places, all below massif's threshold (1.00%)
     n0: 336 in 4 places, all below massif's threshold (1.00%)
    n0: 456 in 5 places, all below massif's threshold (1.00%)
   n2: 2832 0x6252460: ??? (in /usr/lib/x86_64-linux-gnu/libcrypto.so.3)
    n1: 2448 0x6248926: OPENSSL_LH_doall_arg (in /usr/lib/x86_64-linux-gnu/libcrypto.so.3)
     n1: 2448 0x626985A: OBJ_NAME_do_all (in /usr/lib/x86_64-linux-gnu/libcrypto.so.3)
      n0: 2448 in 2 places, all below massif's threshold (1.00%)
    n0: 384 in 4 places, all below massif's threshold (1.00%)
   n0: 144 in 1 place, below massif's threshold (1.00%)
  n2: 5424 0x626961A: OBJ_NAME_add (in /usr/lib/x86_64-linux-gnu/libcrypto.so.3)
   n1: 3264 0x623BB24: EVP_add_cipher (in /usr/lib/x86_64-linux-gnu/libcrypto.so.3)
    n0: 3264 in 136 places, all below massif's threshold (1.00%)
   n0: 2160 in 56 places, all below massif's threshold (1.00%)
  n0: 288 in 5 places, all below massif's threshold (1.00%)
 n2: 11264 0x62485D3: OPENSSL_LH_insert (in /usr/lib/x86_64-linux-gnu/libcrypto.so.3)
  n2: 8192 0x6339B72: ??? (in /usr/lib/x86_64-linux-gnu/libcrypto.so.3)
   n2: 8192 0x6206BEF: ERR_load_strings_const (in /usr/lib/x86_64-linux-gnu/libcrypto.so.3)
    n1: 8192 0x62598DE: ??? (in /usr/lib/x86_64-linux-gnu/libcrypto.so.3)
     n1: 8192 0x5F0BEE7: __pthread_once_slow (pthread_once.c:116)
      n1: 8192 0x625E1EC: CRYPTO_THREAD_run_once (in /usr/lib/x86_64-linux-gnu/libcrypto.so.3)
       n1: 8192 0x625AEE2: OPENSSL_init_crypto (in /usr/lib/x86_64-linux-gnu/libcrypto.so.3)
        n1: 8192 0x6208686: ??? (in /usr/lib/x86_64-linux-gnu/libcrypto.so.3)
         n1: 8192 0x620904C: ERR_set_mark (in /usr/lib/x86_64-linux-gnu/libcrypto.so.3)
          n1: 8192 0x61B5451: CONF_modules_load_file_ex (in /usr/lib/x86_64-linux-gnu/libcrypto.so.3)
           n1: 8192 0x625A6EF: ??? (in /usr/lib/x86_64-linux-gnu/libcrypto.so.3)
            n1: 8192 0x5F0BEE7: __pthread_once_slow (pthread_once.c:116)
             n1: 8192 0x625E1EC: CRYPTO_THREAD_run_once (in /usr/lib/x86_64-linux-gnu/libcrypto.so.3)
              n1: 8192 0x625B155: OPENSSL_init_crypto (in /usr/lib/x86_64-linux-gnu/libcrypto.so.3)
               n1: 8192 0x63307AC: ??? (in /usr/lib/x86_64-linux-gnu/libcrypto.so.3)
                n1: 8192 0x62853A4: RAND_get_rand_method (in /usr/lib/x86_64-linux-gnu/libcrypto.so.3)
                 n1: 8192 0x6285EC9: RAND_status (in /usr/lib/x86_64-linux-gnu/libcrypto.so.3)
                  n1: 8192 0x5C962CF: OQS_randombytes_openssl (in /home/anss/random/bench/install/lib/liboqs.so.0.15.0)
                   n1: 8192 0x4ADF96C: PQCP_MLKEM_NATIVE_MLKEM512_X86_64_keypair (in /home/anss/random/bench/install/lib/liboqs.so.0.15.0)
                    n0: 8192 0x1092FB: main (in /home/anss/random/bench/mem_kem)
    n0: 0 in 3 places, all below massif's threshold (1.00%)
   n0: 0 in 2 places, all below massif's threshold (1.00%)
  n0: 3072 in 3 places, all below massif's threshold (1.00%)
 n0: 6976 in 32 places, all below massif's threshold (1.00%)
 n1: 5424 0x62695D8: OBJ_NAME_add (in /usr/lib/x86_64-linux-gnu/libcrypto.so.3)
  n0: 5424 in 208 places, all below massif's threshold (1.00%)
 n2: 4122 0x6253C72: CRYPTO_strndup (in /usr/lib/x86_64-linux-gnu/libcrypto.so.3)
  n2: 4062 0x62559C1: ??? (in /usr/lib/x86_64-linux-gnu/libcrypto.so.3)
   n1: 2446 0x6252460: ??? (in /usr/lib/x86_64-linux-gnu/libcrypto.so.3)
    n0: 2446 in 5 places, all below massif's threshold (1.00%)
   n0: 1616 in 2 places, all below massif's threshold (1.00%)
  n0: 60 in 3 places, all below massif's threshold (1.00%)
#-----------
snapshot=33
#-----------
time=6002367
mem_heap_B=252015
mem_heap_extra_B=43201
mem_stacks_B=0
heap_tree=empty
#-----------
snapshot=34
#-----------
time=6180752
mem_heap_B=292836
mem_heap_extra_B=44148
mem_stacks_B=0
heap_tree=detailed
n6: 292836 (heap allocation functions) malloc/new/new[], --alloc-fns, etc.
 n5: 218400 0x6252C3D: CRYPTO_zalloc (in /usr/lib/x86_64-linux-gnu/libcrypto.so.3)
  n1: 131072 0x625DFC4: ??? (in /usr/lib/x86_64-linux-gnu/libcrypto.so.3)
   n1: 131072 0x6284365: ??? (in /usr/lib/x86_64-linux-gnu/libcrypto.so.3)
    n1: 131072 0x6227DB9: ??? (in /usr/lib/x86_64-linux-gnu/libcrypto.so.3)
     n1: 131072 0x6247CFB: ??? (in /usr/lib/x86_64-linux-gnu/libcrypto.so.3)
      n1: 131072 0x6247BBB: ??? (in /usr/lib/x86_64-linux-gnu/libcrypto.so.3)
       n1: 131072 0x62672DA: ??? (in /usr/lib/x86_64-linux-gnu/libcrypto.so.3)
        n1: 131072 0x63309E7: ??? (in /usr/lib/x86_64-linux-gnu/libcrypto.so.3)
         n2: 131072 0x633103D: ??? (in /usr/lib/x86_64-linux-gnu/libcrypto.so.3)
          n1: 98304 0x6228652: EVP_CIPHER_fetch (in /usr/lib/x86_64-linux-gnu/libcrypto.so.3)
           n1: 98304 0x631B6C4: ??? (in /usr/lib/x86_64-linux-gnu/libcrypto.so.3)
            n1: 98304 0x631BB22: ??? (in /usr/lib/x86_64-linux-gnu/libcrypto.so.3)
             n1: 98304 0x6233AD7: EVP_RAND_instantiate (in /usr/lib/x86_64-linux-gnu/libcrypto.so.3)
              n1: 98304 0x6285A91: ??? (in /usr/lib/x86_64-linux-gnu/libcrypto.so.3)
               n1: 98304 0x6285C2B: RAND_get0_primary (in /usr/lib/x86_64-linux-gnu/libcrypto.so.3)
                n1: 98304 0x6285EF6: RAND_status (in /usr/lib/x86_64-linux-gnu/libcrypto.so.3)
                 n1: 98304 0x5C962CF: OQS_randombytes_openssl (in /home/anss/random/bench/install/lib/liboqs.so.0.15.0)
                  n1: 98304 0x4ADF96C: PQCP_MLKEM_NATIVE_MLKEM512_X86_64_keypair (in /home/anss/random/bench/install/lib/liboqs.so.0.15.0)
                   n0: 98304 0x1092FB: main (in /home/anss/random/bench/mem_kem)
          n1: 32768 0x62336C2: EVP_RAND_fetch (in /usr/lib/x86_64-linux-gnu/libcrypto.so.3)
           n1: 32768 0x6285CDB: RAND_get0_primary (in /usr/lib/x86_64-linux-gnu/libcrypto.so.3)
            n1: 32768 0x6285EF6: RAND_status (in /usr/lib/x86_64-linux-gnu/libcrypto.so.3)
             n1: 32768 0x5C962CF: OQS_randombytes_openssl (in /home/anss/random/bench/install/lib/liboqs.so.0.15.0)
              n1: 32768 0x4ADF96C: PQCP_MLKEM_NATIVE_MLKEM512_X86_64_keypair (in /home/anss/random/bench/install/lib/liboqs.so.0.15.0)
               n0: 32768 0x1092FB: main (in /home/anss/random/bench/mem_kem)
  n1: 65536 0x625DF52: ??? (in /usr/lib/x86_64-linux-gnu/libcrypto.so.3)
   n1: 65536 0x6284365: ??? (in /usr/lib/x86_64-linux-gnu/libcrypto.so.3)
    n1: 65536 0x6227DB9: ??? (in /usr/lib/x86_64-linux-gnu/libcrypto.so.3)
     n1: 65536 0x6247CFB: ??? (in /usr/lib/x86_64-linux-gnu/libcrypto.so.3)
      n1: 65536 0x6247BBB: ??? (in /usr/lib/x86_64-linux-gnu/libcrypto.so.3)
       n1: 65536 0x62672DA: ??? (in /usr/lib/x86_64-linux-gnu/libcrypto.so.3)
        n1: 65536 0x63309E7: ??? (in /usr/lib/x86_64-linux-gnu/libcrypto.so.3)
         n1: 65536 0x633103D: ??? (in /usr/lib/x86_64-linux-gnu/libcrypto.so.3)
          n1: 65536 0x62336C2: EVP_RAND_fetch (in /usr/lib/x86_64-linux-gnu/libcrypto.so.3)
           n1: 65536 0x6285CDB: RAND_get0_primary (in /usr/lib/x86_64-linux-gnu/libcrypto.so.3)
            n1: 65536 0x6285EF6: RAND_status (in /usr/lib/x86_64-linux-gnu/libcrypto.so.3)
             n1: 65536 0x5C962CF: OQS_randombytes_openssl (in /home/anss/random/bench/install/lib/liboqs.so.0.15.0)
              n1: 65536 0x4ADF96C: PQCP_MLKEM_NATIVE_MLKEM512_X86_64_keypair (in /home/anss/random/bench/install/lib/liboqs.so.0.15.0)
               n0: 65536 0x1092FB: main (in /home/anss/random/bench/mem_kem)
  n0: 13840 in 30 places, all below massif's threshold (1.00%)
  n1: 4256 0x62559A6: ??? (in /usr/lib/x86_64-linux-gnu/libcrypto.so.3)
   n0: 4256 in 3 places, all below massif's threshold (1.00%)
  n1: 3696 0x62482DC: OPENSSL_LH_new (in /usr/lib/x86_64-linux-gnu/libcrypto.so.3)
   n0: 3696 in 8 places, all below massif's threshold (1.00%)
 n4: 46008 0x6248625: OPENSSL_LH_insert (in /usr/lib/x86_64-linux-gnu/libcrypto.so.3)
  n2: 33912 0x6339B72: ??? (in /usr/lib/x86_64-linux-gnu/libcrypto.so.3)
   n1: 31944 0x6206BEF: ERR_load_strings_const (in /usr/lib/x86_64-linux-gnu/libcrypto.so.3)
    n0: 31944 in 33 places, all below massif's threshold (1.00%)
   n0: 1968 in 2 places, all below massif's threshold (1.00%)
  n1: 6384 0x62559E2: ??? (in /usr/lib/x86_64-linux-gnu/libcrypto.so.3)
   n0: 6384 in 3 places, all below massif's threshold (1.00%)
  n1: 5424 0x626961A: OBJ_NAME_add (in /usr/lib/x86_64-linux-gnu/libcrypto.so.3)
   n0: 5424 in 57 places, all below massif's threshold (1.00%)
  n0: 288 in 5 places, all below massif's threshold (1.00%)
 n2: 11264 0x62485D3: OPENSSL_LH_insert (in /usr/lib/x86_64-linux-gnu/libcrypto.so.3)
  n2: 8192 0x6339B72: ??? (in /usr/lib/x86_64-linux-gnu/libcrypto.so.3)
   n2: 8192 0x6206BEF: ERR_load_strings_const (in /usr/lib/x86_64-linux-gnu/libcrypto.so.3)
    n1: 8192 0x62598DE: ??? (in /usr/lib/x86_64-linux-gnu/libcrypto.so.3)
     n1: 8192 0x5F0BEE7: __pthread_once_slow (pthread_once.c:116)
      n1: 8192 0x625E1EC: CRYPTO_THREAD_run_once (in /usr/lib/x86_64-linux-gnu/libcrypto.so.3)
       n1: 8192 0x625AEE2: OPENSSL_init_crypto (in /usr/lib/x86_64-linux-gnu/libcrypto.so.3)
        n1: 8192 0x6208686: ??? (in /usr/lib/x86_64-linux-gnu/libcrypto.so.3)
         n1: 8192 0x620904C: ERR_set_mark (in /usr/lib/x86_64-linux-gnu/libcrypto.so.3)
          n1: 8192 0x61B5451: CONF_modules_load_file_ex (in /usr/lib/x86_64-linux-gnu/libcrypto.so.3)
           n1: 8192 0x625A6EF: ??? (in /usr/lib/x86_64-linux-gnu/libcrypto.so.3)
            n1: 8192 0x5F0BEE7: __pthread_once_slow (pthread_once.c:116)
             n1: 8192 0x625E1EC: CRYPTO_THREAD_run_once (in /usr/lib/x86_64-linux-gnu/libcrypto.so.3)
              n1: 8192 0x625B155: OPENSSL_init_crypto (in /usr/lib/x86_64-linux-gnu/libcrypto.so.3)
               n1: 8192 0x63307AC: ??? (in /usr/lib/x86_64-linux-gnu/libcrypto.so.3)
                n1: 8192 0x62853A4: RAND_get_rand_method (in /usr/lib/x86_64-linux-gnu/libcrypto.so.3)
                 n1: 8192 0x6285EC9: RAND_status (in /usr/lib/x86_64-linux-gnu/libcrypto.so.3)
                  n1: 8192 0x5C962CF: OQS_randombytes_openssl (in /home/anss/random/bench/install/lib/liboqs.so.0.15.0)
                   n1: 8192 0x4ADF96C: PQCP_MLKEM_NATIVE_MLKEM512_X86_64_keypair (in /home/anss/random/bench/install/lib/liboqs.so.0.15.0)
                    n0: 8192 0x1092FB: main (in /home/anss/random/bench/mem_kem)
    n0: 0 in 3 places, all below massif's threshold (1.00%)
   n0: 0 in 2 places, all below massif's threshold (1.00%)
  n0: 3072 in 3 places, all below massif's threshold (1.00%)
 n0: 7424 in 32 places, all below massif's threshold (1.00%)
 n1: 5424 0x62695D8: OBJ_NAME_add (in /usr/lib/x86_64-linux-gnu/libcrypto.so.3)
  n0: 5424 in 208 places, all below massif's threshold (1.00%)
 n2: 4316 0x6253C72: CRYPTO_strndup (in /usr/lib/x86_64-linux-gnu/libcrypto.so.3)
  n1: 4131 0x62559C1: ??? (in /usr/lib/x86_64-linux-gnu/libcrypto.so.3)
   n0: 4131 in 3 places, all below massif's threshold (1.00%)
  n0: 185 in 3 places, all below massif's threshold (1.00%)
#-----------
snapshot=35
#-----------
time=6290267
mem_heap_B=328628
mem_heap_extra_B=44556
mem_stacks_B=0
heap_tree=detailed
n6: 328628 (heap allocation functions) malloc/new/new[], --alloc-fns, etc.
 n6: 253984 0x6252C3D: CRYPTO_zalloc (in /usr/lib/x86_64-linux-gnu/libcrypto.so.3)
  n1: 163840 0x625DFC4: ??? (in /usr/lib/x86_64-linux-gnu/libcrypto.so.3)
   n1: 163840 0x6284365: ??? (in /usr/lib/x86_64-linux-gnu/libcrypto.so.3)
    n1: 163840 0x6227DB9: ??? (in /usr/lib/x86_64-linux-gnu/libcrypto.so.3)
     n1: 163840 0x6247CFB: ??? (in /usr/lib/x86_64-linux-gnu/libcrypto.so.3)
      n1: 163840 0x6247BBB: ??? (in /usr/lib/x86_64-linux-gnu/libcrypto.so.3)
       n1: 163840 0x62672DA: ??? (in /usr/lib/x86_64-linux-gnu/libcrypto.so.3)
        n1: 163840 0x63309E7: ??? (in /usr/lib/x86_64-linux-gnu/libcrypto.so.3)
         n2: 163840 0x633103D: ??? (in /usr/lib/x86_64-linux-gnu/libcrypto.so.3)
          n1: 131072 0x6228652: EVP_CIPHER_fetch (in /usr/lib/x86_64-linux-gnu/libcrypto.so.3)
           n1: 131072 0x631B6C4: ??? (in /usr/lib/x86_64-linux-gnu/libcrypto.so.3)
            n1: 131072 0x631BB22: ??? (in /usr/lib/x86_64-linux-gnu/libcrypto.so.3)
             n1: 131072 0x6233AD7: EVP_RAND_instantiate (in /usr/lib/x86_64-linux-gnu/libcrypto.so.3)
              n1: 131072 0x6285A91: ??? (in /usr/lib/x86_64-linux-gnu/libcrypto.so.3)
               n1: 131072 0x6285C2B: RAND_get0_primary (in /usr/lib/x86_64-linux-gnu/libcrypto.so.3)
                n1: 131072 0x6285EF6: RAND_status (in /usr/lib/x86_64-linux-gnu/libcrypto.so.3)
                 n1: 131072 0x5C962CF: OQS_randombytes_openssl (in /home/anss/random/bench/install/lib/liboqs.so.0.15.0)
                  n1: 131072 0x4ADF96C: PQCP_MLKEM_NATIVE_MLKEM512_X86_64_keypair (in /home/anss/random/bench/install/lib/liboqs.so.0.15.0)
                   n0: 131072 0x1092FB: main (in /home/anss/random/bench/mem_kem)
          n1: 32768 0x62336C2: EVP_RAND_fetch (in /usr/lib/x86_64-linux-gnu/libcrypto.so.3)
           n1: 32768 0x6285CDB: RAND_get0_primary (in /usr/lib/x86_64-linux-gnu/libcrypto.so.3)
            n1: 32768 0x6285EF6: RAND_status (in /usr/lib/x86_64-linux-gnu/libcrypto.so.3)
             n1: 32768 0x5C962CF: OQS_randombytes_openssl (in /home/anss/random/bench/install/lib/liboqs.so.0.15.0)
              n1: 32768 0x4ADF96C: PQCP_MLKEM_NATIVE_MLKEM512_X86_64_keypair (in /home/anss/random/bench/install/lib/liboqs.so.0.15.0)
               n0: 32768 0x1092FB: main (in /home/anss/random/bench/mem_kem)
  n1: 65536 0x625DF52: ??? (in /usr/lib/x86_64-linux-gnu/libcrypto.so.3)
   n1: 65536 0x6284365: ??? (in /usr/lib/x86_64-linux-gnu/libcrypto.so.3)
    n1: 65536 0x6227DB9: ??? (in /usr/lib/x86_64-linux-gnu/libcrypto.so.3)
     n1: 65536 0x6247CFB: ??? (in /usr/lib/x86_64-linux-gnu/libcrypto.so.3)
      n1: 65536 0x6247BBB: ??? (in /usr/lib/x86_64-linux-gnu/libcrypto.so.3)
       n1: 65536 0x62672DA: ??? (in /usr/lib/x86_64-linux-gnu/libcrypto.so.3)
        n1: 65536 0x63309E7: ??? (in /usr/lib/x86_64-linux-gnu/libcrypto.so.3)
         n1: 65536 0x633103D: ??? (in /usr/lib/x86_64-linux-gnu/libcrypto.so.3)
          n1: 65536 0x62336C2: EVP_RAND_fetch (in /usr/lib/x86_64-linux-gnu/libcrypto.so.3)
           n1: 65536 0x6285CDB: RAND_get0_primary (in /usr/lib/x86_64-linux-gnu/libcrypto.so.3)
            n1: 65536 0x6285EF6: RAND_status (in /usr/lib/x86_64-linux-gnu/libcrypto.so.3)
             n1: 65536 0x5C962CF: OQS_randombytes_openssl (in /home/anss/random/bench/install/lib/liboqs.so.0.15.0)
              n1: 65536 0x4ADF96C: PQCP_MLKEM_NATIVE_MLKEM512_X86_64_keypair (in /home/anss/random/bench/install/lib/liboqs.so.0.15.0)
               n0: 65536 0x1092FB: main (in /home/anss/random/bench/mem_kem)
  n0: 12112 in 29 places, all below massif's threshold (1.00%)
  n1: 4400 0x62482DC: OPENSSL_LH_new (in /usr/lib/x86_64-linux-gnu/libcrypto.so.3)
   n0: 4400 in 8 places, all below massif's threshold (1.00%)
  n1: 4256 0x62559A6: ??? (in /usr/lib/x86_64-linux-gnu/libcrypto.so.3)
   n0: 4256 in 3 places, all below massif's threshold (1.00%)
  n1: 3840 0x622FE73: ??? (in /usr/lib/x86_64-linux-gnu/libcrypto.so.3)
   n1: 3840 0x623119D: ??? (in /usr/lib/x86_64-linux-gnu/libcrypto.so.3)
    n1: 3840 0x6227E59: ??? (in /usr/lib/x86_64-linux-gnu/libcrypto.so.3)
     n1: 3840 0x6247C98: ??? (in /usr/lib/x86_64-linux-gnu/libcrypto.so.3)
      n1: 3840 0x6247BBB: ??? (in /usr/lib/x86_64-linux-gnu/libcrypto.so.3)
       n1: 3840 0x62672DA: ??? (in /usr/lib/x86_64-linux-gnu/libcrypto.so.3)
        n1: 3840 0x63309E7: ??? (in /usr/lib/x86_64-linux-gnu/libcrypto.so.3)
         n1: 3840 0x633103D: ??? (in /usr/lib/x86_64-linux-gnu/libcrypto.so.3)
          n1: 3840 0x6228652: EVP_CIPHER_fetch (in /usr/lib/x86_64-linux-gnu/libcrypto.so.3)
           n1: 3840 0x631B6C4: ??? (in /usr/lib/x86_64-linux-gnu/libcrypto.so.3)
            n1: 3840 0x631BB22: ??? (in /usr/lib/x86_64-linux-gnu/libcrypto.so.3)
             n1: 3840 0x6233AD7: EVP_RAND_instantiate (in /usr/lib/x86_64-linux-gnu/libcrypto.so.3)
              n1: 3840 0x6285A91: ??? (in /usr/lib/x86_64-linux-gnu/libcrypto.so.3)
               n1: 3840 0x6285C2B: RAND_get0_primary (in /usr/lib/x86_64-linux-gnu/libcrypto.so.3)
                n1: 3840 0x6285EF6: RAND_status (in /usr/lib/x86_64-linux-gnu/libcrypto.so.3)
                 n1: 3840 0x5C962CF: OQS_randombytes_openssl (in /home/anss/random/bench/install/lib/liboqs.so.0.15.0)
                  n1: 3840 0x4ADF96C: PQCP_MLKEM_NATIVE_MLKEM512_X86_64_keypair (in /home/anss/random/bench/install/lib/liboqs.so.0.15.0)
                   n0: 3840 0x1092FB: main (in /home/anss/random/bench/mem_kem)
 n4: 46008 0x6248625: OPENSSL_LH_insert (in /usr/lib/x86_64-linux-gnu/libcrypto.so.3)
  n2: 33912 0x6339B72: ??? (in /usr/lib/x86_64-linux-gnu/libcrypto.so.3)
   n1: 31944 0x6206BEF: ERR_load_strings_const (in /usr/lib/x86_64-linux-gnu/libcrypto.so.3)
    n0: 31944 in 33 places, all below massif's threshold (1.00%)
   n0: 1968 in 2 places, all below massif's threshold (1.00%)
  n1: 6384 0x62559E2: ??? (in /usr/lib/x86_64-linux-gnu/libcrypto.so.3)
   n0: 6384 in 3 places, all below massif's threshold (1.00%)
  n1: 5424 0x626961A: OBJ_NAME_add (in /usr/lib/x86_64-linux-gnu/libcrypto.so.3)
   n0: 5424 in 57 places, all below massif's threshold (1.00%)
  n0: 288 in 5 places, all below massif's threshold (1.00%)
 n2: 11264 0x62485D3: OPENSSL_LH_insert (in /usr/lib/x86_64-linux-gnu/libcrypto.so.3)
  n2: 8192 0x6339B72: ??? (in /usr/lib/x86_64-linux-gnu/libcrypto.so.3)
   n2: 8192 0x6206BEF: ERR_load_strings_const (in /usr/lib/x86_64-linux-gnu/libcrypto.so.3)
    n1: 8192 0x62598DE: ??? (in /usr/lib/x86_64-linux-gnu/libcrypto.so.3)
     n1: 8192 0x5F0BEE7: __pthread_once_slow (pthread_once.c:116)
      n1: 8192 0x625E1EC: CRYPTO_THREAD_run_once (in /usr/lib/x86_64-linux-gnu/libcrypto.so.3)
       n1: 8192 0x625AEE2: OPENSSL_init_crypto (in /usr/lib/x86_64-linux-gnu/libcrypto.so.3)
        n1: 8192 0x6208686: ??? (in /usr/lib/x86_64-linux-gnu/libcrypto.so.3)
         n1: 8192 0x620904C: ERR_set_mark (in /usr/lib/x86_64-linux-gnu/libcrypto.so.3)
          n1: 8192 0x61B5451: CONF_modules_load_file_ex (in /usr/lib/x86_64-linux-gnu/libcrypto.so.3)
           n1: 8192 0x625A6EF: ??? (in /usr/lib/x86_64-linux-gnu/libcrypto.so.3)
            n1: 8192 0x5F0BEE7: __pthread_once_slow (pthread_once.c:116)
             n1: 8192 0x625E1EC: CRYPTO_THREAD_run_once (in /usr/lib/x86_64-linux-gnu/libcrypto.so.3)
              n1: 8192 0x625B155: OPENSSL_init_crypto (in /usr/lib/x86_64-linux-gnu/libcrypto.so.3)
               n1: 8192 0x63307AC: ??? (in /usr/lib/x86_64-linux-gnu/libcrypto.so.3)
                n1: 8192 0x62853A4: RAND_get_rand_method (in /usr/lib/x86_64-linux-gnu/libcrypto.so.3)
                 n1: 8192 0x6285EC9: RAND_status (in /usr/lib/x86_64-linux-gnu/libcrypto.so.3)
                  n1: 8192 0x5C962CF: OQS_randombytes_openssl (in /home/anss/random/bench/install/lib/liboqs.so.0.15.0)
                   n1: 8192 0x4ADF96C: PQCP_MLKEM_NATIVE_MLKEM512_X86_64_keypair (in /home/anss/random/bench/install/lib/liboqs.so.0.15.0)
                    n0: 8192 0x1092FB: main (in /home/anss/random/bench/mem_kem)
    n0: 0 in 3 places, all below massif's threshold (1.00%)
   n0: 0 in 2 places, all below massif's threshold (1.00%)
  n0: 3072 in 3 places, all below massif's threshold (1.00%)
 n0: 7584 in 32 places, all below massif's threshold (1.00%)
 n1: 5424 0x62695D8: OBJ_NAME_add (in /usr/lib/x86_64-linux-gnu/libcrypto.so.3)
  n0: 5424 in 208 places, all below massif's threshold (1.00%)
 n2: 4364 0x6253C72: CRYPTO_strndup (in /usr/lib/x86_64-linux-gnu/libcrypto.so.3)
  n1: 4131 0x62559C1: ??? (in /usr/lib/x86_64-linux-gnu/libcrypto.so.3)
   n0: 4131 in 3 places, all below massif's threshold (1.00%)
  n0: 233 in 3 places, all below massif's threshold (1.00%)
#-----------
snapshot=36
#-----------
time=6372208
mem_heap_B=332655
mem_heap_extra_B=45193
mem_stacks_B=0
heap_tree=detailed
n6: 332655 (heap allocation functions) malloc/new/new[], --alloc-fns, etc.
 n6: 257568 0x6252C3D: CRYPTO_zalloc (in /usr/lib/x86_64-linux-gnu/libcrypto.so.3)
  n1: 163840 0x625DFC4: ??? (in /usr/lib/x86_64-linux-gnu/libcrypto.so.3)
   n1: 163840 0x6284365: ??? (in /usr/lib/x86_64-linux-gnu/libcrypto.so.3)
    n1: 163840 0x6227DB9: ??? (in /usr/lib/x86_64-linux-gnu/libcrypto.so.3)
     n1: 163840 0x6247CFB: ??? (in /usr/lib/x86_64-linux-gnu/libcrypto.so.3)
      n1: 163840 0x6247BBB: ??? (in /usr/lib/x86_64-linux-gnu/libcrypto.so.3)
       n1: 163840 0x62672DA: ??? (in /usr/lib/x86_64-linux-gnu/libcrypto.so.3)
        n1: 163840 0x63309E7: ??? (in /usr/lib/x86_64-linux-gnu/libcrypto.so.3)
         n2: 163840 0x633103D: ??? (in /usr/lib/x86_64-linux-gnu/libcrypto.so.3)
          n1: 131072 0x6228652: EVP_CIPHER_fetch (in /usr/lib/x86_64-linux-gnu/libcrypto.so.3)
           n1: 131072 0x631B6C4: ??? (in /usr/lib/x86_64-linux-gnu/libcrypto.so.3)
            n1: 131072 0x631BB22: ??? (in /usr/lib/x86_64-linux-gnu/libcrypto.so.3)
             n1: 131072 0x6233AD7: EVP_RAND_instantiate (in /usr/lib/x86_64-linux-gnu/libcrypto.so.3)
              n1: 131072 0x6285A91: ??? (in /usr/lib/x86_64-linux-gnu/libcrypto.so.3)
               n1: 131072 0x6285C2B: RAND_get0_primary (in /usr/lib/x86_64-linux-gnu/libcrypto.so.3)
                n1: 131072 0x6285EF6: RAND_status (in /usr/lib/x86_64-linux-gnu/libcrypto.so.3)
                 n1: 131072 0x5C962CF: OQS_randombytes_openssl (in /home/anss/random/bench/install/lib/liboqs.so.0.15.0)
                  n1: 131072 0x4ADF96C: PQCP_MLKEM_NATIVE_MLKEM512_X86_64_keypair (in /home/anss/random/bench/install/lib/liboqs.so.0.15.0)
                   n0: 131072 0x1092FB: main (in /home/anss/random/bench/mem_kem)
          n1: 32768 0x62336C2: EVP_RAND_fetch (in /usr/lib/x86_64-linux-gnu/libcrypto.so.3)
           n1: 32768 0x6285CDB: RAND_get0_primary (in /usr/lib/x86_64-linux-gnu/libcrypto.so.3)
            n1: 32768 0x6285EF6: RAND_status (in /usr/lib/x86_64-linux-gnu/libcrypto.so.3)
             n1: 32768 0x5C962CF: OQS_randombytes_openssl (in /home/anss/random/bench/install/lib/liboqs.so.0.15.0)
              n1: 32768 0x4ADF96C: PQCP_MLKEM_NATIVE_MLKEM512_X86_64_keypair (in /home/anss/random/bench/install/lib/liboqs.so.0.15.0)
               n0: 32768 0x1092FB: main (in /home/anss/random/bench/mem_kem)
  n1: 65536 0x625DF52: ??? (in /usr/lib/x86_64-linux-gnu/libcrypto.so.3)
   n1: 65536 0x6284365: ??? (in /usr/lib/x86_64-linux-gnu/libcrypto.so.3)
    n1: 65536 0x6227DB9: ??? (in /usr/lib/x86_64-linux-gnu/libcrypto.so.3)
     n1: 65536 0x6247CFB: ??? (in /usr/lib/x86_64-linux-gnu/libcrypto.so.3)
      n1: 65536 0x6247BBB: ??? (in /usr/lib/x86_64-linux-gnu/libcrypto.so.3)
       n1: 65536 0x62672DA: ??? (in /usr/lib/x86_64-linux-gnu/libcrypto.so.3)
        n1: 65536 0x63309E7: ??? (in /usr/lib/x86_64-linux-gnu/libcrypto.so.3)
         n1: 65536 0x633103D: ??? (in /usr/lib/x86_64-linux-gnu/libcrypto.so.3)
          n1: 65536 0x62336C2: EVP_RAND_fetch (in /usr/lib/x86_64-linux-gnu/libcrypto.so.3)
           n1: 65536 0x6285CDB: RAND_get0_primary (in /usr/lib/x86_64-linux-gnu/libcrypto.so.3)
            n1: 65536 0x6285EF6: RAND_status (in /usr/lib/x86_64-linux-gnu/libcrypto.so.3)
             n1: 65536 0x5C962CF: OQS_randombytes_openssl (in /home/anss/random/bench/install/lib/liboqs.so.0.15.0)
              n1: 65536 0x4ADF96C: PQCP_MLKEM_NATIVE_MLKEM512_X86_64_keypair (in /home/anss/random/bench/install/lib/liboqs.so.0.15.0)
               n0: 65536 0x1092FB: main (in /home/anss/random/bench/mem_kem)
  n0: 13472 in 29 places, all below massif's threshold (1.00%)
  n2: 5280 0x62482DC: OPENSSL_LH_new (in /usr/lib/x86_64-linux-gnu/libcrypto.so.3)
   n1: 4224 0x628433F: ??? (in /usr/lib/x86_64-linux-gnu/libcrypto.so.3)
    n1: 4224 0x6227DB9: ??? (in /usr/lib/x86_64-linux-gnu/libcrypto.so.3)
     n1: 4224 0x6247CFB: ??? (in /usr/lib/x86_64-linux-gnu/libcrypto.so.3)
      n1: 4224 0x6247BBB: ??? (in /usr/lib/x86_64-linux-gnu/libcrypto.so.3)
       n1: 4224 0x62672DA: ??? (in /usr/lib/x86_64-linux-gnu/libcrypto.so.3)
        n1: 4224 0x63309E7: ??? (in /usr/lib/x86_64-linux-gnu/libcrypto.so.3)
         n1: 4224 0x633103D: ??? (in /usr/lib/x86_64-linux-gnu/libcrypto.so.3)
          n0: 4224 in 2 places, all below massif's threshold (1.00%)
   n0: 1056 in 7 places, all below massif's threshold (1.00%)
  n1: 5120 0x622FE73: ??? (in /usr/lib/x86_64-linux-gnu/libcrypto.so.3)
   n1: 5120 0x623119D: ??? (in /usr/lib/x86_64-linux-gnu/libcrypto.so.3)
    n1: 5120 0x6227E59: ??? (in /usr/lib/x86_64-linux-gnu/libcrypto.so.3)
     n1: 5120 0x6247C98: ??? (in /usr/lib/x86_64-linux-gnu/libcrypto.so.3)
      n1: 5120 0x6247BBB: ??? (in /usr/lib/x86_64-linux-gnu/libcrypto.so.3)
       n1: 5120 0x62672DA: ??? (in /usr/lib/x86_64-linux-gnu/libcrypto.so.3)
        n1: 5120 0x63309E7: ??? (in /usr/lib/x86_64-linux-gnu/libcrypto.so.3)
         n1: 5120 0x633103D: ??? (in /usr/lib/x86_64-linux-gnu/libcrypto.so.3)
          n1: 5120 0x6228652: EVP_CIPHER_fetch (in /usr/lib/x86_64-linux-gnu/libcrypto.so.3)
           n1: 5120 0x631B6C4: ??? (in /usr/lib/x86_64-linux-gnu/libcrypto.so.3)
            n1: 5120 0x631BB22: ??? (in /usr/lib/x86_64-linux-gnu/libcrypto.so.3)
             n1: 5120 0x6233AD7: EVP_RAND_instantiate (in /usr/lib/x86_64-linux-gnu/libcrypto.so.3)
              n1: 5120 0x6285A91: ??? (in /usr/lib/x86_64-linux-gnu/libcrypto.so.3)
               n1: 5120 0x6285C2B: RAND_get0_primary (in /usr/lib/x86_64-linux-gnu/libcrypto.so.3)
                n1: 5120 0x6285EF6: RAND_status (in /usr/lib/x86_64-linux-gnu/libcrypto.so.3)
                 n1: 5120 0x5C962CF: OQS_randombytes_openssl (in /home/anss/random/bench/install/lib/liboqs.so.0.15.0)
                  n1: 5120 0x4ADF96C: PQCP_MLKEM_NATIVE_MLKEM512_X86_64_keypair (in /home/anss/random/bench/install/lib/liboqs.so.0.15.0)
                   n0: 5120 0x1092FB: main (in /home/anss/random/bench/mem_kem)
  n1: 4320 0x62559A6: ??? (in /usr/lib/x86_64-linux-gnu/libcrypto.so.3)
   n0: 4320 in 3 places, all below massif's threshold (1.00%)
 n4: 46104 0x6248625: OPENSSL_LH_insert (in /usr/lib/x86_64-linux-gnu/libcrypto.so.3)
  n2: 33912 0x6339B72: ??? (in /usr/lib/x86_64-linux-gnu/libcrypto.so.3)
   n1: 31944 0x6206BEF: ERR_load_strings_const (in /usr/lib/x86_64-linux-gnu/libcrypto.so.3)
    n0: 31944 in 33 places, all below massif's threshold (1.00%)
   n0: 1968 in 2 places, all below massif's threshold (1.00%)
  n1: 6480 0x62559E2: ??? (in /usr/lib/x86_64-linux-gnu/libcrypto.so.3)
   n0: 6480 in 3 places, all below massif's threshold (1.00%)
  n1: 5424 0x626961A: OBJ_NAME_add (in /usr/lib/x86_64-linux-gnu/libcrypto.so.3)
   n0: 5424 in 57 places, all below massif's threshold (1.00%)
  n0: 288 in 5 places, all below massif's threshold (1.00%)
 n2: 11264 0x62485D3: OPENSSL_LH_insert (in /usr/lib/x86_64-linux-gnu/libcrypto.so.3)
  n2: 8192 0x6339B72: ??? (in /usr/lib/x86_64-linux-gnu/libcrypto.so.3)
   n2: 8192 0x6206BEF: ERR_load_strings_const (in /usr/lib/x86_64-linux-gnu/libcrypto.so.3)
    n1: 8192 0x62598DE: ??? (in /usr/lib/x86_64-linux-gnu/libcrypto.so.3)
     n1: 8192 0x5F0BEE7: __pthread_once_slow (pthread_once.c:116)
      n1: 8192 0x625E1EC: CRYPTO_THREAD_run_once (in /usr/lib/x86_64-linux-gnu/libcrypto.so.3)
       n1: 8192 0x625AEE2: OPENSSL_init_crypto (in /usr/lib/x86_64-linux-gnu/libcrypto.so.3)
        n1: 8192 0x6208686: ??? (in /usr/lib/x86_64-linux-gnu/libcrypto.so.3)
         n1: 8192 0x620904C: ERR_set_mark (in /usr/lib/x86_64-linux-gnu/libcrypto.so.3)
          n1: 8192 0x61B5451: CONF_modules_load_file_ex (in /usr/lib/x86_64-linux-gnu/libcrypto.so.3)
           n1: 8192 0x625A6EF: ??? (in /usr/lib/x86_64-linux-gnu/libcrypto.so.3)
            n1: 8192 0x5F0BEE7: __pthread_once_slow (pthread_once.c:116)
             n1: 8192 0x625E1EC: CRYPTO_THREAD_run_once (in /usr/lib/x86_64-linux-gnu/libcrypto.so.3)
              n1: 8192 0x625B155: OPENSSL_init_crypto (in /usr/lib/x86_64-linux-gnu/libcrypto.so.3)
               n1: 8192 0x63307AC: ??? (in /usr/lib/x86_64-linux-gnu/libcrypto.so.3)
                n1: 8192 0x62853A4: RAND_get_rand_method (in /usr/lib/x86_64-linux-gnu/libcrypto.so.3)
                 n1: 8192 0x6285EC9: RAND_status (in /usr/lib/x86_64-linux-gnu/libcrypto.so.3)
                  n1: 8192 0x5C962CF: OQS_randombytes_openssl (in /home/anss/random/bench/install/lib/liboqs.so.0.15.0)
                   n1: 8192 0x4ADF96C: PQCP_MLKEM_NATIVE_MLKEM512_X86_64_keypair (in /home/anss/random/bench/install/lib/liboqs.so.0.15.0)
                    n0: 8192 0x1092FB: main (in /home/anss/random/bench/mem_kem)
    n0: 0 in 3 places, all below massif's threshold (1.00%)
   n0: 0 in 2 places, all below massif's threshold (1.00%)
  n0: 3072 in 3 places, all below massif's threshold (1.00%)
 n0: 7816 in 32 places, all below massif's threshold (1.00%)
 n1: 5424 0x62695D8: OBJ_NAME_add (in /usr/lib/x86_64-linux-gnu/libcrypto.so.3)
  n0: 5424 in 208 places, all below massif's threshold (1.00%)
 n2: 4479 0x6253C72: CRYPTO_strndup (in /usr/lib/x86_64-linux-gnu/libcrypto.so.3)
  n1: 4183 0x62559C1: ??? (in /usr/lib/x86_64-linux-gnu/libcrypto.so.3)
   n0: 4183 in 3 places, all below massif's threshold (1.00%)
  n0: 296 in 3 places, all below massif's threshold (1.00%)
#-----------
snapshot=37
#-----------
time=6541614
mem_heap_B=401276
mem_heap_extra_B=46052
mem_stacks_B=0
heap_tree=empty
#-----------
snapshot=38
#-----------
time=6650516
mem_heap_B=406460
mem_heap_extra_B=46916
mem_stacks_B=0
heap_tree=empty
#-----------
snapshot=39
#-----------
time=6834758
mem_heap_B=414975
mem_heap_extra_B=47849
mem_stacks_B=0
heap_tree=detailed
n6: 414975 (heap allocation functions) malloc/new/new[], --alloc-fns, etc.
 n7: 338128 0x6252C3D: CRYPTO_zalloc (in /usr/lib/x86_64-linux-gnu/libcrypto.so.3)
  n1: 229376 0x625DFC4: ??? (in /usr/lib/x86_64-linux-gnu/libcrypto.so.3)
   n1: 229376 0x6284365: ??? (in /usr/lib/x86_64-linux-gnu/libcrypto.so.3)
    n1: 229376 0x6227DB9: ??? (in /usr/lib/x86_64-linux-gnu/libcrypto.so.3)
     n1: 229376 0x6247CFB: ??? (in /usr/lib/x86_64-linux-gnu/libcrypto.so.3)
      n1: 229376 0x6247BBB: ??? (in /usr/lib/x86_64-linux-gnu/libcrypto.so.3)
       n1: 229376 0x62672DA: ??? (in /usr/lib/x86_64-linux-gnu/libcrypto.so.3)
        n1: 229376 0x63309E7: ??? (in /usr/lib/x86_64-linux-gnu/libcrypto.so.3)
         n2: 229376 0x633103D: ??? (in /usr/lib/x86_64-linux-gnu/libcrypto.so.3)
          n1: 196608 0x6228652: EVP_CIPHER_fetch (in /usr/lib/x86_64-linux-gnu/libcrypto.so.3)
           n1: 196608 0x631B6C4: ??? (in /usr/lib/x86_64-linux-gnu/libcrypto.so.3)
            n1: 196608 0x631BB22: ??? (in /usr/lib/x86_64-linux-gnu/libcrypto.so.3)
             n1: 196608 0x6233AD7: EVP_RAND_instantiate (in /usr/lib/x86_64-linux-gnu/libcrypto.so.3)
              n1: 196608 0x6285A91: ??? (in /usr/lib/x86_64-linux-gnu/libcrypto.so.3)
               n1: 196608 0x6285C2B: RAND_get0_primary (in /usr/lib/x86_64-linux-gnu/libcrypto.so.3)
                n1: 196608 0x6285EF6: RAND_status (in /usr/lib/x86_64-linux-gnu/libcrypto.so.3)
                 n1: 196608 0x5C962CF: OQS_randombytes_openssl (in /home/anss/random/bench/install/lib/liboqs.so.0.15.0)
                  n1: 196608 0x4ADF96C: PQCP_MLKEM_NATIVE_MLKEM512_X86_64_keypair (in /home/anss/random/bench/install/lib/liboqs.so.0.15.0)
                   n0: 196608 0x1092FB: main (in /home/anss/random/bench/mem_kem)
          n1: 32768 0x62336C2: EVP_RAND_fetch (in /usr/lib/x86_64-linux-gnu/libcrypto.so.3)
           n1: 32768 0x6285CDB: RAND_get0_primary (in /usr/lib/x86_64-linux-gnu/libcrypto.so.3)
            n1: 32768 0x6285EF6: RAND_status (in /usr/lib/x86_64-linux-gnu/libcrypto.so.3)
             n1: 32768 0x5C962CF: OQS_randombytes_openssl (in /home/anss/random/bench/install/lib/liboqs.so.0.15.0)
              n1: 32768 0x4ADF96C: PQCP_MLKEM_NATIVE_MLKEM512_X86_64_keypair (in /home/anss/random/bench/install/lib/liboqs.so.0.15.0)
               n0: 32768 0x1092FB: main (in /home/anss/random/bench/mem_kem)
  n1: 65536 0x625DF52: ??? (in /usr/lib/x86_64-linux-gnu/libcrypto.so.3)
   n1: 65536 0x6284365: ??? (in /usr/lib/x86_64-linux-gnu/libcrypto.so.3)
    n1: 65536 0x6227DB9: ??? (in /usr/lib/x86_64-linux-gnu/libcrypto.so.3)
     n1: 65536 0x6247CFB: ??? (in /usr/lib/x86_64-linux-gnu/libcrypto.so.3)
      n1: 65536 0x6247BBB: ??? (in /usr/lib/x86_64-linux-gnu/libcrypto.so.3)
       n1: 65536 0x62672DA: ??? (in /usr/lib/x86_64-linux-gnu/libcrypto.so.3)
        n1: 65536 0x63309E7: ??? (in /usr/lib/x86_64-linux-gnu/libcrypto.so.3)
         n1: 65536 0x633103D: ??? (in /usr/lib/x86_64-linux-gnu/libcrypto.so.3)
          n1: 65536 0x62336C2: EVP_RAND_fetch (in /usr/lib/x86_64-linux-gnu/libcrypto.so.3)
           n1: 65536 0x6285CDB: RAND_get0_primary (in /usr/lib/x86_64-linux-gnu/libcrypto.so.3)
            n1: 65536 0x6285EF6: RAND_status (in /usr/lib/x86_64-linux-gnu/libcrypto.so.3)
             n1: 65536 0x5C962CF: OQS_randombytes_openssl (in /home/anss/random/bench/install/lib/liboqs.so.0.15.0)
              n1: 65536 0x4ADF96C: PQCP_MLKEM_NATIVE_MLKEM512_X86_64_keypair (in /home/anss/random/bench/install/lib/liboqs.so.0.15.0)
               n0: 65536 0x1092FB: main (in /home/anss/random/bench/mem_kem)
  n0: 12840 in 28 places, all below massif's threshold (1.00%)
  n1: 10496 0x622FE73: ??? (in /usr/lib/x86_64-linux-gnu/libcrypto.so.3)
   n1: 10496 0x623119D: ??? (in /usr/lib/x86_64-linux-gnu/libcrypto.so.3)
    n1: 10496 0x6227E59: ??? (in /usr/lib/x86_64-linux-gnu/libcrypto.so.3)
     n1: 10496 0x6247C98: ??? (in /usr/lib/x86_64-linux-gnu/libcrypto.so.3)
      n1: 10496 0x6247BBB: ??? (in /usr/lib/x86_64-linux-gnu/libcrypto.so.3)
       n1: 10496 0x62672DA: ??? (in /usr/lib/x86_64-linux-gnu/libcrypto.so.3)
        n1: 10496 0x63309E7: ??? (in /usr/lib/x86_64-linux-gnu/libcrypto.so.3)
         n1: 10496 0x633103D: ??? (in /usr/lib/x86_64-linux-gnu/libcrypto.so.3)
          n1: 10496 0x6228652: EVP_CIPHER_fetch (in /usr/lib/x86_64-linux-gnu/libcrypto.so.3)
           n1: 10496 0x631B6C4: ??? (in /usr/lib/x86_64-linux-gnu/libcrypto.so.3)
            n1: 10496 0x631BB22: ??? (in /usr/lib/x86_64-linux-gnu/libcrypto.so.3)
             n1: 10496 0x6233AD7: EVP_RAND_instantiate (in /usr/lib/x86_64-linux-gnu/libcrypto.so.3)
              n1: 10496 0x6285A91: ??? (in /usr/lib/x86_64-linux-gnu/libcrypto.so.3)
               n1: 10496 0x6285C2B: RAND_get0_primary (in /usr/lib/x86_64-linux-gnu/libcrypto.so.3)
                n1: 10496 0x6285EF6: RAND_status (in /usr/lib/x86_64-linux-gnu/libcrypto.so.3)
                 n1: 10496 0x5C962CF: OQS_randombytes_openssl (in /home/anss/random/bench/install/lib/liboqs.so.0.15.0)
                  n1: 10496 0x4ADF96C: PQCP_MLKEM_NATIVE_MLKEM512_X86_64_keypair (in /home/anss/random/bench/install/lib/liboqs.so.0.15.0)
                   n0: 10496 0x1092FB: main (in /home/anss/random/bench/mem_kem)
  n2: 8976 0x62482DC: OPENSSL_LH_new (in /usr/lib/x86_64-linux-gnu/libcrypto.so.3)
   n1: 7920 0x628433F: ??? (in /usr/lib/x86_64-linux-gnu/libcrypto.so.3)
    n1: 7920 0x6227DB9: ??? (in /usr/lib/x86_64-linux-gnu/libcrypto.so.3)
     n1: 7920 0x6247CFB: ??? (in /usr/lib/x86_64-linux-gnu/libcrypto.so.3)
      n1: 7920 0x6247BBB: ??? (in /usr/lib/x86_64-linux-gnu/libcrypto.so.3)
       n1: 7920 0x62672DA: ??? (in /usr/lib/x86_64-linux-gnu/libcrypto.so.3)
        n1: 7920 0x63309E7: ??? (in /usr/lib/x86_64-linux-gnu/libcrypto.so.3)
         n2: 7920 0x633103D: ??? (in /usr/lib/x86_64-linux-gnu/libcrypto.so.3)
          n1: 7040 0x6228652: EVP_CIPHER_fetch (in /usr/lib/x86_64-linux-gnu/libcrypto.so.3)
           n1: 7040 0x631B6C4: ??? (in /usr/lib/x86_64-linux-gnu/libcrypto.so.3)
            n1: 7040 0x631BB22: ??? (in /usr/lib/x86_64-linux-gnu/libcrypto.so.3)
             n1: 7040 0x6233AD7: EVP_RAND_instantiate (in /usr/lib/x86_64-linux-gnu/libcrypto.so.3)
              n1: 7040 0x6285A91: ??? (in /usr/lib/x86_64-linux-gnu/libcrypto.so.3)
               n1: 7040 0x6285C2B: RAND_get0_primary (in /usr/lib/x86_64-linux-gnu/libcrypto.so.3)
                n1: 7040 0x6285EF6: RAND_status (in /usr/lib/x86_64-linux-gnu/libcrypto.so.3)
                 n1: 7040 0x5C962CF: OQS_randombytes_openssl (in /home/anss/random/bench/install/lib/liboqs.so.0.15.0)
                  n1: 7040 0x4ADF96C: PQCP_MLKEM_NATIVE_MLKEM512_X86_64_keypair (in /home/anss/random/bench/install/lib/liboqs.so.0.15.0)
                   n0: 7040 0x1092FB: main (in /home/anss/random/bench/mem_kem)
          n0: 880 in 1 place, below massif's threshold (1.00%)
   n0: 1056 in 7 places, all below massif's threshold (1.00%)
  n2: 6144 0x62482F6: OPENSSL_LH_new (in /usr/lib/x86_64-linux-gnu/libcrypto.so.3)
   n1: 5760 0x628433F: ??? (in /usr/lib/x86_64-linux-gnu/libcrypto.so.3)
    n1: 5760 0x6227DB9: ??? (in /usr/lib/x86_64-linux-gnu/libcrypto.so.3)
     n1: 5760 0x6247CFB: ??? (in /usr/lib/x86_64-linux-gnu/libcrypto.so.3)
      n1: 5760 0x6247BBB: ??? (in /usr/lib/x86_64-linux-gnu/libcrypto.so.3)
       n1: 5760 0x62672DA: ??? (in /usr/lib/x86_64-linux-gnu/libcrypto.so.3)
        n1: 5760 0x63309E7: ??? (in /usr/lib/x86_64-linux-gnu/libcrypto.so.3)
         n2: 5760 0x633103D: ??? (in /usr/lib/x86_64-linux-gnu/libcrypto.so.3)
          n1: 5120 0x6228652: EVP_CIPHER_fetch (in /usr/lib/x86_64-linux-gnu/libcrypto.so.3)
           n1: 5120 0x631B6C4: ??? (in /usr/lib/x86_64-linux-gnu/libcrypto.so.3)
            n1: 5120 0x631BB22: ??? (in /usr/lib/x86_64-linux-gnu/libcrypto.so.3)
             n1: 5120 0x6233AD7: EVP_RAND_instantiate (in /usr/lib/x86_64-linux-gnu/libcrypto.so.3)
              n1: 5120 0x6285A91: ??? (in /usr/lib/x86_64-linux-gnu/libcrypto.so.3)
               n1: 5120 0x6285C2B: RAND_get0_primary (in /usr/lib/x86_64-linux-gnu/libcrypto.so.3)
                n1: 5120 0x6285EF6: RAND_status (in /usr/lib/x86_64-linux-gnu/libcrypto.so.3)
                 n1: 5120 0x5C962CF: OQS_randombytes_openssl (in /home/anss/random/bench/install/lib/liboqs.so.0.15.0)
                  n1: 5120 0x4ADF96C: PQCP_MLKEM_NATIVE_MLKEM512_X86_64_keypair (in /home/anss/random/bench/install/lib/liboqs.so.0.15.0)
                   n0: 5120 0x1092FB: main (in /home/anss/random/bench/mem_kem)
          n0: 640 in 1 place, below massif's threshold (1.00%)
   n0: 384 in 7 places, all below massif's threshold (1.00%)
  n1: 4760 0x625E073: CRYPTO_THREAD_lock_new (in /usr/lib/x86_64-linux-gnu/libcrypto.so.3)
   n0: 4760 in 23 places, all below massif's threshold (1.00%)
 n4: 46464 0x6248625: OPENSSL_LH_insert (in /usr/lib/x86_64-linux-gnu/libcrypto.so.3)
  n2: 33912 0x6339B72: ??? (in /usr/lib/x86_64-linux-gnu/libcrypto.so.3)
   n1: 31944 0x6206BEF: ERR_load_strings_const (in /usr/lib/x86_64-linux-gnu/libcrypto.so.3)
    n0: 31944 in 33 places, all below massif's threshold (1.00%)
   n0: 1968 in 2 places, all below massif's threshold (1.00%)
  n1: 6840 0x62559E2: ??? (in /usr/lib/x86_64-linux-gnu/libcrypto.so.3)
   n0: 6840 in 3 places, all below massif's threshold (1.00%)
  n1: 5424 0x626961A: OBJ_NAME_add (in /usr/lib/x86_64-linux-gnu/libcrypto.so.3)
   n0: 5424 in 57 places, all below massif's threshold (1.00%)
  n0: 288 in 5 places, all below massif's threshold (1.00%)
 n2: 11264 0x62485D3: OPENSSL_LH_insert (in /usr/lib/x86_64-linux-gnu/libcrypto.so.3)
  n2: 8192 0x6339B72: ??? (in /usr/lib/x86_64-linux-gnu/libcrypto.so.3)
   n2: 8192 0x6206BEF: ERR_load_strings_const (in /usr/lib/x86_64-linux-gnu/libcrypto.so.3)
    n1: 8192 0x62598DE: ??? (in /usr/lib/x86_64-linux-gnu/libcrypto.so.3)
     n1: 8192 0x5F0BEE7: __pthread_once_slow (pthread_once.c:116)
      n1: 8192 0x625E1EC: CRYPTO_THREAD_run_once (in /usr/lib/x86_64-linux-gnu/libcrypto.so.3)
       n1: 8192 0x625AEE2: OPENSSL_init_crypto (in /usr/lib/x86_64-linux-gnu/libcrypto.so.3)
        n1: 8192 0x6208686: ??? (in /usr/lib/x86_64-linux-gnu/libcrypto.so.3)
         n1: 8192 0x620904C: ERR_set_mark (in /usr/lib/x86_64-linux-gnu/libcrypto.so.3)
          n1: 8192 0x61B5451: CONF_modules_load_file_ex (in /usr/lib/x86_64-linux-gnu/libcrypto.so.3)
           n1: 8192 0x625A6EF: ??? (in /usr/lib/x86_64-linux-gnu/libcrypto.so.3)
            n1: 8192 0x5F0BEE7: __pthread_once_slow (pthread_once.c:116)
             n1: 8192 0x625E1EC: CRYPTO_THREAD_run_once (in /usr/lib/x86_64-linux-gnu/libcrypto.so.3)
              n1: 8192 0x625B155: OPENSSL_init_crypto (in /usr/lib/x86_64-linux-gnu/libcrypto.so.3)
               n1: 8192 0x63307AC: ??? (in /usr/lib/x86_64-linux-gnu/libcrypto.so.3)
                n1: 8192 0x62853A4: RAND_get_rand_method (in /usr/lib/x86_64-linux-gnu/libcrypto.so.3)
                 n1: 8192 0x6285EC9: RAND_status (in /usr/lib/x86_64-linux-gnu/libcrypto.so.3)
                  n1: 8192 0x5C962CF: OQS_randombytes_openssl (in /home/anss/random/bench/install/lib/liboqs.so.0.15.0)
                   n1: 8192 0x4ADF96C: PQCP_MLKEM_NATIVE_MLKEM512_X86_64_keypair (in /home/anss/random/bench/install/lib/liboqs.so.0.15.0)
                    n0: 8192 0x1092FB: main (in /home/anss/random/bench/mem_kem)
    n0: 0 in 3 places, all below massif's threshold (1.00%)
   n0: 0 in 2 places, all below massif's threshold (1.00%)
  n0: 3072 in 3 places, all below massif's threshold (1.00%)
 n0: 8776 in 32 places, all below massif's threshold (1.00%)
 n1: 5424 0x62695D8: OBJ_NAME_add (in /usr/lib/x86_64-linux-gnu/libcrypto.so.3)
  n0: 5424 in 208 places, all below massif's threshold (1.00%)
 n1: 4919 0x6253C72: CRYPTO_strndup (in /usr/lib/x86_64-linux-gnu/libcrypto.so.3)
  n0: 4919 in 4 places, all below massif's threshold (1.00%)
#-----------
snapshot=40
#-----------
time=6943465
mem_heap_B=416175
mem_heap_extra_B=48561
mem_stacks_B=0
heap_tree=empty
#-----------
snapshot=41
#-----------
time=7106989
mem_heap_B=454694
mem_heap_extra_B=49826
mem_stacks_B=0
heap_tree=detailed
n6: 454694 (heap allocation functions) malloc/new/new[], --alloc-fns, etc.
 n7: 378648 0x6252C3D: CRYPTO_zalloc (in /usr/lib/x86_64-linux-gnu/libcrypto.so.3)
  n1: 262144 0x625DFC4: ??? (in /usr/lib/x86_64-linux-gnu/libcrypto.so.3)
   n1: 262144 0x6284365: ??? (in /usr/lib/x86_64-linux-gnu/libcrypto.so.3)
    n1: 262144 0x6227DB9: ??? (in /usr/lib/x86_64-linux-gnu/libcrypto.so.3)
     n1: 262144 0x6247CFB: ??? (in /usr/lib/x86_64-linux-gnu/libcrypto.so.3)
      n1: 262144 0x6247BBB: ??? (in /usr/lib/x86_64-linux-gnu/libcrypto.so.3)
       n1: 262144 0x62672DA: ??? (in /usr/lib/x86_64-linux-gnu/libcrypto.so.3)
        n1: 262144 0x63309E7: ??? (in /usr/lib/x86_64-linux-gnu/libcrypto.so.3)
         n2: 262144 0x633103D: ??? (in /usr/lib/x86_64-linux-gnu/libcrypto.so.3)
          n1: 229376 0x6228652: EVP_CIPHER_fetch (in /usr/lib/x86_64-linux-gnu/libcrypto.so.3)
           n1: 229376 0x631B6C4: ??? (in /usr/lib/x86_64-linux-gnu/libcrypto.so.3)
            n1: 229376 0x631BB22: ??? (in /usr/lib/x86_64-linux-gnu/libcrypto.so.3)
             n1: 229376 0x6233AD7: EVP_RAND_instantiate (in /usr/lib/x86_64-linux-gnu/libcrypto.so.3)
              n1: 229376 0x6285A91: ??? (in /usr/lib/x86_64-linux-gnu/libcrypto.so.3)
               n1: 229376 0x6285C2B: RAND_get0_primary (in /usr/lib/x86_64-linux-gnu/libcrypto.so.3)
                n1: 229376 0x6285EF6: RAND_status (in /usr/lib/x86_64-linux-gnu/libcrypto.so.3)
                 n1: 229376 0x5C962CF: OQS_randombytes_openssl (in /home/anss/random/bench/install/lib/liboqs.so.0.15.0)
                  n1: 229376 0x4ADF96C: PQCP_MLKEM_NATIVE_MLKEM512_X86_64_keypair (in /home/anss/random/bench/install/lib/liboqs.so.0.15.0)
                   n0: 229376 0x1092FB: main (in /home/anss/random/bench/mem_kem)
          n1: 32768 0x62336C2: EVP_RAND_fetch (in /usr/lib/x86_64-linux-gnu/libcrypto.so.3)
           n1: 32768 0x6285CDB: RAND_get0_primary (in /usr/lib/x86_64-linux-gnu/libcrypto.so.3)
            n1: 32768 0x6285EF6: RAND_status (in /usr/lib/x86_64-linux-gnu/libcrypto.so.3)
             n1: 32768 0x5C962CF: OQS_randombytes_openssl (in /home/anss/random/bench/install/lib/liboqs.so.0.15.0)
              n1: 32768 0x4ADF96C: PQCP_MLKEM_NATIVE_MLKEM512_X86_64_keypair (in /home/anss/random/bench/install/lib/liboqs.so.0.15.0)
               n0: 32768 0x1092FB: main (in /home/anss/random/bench/mem_kem)
  n1: 65536 0x625DF52: ??? (in /usr/lib/x86_64-linux-gnu/libcrypto.so.3)
   n1: 65536 0x6284365: ??? (in /usr/lib/x86_64-linux-gnu/libcrypto.so.3)
    n1: 65536 0x6227DB9: ??? (in /usr/lib/x86_64-linux-gnu/libcrypto.so.3)
     n1: 65536 0x6247CFB: ??? (in /usr/lib/x86_64-linux-gnu/libcrypto.so.3)
      n1: 65536 0x6247BBB: ??? (in /usr/lib/x86_64-linux-gnu/libcrypto.so.3)
       n1: 65536 0x62672DA: ??? (in /usr/lib/x86_64-linux-gnu/libcrypto.so.3)
        n1: 65536 0x63309E7: ??? (in /usr/lib/x86_64-linux-gnu/libcrypto.so.3)
         n1: 65536 0x633103D: ??? (in /usr/lib/x86_64-linux-gnu/libcrypto.so.3)
          n1: 65536 0x62336C2: EVP_RAND_fetch (in /usr/lib/x86_64-linux-gnu/libcrypto.so.3)
           n1: 65536 0x6285CDB: RAND_get0_primary (in /usr/lib/x86_64-linux-gnu/libcrypto.so.3)
            n1: 65536 0x6285EF6: RAND_status (in /usr/lib/x86_64-linux-gnu/libcrypto.so.3)
             n1: 65536 0x5C962CF: OQS_randombytes_openssl (in /home/anss/random/bench/install/lib/liboqs.so.0.15.0)
              n1: 65536 0x4ADF96C: PQCP_MLKEM_NATIVE_MLKEM512_X86_64_keypair (in /home/anss/random/bench/install/lib/liboqs.so.0.15.0)
               n0: 65536 0x1092FB: main (in /home/anss/random/bench/mem_kem)
  n0: 14128 in 28 places, all below massif's threshold (1.00%)
  n1: 13056 0x622FE73: ??? (in /usr/lib/x86_64-linux-gnu/libcrypto.so.3)
   n1: 13056 0x623119D: ??? (in /usr/lib/x86_64-linux-gnu/libcrypto.so.3)
    n1: 13056 0x6227E59: ??? (in /usr/lib/x86_64-linux-gnu/libcrypto.so.3)
     n1: 13056 0x6247C98: ??? (in /usr/lib/x86_64-linux-gnu/libcrypto.so.3)
      n1: 13056 0x6247BBB: ??? (in /usr/lib/x86_64-linux-gnu/libcrypto.so.3)
       n1: 13056 0x62672DA: ??? (in /usr/lib/x86_64-linux-gnu/libcrypto.so.3)
        n1: 13056 0x63309E7: ??? (in /usr/lib/x86_64-linux-gnu/libcrypto.so.3)
         n1: 13056 0x633103D: ??? (in /usr/lib/x86_64-linux-gnu/libcrypto.so.3)
          n1: 13056 0x6228652: EVP_CIPHER_fetch (in /usr/lib/x86_64-linux-gnu/libcrypto.so.3)
           n1: 13056 0x631B6C4: ??? (in /usr/lib/x86_64-linux-gnu/libcrypto.so.3)
            n1: 13056 0x631BB22: ??? (in /usr/lib/x86_64-linux-gnu/libcrypto.so.3)
             n1: 13056 0x6233AD7: EVP_RAND_instantiate (in /usr/lib/x86_64-linux-gnu/libcrypto.so.3)
              n1: 13056 0x6285A91: ??? (in /usr/lib/x86_64-linux-gnu/libcrypto.so.3)
               n1: 13056 0x6285C2B: RAND_get0_primary (in /usr/lib/x86_64-linux-gnu/libcrypto.so.3)
                n1: 13056 0x6285EF6: RAND_status (in /usr/lib/x86_64-linux-gnu/libcrypto.so.3)
                 n1: 13056 0x5C962CF: OQS_randombytes_openssl (in /home/anss/random/bench/install/lib/liboqs.so.0.15.0)
                  n1: 13056 0x4ADF96C: PQCP_MLKEM_NATIVE_MLKEM512_X86_64_keypair (in /home/anss/random/bench/install/lib/liboqs.so.0.15.0)
                   n0: 13056 0x1092FB: main (in /home/anss/random/bench/mem_kem)
  n2: 10912 0x62482DC: OPENSSL_LH_new (in /usr/lib/x86_64-linux-gnu/libcrypto.so.3)
   n1: 9856 0x628433F: ??? (in /usr/lib/x86_64-linux-gnu/libcrypto.so.3)
    n1: 9856 0x6227DB9: ??? (in /usr/lib/x86_64-linux-gnu/libcrypto.so.3)
     n1: 9856 0x6247CFB: ??? (in /usr/lib/x86_64-linux-gnu/libcrypto.so.3)
      n1: 9856 0x6247BBB: ??? (in /usr/lib/x86_64-linux-gnu/libcrypto.so.3)
       n1: 9856 0x62672DA: ??? (in /usr/lib/x86_64-linux-gnu/libcrypto.so.3)
        n1: 9856 0x63309E7: ??? (in /usr/lib/x86_64-linux-gnu/libcrypto.so.3)
         n2: 9856 0x633103D: ??? (in /usr/lib/x86_64-linux-gnu/libcrypto.so.3)
          n1: 8976 0x6228652: EVP_CIPHER_fetch (in /usr/lib/x86_64-linux-gnu/libcrypto.so.3)
           n1: 8976 0x631B6C4: ??? (in /usr/lib/x86_64-linux-gnu/libcrypto.so.3)
            n1: 8976 0x631BB22: ??? (in /usr/lib/x86_64-linux-gnu/libcrypto.so.3)
             n1: 8976 0x6233AD7: EVP_RAND_instantiate (in /usr/lib/x86_64-linux-gnu/libcrypto.so.3)
              n1: 8976 0x6285A91: ??? (in /usr/lib/x86_64-linux-gnu/libcrypto.so.3)
               n1: 8976 0x6285C2B: RAND_get0_primary (in /usr/lib/x86_64-linux-gnu/libcrypto.so.3)
                n1: 8976 0x6285EF6: RAND_status (in /usr/lib/x86_64-linux-gnu/libcrypto.so.3)
                 n1: 8976 0x5C962CF: OQS_randombytes_openssl (in /home/anss/random/bench/install/lib/liboqs.so.0.15.0)
                  n1: 8976 0x4ADF96C: PQCP_MLKEM_NATIVE_MLKEM512_X86_64_keypair (in /home/anss/random/bench/install/lib/liboqs.so.0.15.0)
                   n0: 8976 0x1092FB: main (in /home/anss/random/bench/mem_kem)
          n0: 880 in 1 place, below massif's threshold (1.00%)
   n0: 1056 in 7 places, all below massif's threshold (1.00%)
  n2: 7552 0x62482F6: OPENSSL_LH_new (in /usr/lib/x86_64-linux-gnu/libcrypto.so.3)
   n1: 7168 0x628433F: ??? (in /usr/lib/x86_64-linux-gnu/libcrypto.so.3)
    n1: 7168 0x6227DB9: ??? (in /usr/lib/x86_64-linux-gnu/libcrypto.so.3)
     n1: 7168 0x6247CFB: ??? (in /usr/lib/x86_64-linux-gnu/libcrypto.so.3)
      n1: 7168 0x6247BBB: ??? (in /usr/lib/x86_64-linux-gnu/libcrypto.so.3)
       n1: 7168 0x62672DA: ??? (in /usr/lib/x86_64-linux-gnu/libcrypto.so.3)
        n1: 7168 0x63309E7: ??? (in /usr/lib/x86_64-linux-gnu/libcrypto.so.3)
         n2: 7168 0x633103D: ??? (in /usr/lib/x86_64-linux-gnu/libcrypto.so.3)
          n1: 6528 0x6228652: EVP_CIPHER_fetch (in /usr/lib/x86_64-linux-gnu/libcrypto.so.3)
           n1: 6528 0x631B6C4: ??? (in /usr/lib/x86_64-linux-gnu/libcrypto.so.3)
            n1: 6528 0x631BB22: ??? (in /usr/lib/x86_64-linux-gnu/libcrypto.so.3)
             n1: 6528 0x6233AD7: EVP_RAND_instantiate (in /usr/lib/x86_64-linux-gnu/libcrypto.so.3)
              n1: 6528 0x6285A91: ??? (in /usr/lib/x86_64-linux-gnu/libcrypto.so.3)
               n1: 6528 0x6285C2B: RAND_get0_primary (in /usr/lib/x86_64-linux-gnu/libcrypto.so.3)
                n1: 6528 0x6285EF6: RAND_status (in /usr/lib/x86_64-linux-gnu/libcrypto.so.3)
                 n1: 6528 0x5C962CF: OQS_randombytes_openssl (in /home/anss/random/bench/install/lib/liboqs.so.0.15.0)
                  n1: 6528 0x4ADF96C: PQCP_MLKEM_NATIVE_MLKEM512_X86_64_keypair (in /home/anss/random/bench/install/lib/liboqs.so.0.15.0)
                   n0: 6528 0x1092FB: main (in /home/anss/random/bench/mem_kem)
          n0: 640 in 1 place, below massif's threshold (1.00%)
   n0: 384 in 7 places, all below massif's threshold (1.00%)
  n1: 5320 0x625E073: CRYPTO_THREAD_lock_new (in /usr/lib/x86_64-linux-gnu/libcrypto.so.3)
   n0: 5320 in 23 places, all below massif's threshold (1.00%)
 n4: 46944 0x6248625: OPENSSL_LH_insert (in /usr/lib/x86_64-linux-gnu/libcrypto.so.3)
  n2: 33912 0x6339B72: ??? (in /usr/lib/x86_64-linux-gnu/libcrypto.so.3)
   n1: 31944 0x6206BEF: ERR_load_strings_const (in /usr/lib/x86_64-linux-gnu/libcrypto.so.3)
    n0: 31944 in 33 places, all below massif's threshold (1.00%)
   n0: 1968 in 2 places, all below massif's threshold (1.00%)
  n1: 7320 0x62559E2: ??? (in /usr/lib/x86_64-linux-gnu/libcrypto.so.3)
   n0: 7320 in 3 places, all below massif's threshold (1.00%)
  n1: 5424 0x626961A: OBJ_NAME_add (in /usr/lib/x86_64-linux-gnu/libcrypto.so.3)
   n0: 5424 in 57 places, all below massif's threshold (1.00%)
  n0: 288 in 5 places, all below massif's threshold (1.00%)
 n2: 11264 0x62485D3: OPENSSL_LH_insert (in /usr/lib/x86_64-linux-gnu/libcrypto.so.3)
  n2: 8192 0x6339B72: ??? (in /usr/lib/x86_64-linux-gnu/libcrypto.so.3)
   n2: 8192 0x6206BEF: ERR_load_strings_const (in /usr/lib/x86_64-linux-gnu/libcrypto.so.3)
    n1: 8192 0x62598DE: ??? (in /usr/lib/x86_64-linux-gnu/libcrypto.so.3)
     n1: 8192 0x5F0BEE7: __pthread_once_slow (pthread_once.c:116)
      n1: 8192 0x625E1EC: CRYPTO_THREAD_run_once (in /usr/lib/x86_64-linux-gnu/libcrypto.so.3)
       n1: 8192 0x625AEE2: OPENSSL_init_crypto (in /usr/lib/x86_64-linux-gnu/libcrypto.so.3)
        n1: 8192 0x6208686: ??? (in /usr/lib/x86_64-linux-gnu/libcrypto.so.3)
         n1: 8192 0x620904C: ERR_set_mark (in /usr/lib/x86_64-linux-gnu/libcrypto.so.3)
          n1: 8192 0x61B5451: CONF_modules_load_file_ex (in /usr/lib/x86_64-linux-gnu/libcrypto.so.3)
           n1: 8192 0x625A6EF: ??? (in /usr/lib/x86_64-linux-gnu/libcrypto.so.3)
            n1: 8192 0x5F0BEE7: __pthread_once_slow (pthread_once.c:116)
             n1: 8192 0x625E1EC: CRYPTO_THREAD_run_once (in /usr/lib/x86_64-linux-gnu/libcrypto.so.3)
              n1: 8192 0x625B155: OPENSSL_init_crypto (in /usr/lib/x86_64-linux-gnu/libcrypto.so.3)
               n1: 8192 0x63307AC: ??? (in /usr/lib/x86_64-linux-gnu/libcrypto.so.3)
                n1: 8192 0x62853A4: RAND_get_rand_method (in /usr/lib/x86_64-linux-gnu/libcrypto.so.3)
                 n1: 8192 0x6285EC9: RAND_status (in /usr/lib/x86_64-linux-gnu/libcrypto.so.3)
                  n1: 8192 0x5C962CF: OQS_randombytes_openssl (in /home/anss/random/bench/install/lib/liboqs.so.0.15.0)
                   n1: 8192 0x4ADF96C: PQCP_MLKEM_NATIVE_MLKEM512_X86_64_keypair (in /home/anss/random/bench/install/lib/liboqs.so.0.15.0)
                    n0: 8192 0x1092FB: main (in /home/anss/random/bench/mem_kem)
    n0: 0 in 3 places, all below massif's threshold (1.00%)
   n0: 0 in 2 places, all below massif's threshold (1.00%)
  n0: 3072 in 3 places, all below massif's threshold (1.00%)
 n0: 6936 in 32 places, all below massif's threshold (1.00%)
 n1: 5478 0x6253C72: CRYPTO_strndup (in /usr/lib/x86_64-linux-gnu/libcrypto.so.3)
  n0: 5478 in 4 places, all below massif's threshold (1.00%)
 n1: 5424 0x62695D8: OBJ_NAME_add (in /usr/lib/x86_64-linux-gnu/libcrypto.so.3)
  n0: 5424 in 208 places, all below massif's threshold (1.00%)
#-----------
snapshot=42
#-----------
time=7218641
mem_heap_B=459506
mem_heap_extra_B=50590
mem_stacks_B=0
heap_tree=empty
#-----------
snapshot=43
#-----------
time=7338366
mem_heap_B=464061
mem_heap_extra_B=51195
mem_stacks_B=0
heap_tree=empty
#-----------
snapshot=44
#-----------
time=7518886
mem_heap_B=470560
mem_heap_extra_B=52120
mem_stacks_B=0
heap_tree=empty
#-----------
snapshot=45
#-----------
time=7705798
mem_heap_B=478922
mem_heap_extra_B=53406
mem_stacks_B=0
heap_tree=empty
#-----------
snapshot=46
#-----------
time=7858216
mem_heap_B=484021
mem_heap_extra_B=54243
mem_stacks_B=0
heap_tree=empty
#-----------
snapshot=47
#-----------
time=8047854
mem_heap_B=494469
mem_heap_extra_B=55507
mem_stacks_B=0
heap_tree=detailed
n5: 494469 (heap allocation functions) malloc/new/new[], --alloc-fns, etc.
 n7: 412384 0x6252C3D: CRYPTO_zalloc (in /usr/lib/x86_64-linux-gnu/libcrypto.so.3)
  n1: 262144 0x625DFC4: ??? (in /usr/lib/x86_64-linux-gnu/libcrypto.so.3)
   n1: 262144 0x6284365: ??? (in /usr/lib/x86_64-linux-gnu/libcrypto.so.3)
    n1: 262144 0x6227DB9: ??? (in /usr/lib/x86_64-linux-gnu/libcrypto.so.3)
     n1: 262144 0x6247CFB: ??? (in /usr/lib/x86_64-linux-gnu/libcrypto.so.3)
      n1: 262144 0x6247BBB: ??? (in /usr/lib/x86_64-linux-gnu/libcrypto.so.3)
       n1: 262144 0x62672DA: ??? (in /usr/lib/x86_64-linux-gnu/libcrypto.so.3)
        n1: 262144 0x63309E7: ??? (in /usr/lib/x86_64-linux-gnu/libcrypto.so.3)
         n2: 262144 0x633103D: ??? (in /usr/lib/x86_64-linux-gnu/libcrypto.so.3)
          n1: 229376 0x6228652: EVP_CIPHER_fetch (in /usr/lib/x86_64-linux-gnu/libcrypto.so.3)
           n1: 229376 0x631B6C4: ??? (in /usr/lib/x86_64-linux-gnu/libcrypto.so.3)
            n1: 229376 0x631BB22: ??? (in /usr/lib/x86_64-linux-gnu/libcrypto.so.3)
             n1: 229376 0x6233AD7: EVP_RAND_instantiate (in /usr/lib/x86_64-linux-gnu/libcrypto.so.3)
              n1: 229376 0x6285A91: ??? (in /usr/lib/x86_64-linux-gnu/libcrypto.so.3)
               n1: 229376 0x6285C2B: RAND_get0_primary (in /usr/lib/x86_64-linux-gnu/libcrypto.so.3)
                n1: 229376 0x6285EF6: RAND_status (in /usr/lib/x86_64-linux-gnu/libcrypto.so.3)
                 n1: 229376 0x5C962CF: OQS_randombytes_openssl (in /home/anss/random/bench/install/lib/liboqs.so.0.15.0)
                  n1: 229376 0x4ADF96C: PQCP_MLKEM_NATIVE_MLKEM512_X86_64_keypair (in /home/anss/random/bench/install/lib/liboqs.so.0.15.0)
                   n0: 229376 0x1092FB: main (in /home/anss/random/bench/mem_kem)
          n1: 32768 0x62336C2: EVP_RAND_fetch (in /usr/lib/x86_64-linux-gnu/libcrypto.so.3)
           n1: 32768 0x6285CDB: RAND_get0_primary (in /usr/lib/x86_64-linux-gnu/libcrypto.so.3)
            n1: 32768 0x6285EF6: RAND_status (in /usr/lib/x86_64-linux-gnu/libcrypto.so.3)
             n1: 32768 0x5C962CF: OQS_randombytes_openssl (in /home/anss/random/bench/install/lib/liboqs.so.0.15.0)
              n1: 32768 0x4ADF96C: PQCP_MLKEM_NATIVE_MLKEM512_X86_64_keypair (in /home/anss/random/bench/install/lib/liboqs.so.0.15.0)
               n0: 32768 0x1092FB: main (in /home/anss/random/bench/mem_kem)
  n1: 65536 0x625DF52: ??? (in /usr/lib/x86_64-linux-gnu/libcrypto.so.3)
   n1: 65536 0x6284365: ??? (in /usr/lib/x86_64-linux-gnu/libcrypto.so.3)
    n1: 65536 0x6227DB9: ??? (in /usr/lib/x86_64-linux-gnu/libcrypto.so.3)
     n1: 65536 0x6247CFB: ??? (in /usr/lib/x86_64-linux-gnu/libcrypto.so.3)
      n1: 65536 0x6247BBB: ??? (in /usr/lib/x86_64-linux-gnu/libcrypto.so.3)
       n1: 65536 0x62672DA: ??? (in /usr/lib/x86_64-linux-gnu/libcrypto.so.3)
        n1: 65536 0x63309E7: ??? (in /usr/lib/x86_64-linux-gnu/libcrypto.so.3)
         n1: 65536 0x633103D: ??? (in /usr/lib/x86_64-linux-gnu/libcrypto.so.3)
          n1: 65536 0x62336C2: EVP_RAND_fetch (in /usr/lib/x86_64-linux-gnu/libcrypto.so.3)
           n1: 65536 0x6285CDB: RAND_get0_primary (in /usr/lib/x86_64-linux-gnu/libcrypto.so.3)
            n1: 65536 0x6285EF6: RAND_status (in /usr/lib/x86_64-linux-gnu/libcrypto.so.3)
             n1: 65536 0x5C962CF: OQS_randombytes_openssl (in /home/anss/random/bench/install/lib/liboqs.so.0.15.0)
              n1: 65536 0x4ADF96C: PQCP_MLKEM_NATIVE_MLKEM512_X86_64_keypair (in /home/anss/random/bench/install/lib/liboqs.so.0.15.0)
               n0: 65536 0x1092FB: main (in /home/anss/random/bench/mem_kem)
  n1: 25344 0x622FE73: ??? (in /usr/lib/x86_64-linux-gnu/libcrypto.so.3)
   n1: 25344 0x623119D: ??? (in /usr/lib/x86_64-linux-gnu/libcrypto.so.3)
    n1: 25344 0x6227E59: ??? (in /usr/lib/x86_64-linux-gnu/libcrypto.so.3)
     n1: 25344 0x6247C98: ??? (in /usr/lib/x86_64-linux-gnu/libcrypto.so.3)
      n1: 25344 0x6247BBB: ??? (in /usr/lib/x86_64-linux-gnu/libcrypto.so.3)
       n1: 25344 0x62672DA: ??? (in /usr/lib/x86_64-linux-gnu/libcrypto.so.3)
        n1: 25344 0x63309E7: ??? (in /usr/lib/x86_64-linux-gnu/libcrypto.so.3)
         n1: 25344 0x633103D: ??? (in /usr/lib/x86_64-linux-gnu/libcrypto.so.3)
          n1: 25344 0x6228652: EVP_CIPHER_fetch (in /usr/lib/x86_64-linux-gnu/libcrypto.so.3)
           n1: 25344 0x631B6C4: ??? (in /usr/lib/x86_64-linux-gnu/libcrypto.so.3)
            n1: 25344 0x631BB22: ??? (in /usr/lib/x86_64-linux-gnu/libcrypto.so.3)
             n1: 25344 0x6233AD7: EVP_RAND_instantiate (in /usr/lib/x86_64-linux-gnu/libcrypto.so.3)
              n1: 25344 0x6285A91: ??? (in /usr/lib/x86_64-linux-gnu/libcrypto.so.3)
               n1: 25344 0x6285C2B: RAND_get0_primary (in /usr/lib/x86_64-linux-gnu/libcrypto.so.3)
                n1: 25344 0x6285EF6: RAND_status (in /usr/lib/x86_64-linux-gnu/libcrypto.so.3)
                 n1: 25344 0x5C962CF: OQS_randombytes_openssl (in /home/anss/random/bench/install/lib/liboqs.so.0.15.0)
                  n1: 25344 0x4ADF96C: PQCP_MLKEM_NATIVE_MLKEM512_X86_64_keypair (in /home/anss/random/bench/install/lib/liboqs.so.0.15.0)
                   n0: 25344 0x1092FB: main (in /home/anss/random/bench/mem_kem)
  n2: 19184 0x62482DC: OPENSSL_LH_new (in /usr/lib/x86_64-linux-gnu/libcrypto.so.3)
   n1: 18128 0x628433F: ??? (in /usr/lib/x86_64-linux-gnu/libcrypto.so.3)
    n1: 18128 0x6227DB9: ??? (in /usr/lib/x86_64-linux-gnu/libcrypto.so.3)
     n1: 18128 0x6247CFB: ??? (in /usr/lib/x86_64-linux-gnu/libcrypto.so.3)
      n1: 18128 0x6247BBB: ??? (in /usr/lib/x86_64-linux-gnu/libcrypto.so.3)
       n1: 18128 0x62672DA: ??? (in /usr/lib/x86_64-linux-gnu/libcrypto.so.3)
        n1: 18128 0x63309E7: ??? (in /usr/lib/x86_64-linux-gnu/libcrypto.so.3)
         n2: 18128 0x633103D: ??? (in /usr/lib/x86_64-linux-gnu/libcrypto.so.3)
          n1: 17248 0x6228652: EVP_CIPHER_fetch (in /usr/lib/x86_64-linux-gnu/libcrypto.so.3)
           n1: 17248 0x631B6C4: ??? (in /usr/lib/x86_64-linux-gnu/libcrypto.so.3)
            n1: 17248 0x631BB22: ??? (in /usr/lib/x86_64-linux-gnu/libcrypto.so.3)
             n1: 17248 0x6233AD7: EVP_RAND_instantiate (in /usr/lib/x86_64-linux-gnu/libcrypto.so.3)
              n1: 17248 0x6285A91: ??? (in /usr/lib/x86_64-linux-gnu/libcrypto.so.3)
               n1: 17248 0x6285C2B: RAND_get0_primary (in /usr/lib/x86_64-linux-gnu/libcrypto.so.3)
                n1: 17248 0x6285EF6: RAND_status (in /usr/lib/x86_64-linux-gnu/libcrypto.so.3)
                 n1: 17248 0x5C962CF: OQS_randombytes_openssl (in /home/anss/random/bench/install/lib/liboqs.so.0.15.0)
                  n1: 17248 0x4ADF96C: PQCP_MLKEM_NATIVE_MLKEM512_X86_64_keypair (in /home/anss/random/bench/install/lib/liboqs.so.0.15.0)
                   n0: 17248 0x1092FB: main (in /home/anss/random/bench/mem_kem)
          n0: 880 in 1 place, below massif's threshold (1.00%)
   n0: 1056 in 7 places, all below massif's threshold (1.00%)
  n0: 18600 in 28 places, all below massif's threshold (1.00%)
  n2: 13568 0x62482F6: OPENSSL_LH_new (in /usr/lib/x86_64-linux-gnu/libcrypto.so.3)
   n1: 13184 0x628433F: ??? (in /usr/lib/x86_64-linux-gnu/libcrypto.so.3)
    n1: 13184 0x6227DB9: ??? (in /usr/lib/x86_64-linux-gnu/libcrypto.so.3)
     n1: 13184 0x6247CFB: ??? (in /usr/lib/x86_64-linux-gnu/libcrypto.so.3)
      n1: 13184 0x6247BBB: ??? (in /usr/lib/x86_64-linux-gnu/libcrypto.so.3)
       n1: 13184 0x62672DA: ??? (in /usr/lib/x86_64-linux-gnu/libcrypto.so.3)
        n1: 13184 0x63309E7: ??? (in /usr/lib/x86_64-linux-gnu/libcrypto.so.3)
         n2: 13184 0x633103D: ??? (in /usr/lib/x86_64-linux-gnu/libcrypto.so.3)
          n1: 12544 0x6228652: EVP_CIPHER_fetch (in /usr/lib/x86_64-linux-gnu/libcrypto.so.3)
           n1: 12544 0x631B6C4: ??? (in /usr/lib/x86_64-linux-gnu/libcrypto.so.3)
            n1: 12544 0x631BB22: ??? (in /usr/lib/x86_64-linux-gnu/libcrypto.so.3)
             n1: 12544 0x6233AD7: EVP_RAND_instantiate (in /usr/lib/x86_64-linux-gnu/libcrypto.so.3)
              n1: 12544 0x6285A91: ??? (in /usr/lib/x86_64-linux-gnu/libcrypto.so.3)
               n1: 12544 0x6285C2B: RAND_get0_primary (in /usr/lib/x86_64-linux-gnu/libcrypto.so.3)
                n1: 12544 0x6285EF6: RAND_status (in /usr/lib/x86_64-linux-gnu/libcrypto.so.3)
                 n1: 12544 0x5C962CF: OQS_randombytes_openssl (in /home/anss/random/bench/install/lib/liboqs.so.0.15.0)
                  n1: 12544 0x4ADF96C: PQCP_MLKEM_NATIVE_MLKEM512_X86_64_keypair (in /home/anss/random/bench/install/lib/liboqs.so.0.15.0)
                   n0: 12544 0x1092FB: main (in /home/anss/random/bench/mem_kem)
          n0: 640 in 1 place, below massif's threshold (1.00%)
   n0: 384 in 7 places, all below massif's threshold (1.00%)
  n2: 8008 0x625E073: CRYPTO_THREAD_lock_new (in /usr/lib/x86_64-linux-gnu/libcrypto.so.3)
   n1: 5544 0x622FE80: ??? (in /usr/lib/x86_64-linux-gnu/libcrypto.so.3)
    n1: 5544 0x623119D: ??? (in /usr/lib/x86_64-linux-gnu/libcrypto.so.3)
     n1: 5544 0x6227E59: ??? (in /usr/lib/x86_64-linux-gnu/libcrypto.so.3)
      n1: 5544 0x6247C98: ??? (in /usr/lib/x86_64-linux-gnu/libcrypto.so.3)
       n1: 5544 0x6247BBB: ??? (in /usr/lib/x86_64-linux-gnu/libcrypto.so.3)
        n1: 5544 0x62672DA: ??? (in /usr/lib/x86_64-linux-gnu/libcrypto.so.3)
         n1: 5544 0x63309E7: ??? (in /usr/lib/x86_64-linux-gnu/libcrypto.so.3)
          n1: 5544 0x633103D: ??? (in /usr/lib/x86_64-linux-gnu/libcrypto.so.3)
           n1: 5544 0x6228652: EVP_CIPHER_fetch (in /usr/lib/x86_64-linux-gnu/libcrypto.so.3)
            n1: 5544 0x631B6C4: ??? (in /usr/lib/x86_64-linux-gnu/libcrypto.so.3)
             n1: 5544 0x631BB22: ??? (in /usr/lib/x86_64-linux-gnu/libcrypto.so.3)
              n1: 5544 0x6233AD7: EVP_RAND_instantiate (in /usr/lib/x86_64-linux-gnu/libcrypto.so.3)
               n1: 5544 0x6285A91: ??? (in /usr/lib/x86_64-linux-gnu/libcrypto.so.3)
                n1: 5544 0x6285C2B: RAND_get0_primary (in /usr/lib/x86_64-linux-gnu/libcrypto.so.3)
                 n1: 5544 0x6285EF6: RAND_status (in /usr/lib/x86_64-linux-gnu/libcrypto.so.3)
                  n1: 5544 0x5C962CF: OQS_randombytes_openssl (in /home/anss/random/bench/install/lib/liboqs.so.0.15.0)
                   n1: 5544 0x4ADF96C: PQCP_MLKEM_NATIVE_MLKEM512_X86_64_keypair (in /home/anss/random/bench/install/lib/liboqs.so.0.15.0)
                    n0: 5544 0x1092FB: main (in /home/anss/random/bench/mem_kem)
   n0: 2464 in 22 places, all below massif's threshold (1.00%)
 n3: 47448 0x6248625: OPENSSL_LH_insert (in /usr/lib/x86_64-linux-gnu/libcrypto.so.3)
  n2: 33912 0x6339B72: ??? (in /usr/lib/x86_64-linux-gnu/libcrypto.so.3)
   n1: 31944 0x6206BEF: ERR_load_strings_const (in /usr/lib/x86_64-linux-gnu/libcrypto.so.3)
    n0: 31944 in 33 places, all below massif's threshold (1.00%)
   n0: 1968 in 2 places, all below massif's threshold (1.00%)
  n1: 7824 0x62559E2: ??? (in /usr/lib/x86_64-linux-gnu/libcrypto.so.3)
   n0: 7824 in 3 places, all below massif's threshold (1.00%)
  n0: 5712 in 6 places, all below massif's threshold (1.00%)
 n0: 16848 in 33 places, all below massif's threshold (1.00%)
 n2: 11264 0x62485D3: OPENSSL_LH_insert (in /usr/lib/x86_64-linux-gnu/libcrypto.so.3)
  n2: 8192 0x6339B72: ??? (in /usr/lib/x86_64-linux-gnu/libcrypto.so.3)
   n2: 8192 0x6206BEF: ERR_load_strings_const (in /usr/lib/x86_64-linux-gnu/libcrypto.so.3)
    n1: 8192 0x62598DE: ??? (in /usr/lib/x86_64-linux-gnu/libcrypto.so.3)
     n1: 8192 0x5F0BEE7: __pthread_once_slow (pthread_once.c:116)
      n1: 8192 0x625E1EC: CRYPTO_THREAD_run_once (in /usr/lib/x86_64-linux-gnu/libcrypto.so.3)
       n1: 8192 0x625AEE2: OPENSSL_init_crypto (in /usr/lib/x86_64-linux-gnu/libcrypto.so.3)
        n1: 8192 0x6208686: ??? (in /usr/lib/x86_64-linux-gnu/libcrypto.so.3)
         n1: 8192 0x620904C: ERR_set_mark (in /usr/lib/x86_64-linux-gnu/libcrypto.so.3)
          n1: 8192 0x61B5451: CONF_modules_load_file_ex (in /usr/lib/x86_64-linux-gnu/libcrypto.so.3)
           n1: 8192 0x625A6EF: ??? (in /usr/lib/x86_64-linux-gnu/libcrypto.so.3)
            n1: 8192 0x5F0BEE7: __pthread_once_slow (pthread_once.c:116)
             n1: 8192 0x625E1EC: CRYPTO_THREAD_run_once (in /usr/lib/x86_64-linux-gnu/libcrypto.so.3)
              n1: 8192 0x625B155: OPENSSL_init_crypto (in /usr/lib/x86_64-linux-gnu/libcrypto.so.3)
               n1: 8192 0x63307AC: ??? (in /usr/lib/x86_64-linux-gnu/libcrypto.so.3)
                n1: 8192 0x62853A4: RAND_get_rand_method (in /usr/lib/x86_64-linux-gnu/libcrypto.so.3)
                 n1: 8192 0x6285EC9: RAND_status (in /usr/lib/x86_64-linux-gnu/libcrypto.so.3)
                  n1: 8192 0x5C962CF: OQS_randombytes_openssl (in /home/anss/random/bench/install/lib/liboqs.so.0.15.0)
                   n1: 8192 0x4ADF96C: PQCP_MLKEM_NATIVE_MLKEM512_X86_64_keypair (in /home/anss/random/bench/install/lib/liboqs.so.0.15.0)
                    n0: 8192 0x1092FB: main (in /home/anss/random/bench/mem_kem)
    n0: 0 in 3 places, all below massif's threshold (1.00%)
   n0: 0 in 2 places, all below massif's threshold (1.00%)
  n0: 3072 in 3 places, all below massif's threshold (1.00%)
 n1: 6525 0x6253C72: CRYPTO_strndup (in /usr/lib/x86_64-linux-gnu/libcrypto.so.3)
  n0: 6525 in 4 places, all below massif's threshold (1.00%)
#-----------
snapshot=48
#-----------
time=8172252
mem_heap_B=531311
mem_heap_extra_B=56249
mem_stacks_B=0
heap_tree=detailed
n5: 531311 (heap allocation functions) malloc/new/new[], --alloc-fns, etc.
 n7: 448736 0x6252C3D: CRYPTO_zalloc (in /usr/lib/x86_64-linux-gnu/libcrypto.so.3)
  n1: 294912 0x625DFC4: ??? (in /usr/lib/x86_64-linux-gnu/libcrypto.so.3)
   n1: 294912 0x6284365: ??? (in /usr/lib/x86_64-linux-gnu/libcrypto.so.3)
    n1: 294912 0x6227DB9: ??? (in /usr/lib/x86_64-linux-gnu/libcrypto.so.3)
     n1: 294912 0x6247CFB: ??? (in /usr/lib/x86_64-linux-gnu/libcrypto.so.3)
      n1: 294912 0x6247BBB: ??? (in /usr/lib/x86_64-linux-gnu/libcrypto.so.3)
       n1: 294912 0x62672DA: ??? (in /usr/lib/x86_64-linux-gnu/libcrypto.so.3)
        n1: 294912 0x63309E7: ??? (in /usr/lib/x86_64-linux-gnu/libcrypto.so.3)
         n2: 294912 0x633103D: ??? (in /usr/lib/x86_64-linux-gnu/libcrypto.so.3)
          n1: 262144 0x6228652: EVP_CIPHER_fetch (in /usr/lib/x86_64-linux-gnu/libcrypto.so.3)
           n1: 262144 0x631B6C4: ??? (in /usr/lib/x86_64-linux-gnu/libcrypto.so.3)
            n1: 262144 0x631BB22: ??? (in /usr/lib/x86_64-linux-gnu/libcrypto.so.3)
             n1: 262144 0x6233AD7: EVP_RAND_instantiate (in /usr/lib/x86_64-linux-gnu/libcrypto.so.3)
              n1: 262144 0x6285A91: ??? (in /usr/lib/x86_64-linux-gnu/libcrypto.so.3)
               n1: 262144 0x6285C2B: RAND_get0_primary (in /usr/lib/x86_64-linux-gnu/libcrypto.so.3)
                n1: 262144 0x6285EF6: RAND_status (in /usr/lib/x86_64-linux-gnu/libcrypto.so.3)
                 n1: 262144 0x5C962CF: OQS_randombytes_openssl (in /home/anss/random/bench/install/lib/liboqs.so.0.15.0)
                  n1: 262144 0x4ADF96C: PQCP_MLKEM_NATIVE_MLKEM512_X86_64_keypair (in /home/anss/random/bench/install/lib/liboqs.so.0.15.0)
                   n0: 262144 0x1092FB: main (in /home/anss/random/bench/mem_kem)
          n1: 32768 0x62336C2: EVP_RAND_fetch (in /usr/lib/x86_64-linux-gnu/libcrypto.so.3)
           n1: 32768 0x6285CDB: RAND_get0_primary (in /usr/lib/x86_64-linux-gnu/libcrypto.so.3)
            n1: 32768 0x6285EF6: RAND_status (in /usr/lib/x86_64-linux-gnu/libcrypto.so.3)
             n1: 32768 0x5C962CF: OQS_randombytes_openssl (in /home/anss/random/bench/install/lib/liboqs.so.0.15.0)
              n1: 32768 0x4ADF96C: PQCP_MLKEM_NATIVE_MLKEM512_X86_64_keypair (in /home/anss/random/bench/install/lib/liboqs.so.0.15.0)
               n0: 32768 0x1092FB: main (in /home/anss/random/bench/mem_kem)
  n1: 65536 0x625DF52: ??? (in /usr/lib/x86_64-linux-gnu/libcrypto.so.3)
   n1: 65536 0x6284365: ??? (in /usr/lib/x86_64-linux-gnu/libcrypto.so.3)
    n1: 65536 0x6227DB9: ??? (in /usr/lib/x86_64-linux-gnu/libcrypto.so.3)
     n1: 65536 0x6247CFB: ??? (in /usr/lib/x86_64-linux-gnu/libcrypto.so.3)
      n1: 65536 0x6247BBB: ??? (in /usr/lib/x86_64-linux-gnu/libcrypto.so.3)
       n1: 65536 0x62672DA: ??? (in /usr/lib/x86_64-linux-gnu/libcrypto.so.3)
        n1: 65536 0x63309E7: ??? (in /usr/lib/x86_64-linux-gnu/libcrypto.so.3)
         n1: 65536 0x633103D: ??? (in /usr/lib/x86_64-linux-gnu/libcrypto.so.3)
          n1: 65536 0x62336C2: EVP_RAND_fetch (in /usr/lib/x86_64-linux-gnu/libcrypto.so.3)
           n1: 65536 0x6285CDB: RAND_get0_primary (in /usr/lib/x86_64-linux-gnu/libcrypto.so.3)
            n1: 65536 0x6285EF6: RAND_status (in /usr/lib/x86_64-linux-gnu/libcrypto.so.3)
             n1: 65536 0x5C962CF: OQS_randombytes_openssl (in /home/anss/random/bench/install/lib/liboqs.so.0.15.0)
              n1: 65536 0x4ADF96C: PQCP_MLKEM_NATIVE_MLKEM512_X86_64_keypair (in /home/anss/random/bench/install/lib/liboqs.so.0.15.0)
               n0: 65536 0x1092FB: main (in /home/anss/random/bench/mem_kem)
  n1: 26624 0x622FE73: ??? (in /usr/lib/x86_64-linux-gnu/libcrypto.so.3)
   n1: 26624 0x623119D: ??? (in /usr/lib/x86_64-linux-gnu/libcrypto.so.3)
    n1: 26624 0x6227E59: ??? (in /usr/lib/x86_64-linux-gnu/libcrypto.so.3)
     n1: 26624 0x6247C98: ??? (in /usr/lib/x86_64-linux-gnu/libcrypto.so.3)
      n1: 26624 0x6247BBB: ??? (in /usr/lib/x86_64-linux-gnu/libcrypto.so.3)
       n1: 26624 0x62672DA: ??? (in /usr/lib/x86_64-linux-gnu/libcrypto.so.3)
        n1: 26624 0x63309E7: ??? (in /usr/lib/x86_64-linux-gnu/libcrypto.so.3)
         n1: 26624 0x633103D: ??? (in /usr/lib/x86_64-linux-gnu/libcrypto.so.3)
          n1: 26624 0x6228652: EVP_CIPHER_fetch (in /usr/lib/x86_64-linux-gnu/libcrypto.so.3)
           n1: 26624 0x631B6C4: ??? (in /usr/lib/x86_64-linux-gnu/libcrypto.so.3)
            n1: 26624 0x631BB22: ??? (in /usr/lib/x86_64-linux-gnu/libcrypto.so.3)
             n1: 26624 0x6233AD7: EVP_RAND_instantiate (in /usr/lib/x86_64-linux-gnu/libcrypto.so.3)
              n1: 26624 0x6285A91: ??? (in /usr/lib/x86_64-linux-gnu/libcrypto.so.3)
               n1: 26624 0x6285C2B: RAND_get0_primary (in /usr/lib/x86_64-linux-gnu/libcrypto.so.3)
                n1: 26624 0x6285EF6: RAND_status (in /usr/lib/x86_64-linux-gnu/libcrypto.so.3)
                 n1: 26624 0x5C962CF: OQS_randombytes_openssl (in /home/anss/random/bench/install/lib/liboqs.so.0.15.0)
                  n1: 26624 0x4ADF96C: PQCP_MLKEM_NATIVE_MLKEM512_X86_64_keypair (in /home/anss/random/bench/install/lib/liboqs.so.0.15.0)
                   n0: 26624 0x1092FB: main (in /home/anss/random/bench/mem_kem)
  n2: 20064 0x62482DC: OPENSSL_LH_new (in /usr/lib/x86_64-linux-gnu/libcrypto.so.3)
   n1: 19008 0x628433F: ??? (in /usr/lib/x86_64-linux-gnu/libcrypto.so.3)
    n1: 19008 0x6227DB9: ??? (in /usr/lib/x86_64-linux-gnu/libcrypto.so.3)
     n1: 19008 0x6247CFB: ??? (in /usr/lib/x86_64-linux-gnu/libcrypto.so.3)
      n1: 19008 0x6247BBB: ??? (in /usr/lib/x86_64-linux-gnu/libcrypto.so.3)
       n1: 19008 0x62672DA: ??? (in /usr/lib/x86_64-linux-gnu/libcrypto.so.3)
        n1: 19008 0x63309E7: ??? (in /usr/lib/x86_64-linux-gnu/libcrypto.so.3)
         n2: 19008 0x633103D: ??? (in /usr/lib/x86_64-linux-gnu/libcrypto.so.3)
          n1: 18128 0x6228652: EVP_CIPHER_fetch (in /usr/lib/x86_64-linux-gnu/libcrypto.so.3)
           n1: 18128 0x631B6C4: ??? (in /usr/lib/x86_64-linux-gnu/libcrypto.so.3)
            n1: 18128 0x631BB22: ??? (in /usr/lib/x86_64-linux-gnu/libcrypto.so.3)
             n1: 18128 0x6233AD7: EVP_RAND_instantiate (in /usr/lib/x86_64-linux-gnu/libcrypto.so.3)
              n1: 18128 0x6285A91: ??? (in /usr/lib/x86_64-linux-gnu/libcrypto.so.3)
               n1: 18128 0x6285C2B: RAND_get0_primary (in /usr/lib/x86_64-linux-gnu/libcrypto.so.3)
                n1: 18128 0x6285EF6: RAND_status (in /usr/lib/x86_64-linux-gnu/libcrypto.so.3)
                 n1: 18128 0x5C962CF: OQS_randombytes_openssl (in /home/anss/random/bench/install/lib/liboqs.so.0.15.0)
                  n1: 18128 0x4ADF96C: PQCP_MLKEM_NATIVE_MLKEM512_X86_64_keypair (in /home/anss/random/bench/install/lib/liboqs.so.0.15.0)
                   n0: 18128 0x1092FB: main (in /home/anss/random/bench/mem_kem)
          n0: 880 in 1 place, below massif's threshold (1.00%)
   n0: 1056 in 7 places, all below massif's threshold (1.00%)
  n0: 19104 in 28 places, all below massif's threshold (1.00%)
  n2: 14208 0x62482F6: OPENSSL_LH_new (in /usr/lib/x86_64-linux-gnu/libcrypto.so.3)
   n1: 13824 0x628433F: ??? (in /usr/lib/x86_64-linux-gnu/libcrypto.so.3)
    n1: 13824 0x6227DB9: ??? (in /usr/lib/x86_64-linux-gnu/libcrypto.so.3)
     n1: 13824 0x6247CFB: ??? (in /usr/lib/x86_64-linux-gnu/libcrypto.so.3)
      n1: 13824 0x6247BBB: ??? (in /usr/lib/x86_64-linux-gnu/libcrypto.so.3)
       n1: 13824 0x62672DA: ??? (in /usr/lib/x86_64-linux-gnu/libcrypto.so.3)
        n1: 13824 0x63309E7: ??? (in /usr/lib/x86_64-linux-gnu/libcrypto.so.3)
         n2: 13824 0x633103D: ??? (in /usr/lib/x86_64-linux-gnu/libcrypto.so.3)
          n1: 13184 0x6228652: EVP_CIPHER_fetch (in /usr/lib/x86_64-linux-gnu/libcrypto.so.3)
           n1: 13184 0x631B6C4: ??? (in /usr/lib/x86_64-linux-gnu/libcrypto.so.3)
            n1: 13184 0x631BB22: ??? (in /usr/lib/x86_64-linux-gnu/libcrypto.so.3)
             n1: 13184 0x6233AD7: EVP_RAND_instantiate (in /usr/lib/x86_64-linux-gnu/libcrypto.so.3)
              n1: 13184 0x6285A91: ??? (in /usr/lib/x86_64-linux-gnu/libcrypto.so.3)
               n1: 13184 0x6285C2B: RAND_get0_primary (in /usr/lib/x86_64-linux-gnu/libcrypto.so.3)
                n1: 13184 0x6285EF6: RAND_status (in /usr/lib/x86_64-linux-gnu/libcrypto.so.3)
                 n1: 13184 0x5C962CF: OQS_randombytes_openssl (in /home/anss/random/bench/install/lib/liboqs.so.0.15.0)
                  n1: 13184 0x4ADF96C: PQCP_MLKEM_NATIVE_MLKEM512_X86_64_keypair (in /home/anss/random/bench/install/lib/liboqs.so.0.15.0)
                   n0: 13184 0x1092FB: main (in /home/anss/random/bench/mem_kem)
          n0: 640 in 1 place, below massif's threshold (1.00%)
   n0: 384 in 7 places, all below massif's threshold (1.00%)
  n1: 8288 0x625E073: CRYPTO_THREAD_lock_new (in /usr/lib/x86_64-linux-gnu/libcrypto.so.3)
   n0: 8288 in 23 places, all below massif's threshold (1.00%)
 n3: 47544 0x6248625: OPENSSL_LH_insert (in /usr/lib/x86_64-linux-gnu/libcrypto.so.3)
  n2: 33912 0x6339B72: ??? (in /usr/lib/x86_64-linux-gnu/libcrypto.so.3)
   n1: 31944 0x6206BEF: ERR_load_strings_const (in /usr/lib/x86_64-linux-gnu/libcrypto.so.3)
    n0: 31944 in 33 places, all below massif's threshold (1.00%)
   n0: 1968 in 2 places, all below massif's threshold (1.00%)
  n1: 7920 0x62559E2: ??? (in /usr/lib/x86_64-linux-gnu/libcrypto.so.3)
   n0: 7920 in 3 places, all below massif's threshold (1.00%)
  n0: 5712 in 6 places, all below massif's threshold (1.00%)
 n0: 17080 in 33 places, all below massif's threshold (1.00%)
 n2: 11264 0x62485D3: OPENSSL_LH_insert (in /usr/lib/x86_64-linux-gnu/libcrypto.so.3)
  n2: 8192 0x6339B72: ??? (in /usr/lib/x86_64-linux-gnu/libcrypto.so.3)
   n2: 8192 0x6206BEF: ERR_load_strings_const (in /usr/lib/x86_64-linux-gnu/libcrypto.so.3)
    n1: 8192 0x62598DE: ??? (in /usr/lib/x86_64-linux-gnu/libcrypto.so.3)
     n1: 8192 0x5F0BEE7: __pthread_once_slow (pthread_once.c:116)
      n1: 8192 0x625E1EC: CRYPTO_THREAD_run_once (in /usr/lib/x86_64-linux-gnu/libcrypto.so.3)
       n1: 8192 0x625AEE2: OPENSSL_init_crypto (in /usr/lib/x86_64-linux-gnu/libcrypto.so.3)
        n1: 8192 0x6208686: ??? (in /usr/lib/x86_64-linux-gnu/libcrypto.so.3)
         n1: 8192 0x620904C: ERR_set_mark (in /usr/lib/x86_64-linux-gnu/libcrypto.so.3)
          n1: 8192 0x61B5451: CONF_modules_load_file_ex (in /usr/lib/x86_64-linux-gnu/libcrypto.so.3)
           n1: 8192 0x625A6EF: ??? (in /usr/lib/x86_64-linux-gnu/libcrypto.so.3)
            n1: 8192 0x5F0BEE7: __pthread_once_slow (pthread_once.c:116)
             n1: 8192 0x625E1EC: CRYPTO_THREAD_run_once (in /usr/lib/x86_64-linux-gnu/libcrypto.so.3)
              n1: 8192 0x625B155: OPENSSL_init_crypto (in /usr/lib/x86_64-linux-gnu/libcrypto.so.3)
               n1: 8192 0x63307AC: ??? (in /usr/lib/x86_64-linux-gnu/libcrypto.so.3)
                n1: 8192 0x62853A4: RAND_get_rand_method (in /usr/lib/x86_64-linux-gnu/libcrypto.so.3)
                 n1: 8192 0x6285EC9: RAND_status (in /usr/lib/x86_64-linux-gnu/libcrypto.so.3)
                  n1: 8192 0x5C962CF: OQS_randombytes_openssl (in /home/anss/random/bench/install/lib/liboqs.so.0.15.0)
                   n1: 8192 0x4ADF96C: PQCP_MLKEM_NATIVE_MLKEM512_X86_64_keypair (in /home/anss/random/bench/install/lib/liboqs.so.0.15.0)
                    n0: 8192 0x1092FB: main (in /home/anss/random/bench/mem_kem)
    n0: 0 in 3 places, all below massif's threshold (1.00%)
   n0: 0 in 2 places, all below massif's threshold (1.00%)
  n0: 3072 in 3 places, all below massif's threshold (1.00%)
 n1: 6687 0x6253C72: CRYPTO_strndup (in /usr/lib/x86_64-linux-gnu/libcrypto.so.3)
  n0: 6687 in 4 places, all below massif's threshold (1.00%)
#-----------
snapshot=49
#-----------
time=8219803
mem_heap_B=530274
mem_heap_extra_B=56518
mem_stacks_B=0
heap_tree=empty
#-----------
snapshot=50
#-----------
time=8297234
mem_heap_B=533937
mem_heap_extra_B=57143
mem_stacks_B=0
heap_tree=empty
#-----------
snapshot=51
#-----------
time=8306849
mem_heap_B=536977
mem_heap_extra_B=57199
mem_stacks_B=0
heap_tree=detailed
n5: 536977 (heap allocation functions) malloc/new/new[], --alloc-fns, etc.
 n7: 453760 0x6252C3D: CRYPTO_zalloc (in /usr/lib/x86_64-linux-gnu/libcrypto.so.3)
  n1: 294912 0x625DFC4: ??? (in /usr/lib/x86_64-linux-gnu/libcrypto.so.3)
   n1: 294912 0x6284365: ??? (in /usr/lib/x86_64-linux-gnu/libcrypto.so.3)
    n1: 294912 0x6227DB9: ??? (in /usr/lib/x86_64-linux-gnu/libcrypto.so.3)
     n1: 294912 0x6247CFB: ??? (in /usr/lib/x86_64-linux-gnu/libcrypto.so.3)
      n1: 294912 0x6247BBB: ??? (in /usr/lib/x86_64-linux-gnu/libcrypto.so.3)
       n1: 294912 0x62672DA: ??? (in /usr/lib/x86_64-linux-gnu/libcrypto.so.3)
        n1: 294912 0x63309E7: ??? (in /usr/lib/x86_64-linux-gnu/libcrypto.so.3)
         n2: 294912 0x633103D: ??? (in /usr/lib/x86_64-linux-gnu/libcrypto.so.3)
          n1: 262144 0x6228652: EVP_CIPHER_fetch (in /usr/lib/x86_64-linux-gnu/libcrypto.so.3)
           n1: 262144 0x631B6C4: ??? (in /usr/lib/x86_64-linux-gnu/libcrypto.so.3)
            n1: 262144 0x631BB22: ??? (in /usr/lib/x86_64-linux-gnu/libcrypto.so.3)
             n1: 262144 0x6233AD7: EVP_RAND_instantiate (in /usr/lib/x86_64-linux-gnu/libcrypto.so.3)
              n1: 262144 0x6285A91: ??? (in /usr/lib/x86_64-linux-gnu/libcrypto.so.3)
               n1: 262144 0x6285C2B: RAND_get0_primary (in /usr/lib/x86_64-linux-gnu/libcrypto.so.3)
                n1: 262144 0x6285EF6: RAND_status (in /usr/lib/x86_64-linux-gnu/libcrypto.so.3)
                 n1: 262144 0x5C962CF: OQS_randombytes_openssl (in /home/anss/random/bench/install/lib/liboqs.so.0.15.0)
                  n1: 262144 0x4ADF96C: PQCP_MLKEM_NATIVE_MLKEM512_X86_64_keypair (in /home/anss/random/bench/install/lib/liboqs.so.0.15.0)
                   n0: 262144 0x1092FB: main (in /home/anss/random/bench/mem_kem)
          n1: 32768 0x62336C2: EVP_RAND_fetch (in /usr/lib/x86_64-linux-gnu/libcrypto.so.3)
           n1: 32768 0x6285CDB: RAND_get0_primary (in /usr/lib/x86_64-linux-gnu/libcrypto.so.3)
            n1: 32768 0x6285EF6: RAND_status (in /usr/lib/x86_64-linux-gnu/libcrypto.so.3)
             n1: 32768 0x5C962CF: OQS_randombytes_openssl (in /home/anss/random/bench/install/lib/liboqs.so.0.15.0)
              n1: 32768 0x4ADF96C: PQCP_MLKEM_NATIVE_MLKEM512_X86_64_keypair (in /home/anss/random/bench/install/lib/liboqs.so.0.15.0)
               n0: 32768 0x1092FB: main (in /home/anss/random/bench/mem_kem)
  n1: 65536 0x625DF52: ??? (in /usr/lib/x86_64-linux-gnu/libcrypto.so.3)
   n1: 65536 0x6284365: ??? (in /usr/lib/x86_64-linux-gnu/libcrypto.so.3)
    n1: 65536 0x6227DB9: ??? (in /usr/lib/x86_64-linux-gnu/libcrypto.so.3)
     n1: 65536 0x6247CFB: ??? (in /usr/lib/x86_64-linux-gnu/libcrypto.so.3)
      n1: 65536 0x6247BBB: ??? (in /usr/lib/x86_64-linux-gnu/libcrypto.so.3)
       n1: 65536 0x62672DA: ??? (in /usr/lib/x86_64-linux-gnu/libcrypto.so.3)
        n1: 65536 0x63309E7: ??? (in /usr/lib/x86_64-linux-gnu/libcrypto.so.3)
         n1: 65536 0x633103D: ??? (in /usr/lib/x86_64-linux-gnu/libcrypto.so.3)
          n1: 65536 0x62336C2: EVP_RAND_fetch (in /usr/lib/x86_64-linux-gnu/libcrypto.so.3)
           n1: 65536 0x6285CDB: RAND_get0_primary (in /usr/lib/x86_64-linux-gnu/libcrypto.so.3)
            n1: 65536 0x6285EF6: RAND_status (in /usr/lib/x86_64-linux-gnu/libcrypto.so.3)
             n1: 65536 0x5C962CF: OQS_randombytes_openssl (in /home/anss/random/bench/install/lib/liboqs.so.0.15.0)
              n1: 65536 0x4ADF96C: PQCP_MLKEM_NATIVE_MLKEM512_X86_64_keypair (in /home/anss/random/bench/install/lib/liboqs.so.0.15.0)
               n0: 65536 0x1092FB: main (in /home/anss/random/bench/mem_kem)
  n1: 28416 0x622FE73: ??? (in /usr/lib/x86_64-linux-gnu/libcrypto.so.3)
   n1: 28416 0x623119D: ??? (in /usr/lib/x86_64-linux-gnu/libcrypto.so.3)
    n1: 28416 0x6227E59: ??? (in /usr/lib/x86_64-linux-gnu/libcrypto.so.3)
     n1: 28416 0x6247C98: ??? (in /usr/lib/x86_64-linux-gnu/libcrypto.so.3)
      n1: 28416 0x6247BBB: ??? (in /usr/lib/x86_64-linux-gnu/libcrypto.so.3)
       n1: 28416 0x62672DA: ??? (in /usr/lib/x86_64-linux-gnu/libcrypto.so.3)
        n1: 28416 0x63309E7: ??? (in /usr/lib/x86_64-linux-gnu/libcrypto.so.3)
         n1: 28416 0x633103D: ??? (in /usr/lib/x86_64-linux-gnu/libcrypto.so.3)
          n1: 28416 0x6228652: EVP_CIPHER_fetch (in /usr/lib/x86_64-linux-gnu/libcrypto.so.3)
           n1: 28416 0x631B6C4: ??? (in /usr/lib/x86_64-linux-gnu/libcrypto.so.3)
            n1: 28416 0x631BB22: ??? (in /usr/lib/x86_64-linux-gnu/libcrypto.so.3)
             n1: 28416 0x6233AD7: EVP_RAND_instantiate (in /usr/lib/x86_64-linux-gnu/libcrypto.so.3)
              n1: 28416 0x6285A91: ??? (in /usr/lib/x86_64-linux-gnu/libcrypto.so.3)
               n1: 28416 0x6285C2B: RAND_get0_primary (in /usr/lib/x86_64-linux-gnu/libcrypto.so.3)
                n1: 28416 0x6285EF6: RAND_status (in /usr/lib/x86_64-linux-gnu/libcrypto.so.3)
                 n1: 28416 0x5C962CF: OQS_randombytes_openssl (in /home/anss/random/bench/install/lib/liboqs.so.0.15.0)
                  n1: 28416 0x4ADF96C: PQCP_MLKEM_NATIVE_MLKEM512_X86_64_keypair (in /home/anss/random/bench/install/lib/liboqs.so.0.15.0)
                   n0: 28416 0x1092FB: main (in /home/anss/random/bench/mem_kem)
  n2: 21296 0x62482DC: OPENSSL_LH_new (in /usr/lib/x86_64-linux-gnu/libcrypto.so.3)
   n1: 20240 0x628433F: ??? (in /usr/lib/x86_64-linux-gnu/libcrypto.so.3)
    n1: 20240 0x6227DB9: ??? (in /usr/lib/x86_64-linux-gnu/libcrypto.so.3)
     n1: 20240 0x6247CFB: ??? (in /usr/lib/x86_64-linux-gnu/libcrypto.so.3)
      n1: 20240 0x6247BBB: ??? (in /usr/lib/x86_64-linux-gnu/libcrypto.so.3)
       n1: 20240 0x62672DA: ??? (in /usr/lib/x86_64-linux-gnu/libcrypto.so.3)
        n1: 20240 0x63309E7: ??? (in /usr/lib/x86_64-linux-gnu/libcrypto.so.3)
         n2: 20240 0x633103D: ??? (in /usr/lib/x86_64-linux-gnu/libcrypto.so.3)
          n1: 19360 0x6228652: EVP_CIPHER_fetch (in /usr/lib/x86_64-linux-gnu/libcrypto.so.3)
           n1: 19360 0x631B6C4: ??? (in /usr/lib/x86_64-linux-gnu/libcrypto.so.3)
            n1: 19360 0x631BB22: ??? (in /usr/lib/x86_64-linux-gnu/libcrypto.so.3)
             n1: 19360 0x6233AD7: EVP_RAND_instantiate (in /usr/lib/x86_64-linux-gnu/libcrypto.so.3)
              n1: 19360 0x6285A91: ??? (in /usr/lib/x86_64-linux-gnu/libcrypto.so.3)
               n1: 19360 0x6285C2B: RAND_get0_primary (in /usr/lib/x86_64-linux-gnu/libcrypto.so.3)
                n1: 19360 0x6285EF6: RAND_status (in /usr/lib/x86_64-linux-gnu/libcrypto.so.3)
                 n1: 19360 0x5C962CF: OQS_randombytes_openssl (in /home/anss/random/bench/install/lib/liboqs.so.0.15.0)
                  n1: 19360 0x4ADF96C: PQCP_MLKEM_NATIVE_MLKEM512_X86_64_keypair (in /home/anss/random/bench/install/lib/liboqs.so.0.15.0)
                   n0: 19360 0x1092FB: main (in /home/anss/random/bench/mem_kem)
          n0: 880 in 1 place, below massif's threshold (1.00%)
   n0: 1056 in 7 places, all below massif's threshold (1.00%)
  n0: 19816 in 28 places, all below massif's threshold (1.00%)
  n2: 15104 0x62482F6: OPENSSL_LH_new (in /usr/lib/x86_64-linux-gnu/libcrypto.so.3)
   n1: 14720 0x628433F: ??? (in /usr/lib/x86_64-linux-gnu/libcrypto.so.3)
    n1: 14720 0x6227DB9: ??? (in /usr/lib/x86_64-linux-gnu/libcrypto.so.3)
     n1: 14720 0x6247CFB: ??? (in /usr/lib/x86_64-linux-gnu/libcrypto.so.3)
      n1: 14720 0x6247BBB: ??? (in /usr/lib/x86_64-linux-gnu/libcrypto.so.3)
       n1: 14720 0x62672DA: ??? (in /usr/lib/x86_64-linux-gnu/libcrypto.so.3)
        n1: 14720 0x63309E7: ??? (in /usr/lib/x86_64-linux-gnu/libcrypto.so.3)
         n2: 14720 0x633103D: ??? (in /usr/lib/x86_64-linux-gnu/libcrypto.so.3)
          n1: 14080 0x6228652: EVP_CIPHER_fetch (in /usr/lib/x86_64-linux-gnu/libcrypto.so.3)
           n1: 14080 0x631B6C4: ??? (in /usr/lib/x86_64-linux-gnu/libcrypto.so.3)
            n1: 14080 0x631BB22: ??? (in /usr/lib/x86_64-linux-gnu/libcrypto.so.3)
             n1: 14080 0x6233AD7: EVP_RAND_instantiate (in /usr/lib/x86_64-linux-gnu/libcrypto.so.3)
              n1: 14080 0x6285A91: ??? (in /usr/lib/x86_64-linux-gnu/libcrypto.so.3)
               n1: 14080 0x6285C2B: RAND_get0_primary (in /usr/lib/x86_64-linux-gnu/libcrypto.so.3)
                n1: 14080 0x6285EF6: RAND_status (in /usr/lib/x86_64-linux-gnu/libcrypto.so.3)
                 n1: 14080 0x5C962CF: OQS_randombytes_openssl (in /home/anss/random/bench/install/lib/liboqs.so.0.15.0)
                  n1: 14080 0x4ADF96C: PQCP_MLKEM_NATIVE_MLKEM512_X86_64_keypair (in /home/anss/random/bench/install/lib/liboqs.so.0.15.0)
                   n0: 14080 0x1092FB: main (in /home/anss/random/bench/mem_kem)
          n0: 640 in 1 place, below massif's threshold (1.00%)
   n0: 384 in 7 places, all below massif's threshold (1.00%)
  n2: 8680 0x625E073: CRYPTO_THREAD_lock_new (in /usr/lib/x86_64-linux-gnu/libcrypto.so.3)
   n1: 6216 0x622FE80: ??? (in /usr/lib/x86_64-linux-gnu/libcrypto.so.3)
    n1: 6216 0x623119D: ??? (in /usr/lib/x86_64-linux-gnu/libcrypto.so.3)
     n1: 6216 0x6227E59: ??? (in /usr/lib/x86_64-linux-gnu/libcrypto.so.3)
      n1: 6216 0x6247C98: ??? (in /usr/lib/x86_64-linux-gnu/libcrypto.so.3)
       n1: 6216 0x6247BBB: ??? (in /usr/lib/x86_64-linux-gnu/libcrypto.so.3)
        n1: 6216 0x62672DA: ??? (in /usr/lib/x86_64-linux-gnu/libcrypto.so.3)
         n1: 6216 0x63309E7: ??? (in /usr/lib/x86_64-linux-gnu/libcrypto.so.3)
          n1: 6216 0x633103D: ??? (in /usr/lib/x86_64-linux-gnu/libcrypto.so.3)
           n1: 6216 0x6228652: EVP_CIPHER_fetch (in /usr/lib/x86_64-linux-gnu/libcrypto.so.3)
            n1: 6216 0x631B6C4: ??? (in /usr/lib/x86_64-linux-gnu/libcrypto.so.3)
             n1: 6216 0x631BB22: ??? (in /usr/lib/x86_64-linux-gnu/libcrypto.so.3)
              n1: 6216 0x6233AD7: EVP_RAND_instantiate (in /usr/lib/x86_64-linux-gnu/libcrypto.so.3)
               n1: 6216 0x6285A91: ??? (in /usr/lib/x86_64-linux-gnu/libcrypto.so.3)
                n1: 6216 0x6285C2B: RAND_get0_primary (in /usr/lib/x86_64-linux-gnu/libcrypto.so.3)
                 n1: 6216 0x6285EF6: RAND_status (in /usr/lib/x86_64-linux-gnu/libcrypto.so.3)
                  n1: 6216 0x5C962CF: OQS_randombytes_openssl (in /home/anss/random/bench/install/lib/liboqs.so.0.15.0)
                   n1: 6216 0x4ADF96C: PQCP_MLKEM_NATIVE_MLKEM512_X86_64_keypair (in /home/anss/random/bench/install/lib/liboqs.so.0.15.0)
                    n0: 6216 0x1092FB: main (in /home/anss/random/bench/mem_kem)
   n0: 2464 in 22 places, all below massif's threshold (1.00%)
 n3: 47688 0x6248625: OPENSSL_LH_insert (in /usr/lib/x86_64-linux-gnu/libcrypto.so.3)
  n2: 33912 0x6339B72: ??? (in /usr/lib/x86_64-linux-gnu/libcrypto.so.3)
   n1: 31944 0x6206BEF: ERR_load_strings_const (in /usr/lib/x86_64-linux-gnu/libcrypto.so.3)
    n0: 31944 in 33 places, all below massif's threshold (1.00%)
   n0: 1968 in 2 places, all below massif's threshold (1.00%)
  n1: 8064 0x62559E2: ??? (in /usr/lib/x86_64-linux-gnu/libcrypto.so.3)
   n0: 8064 in 3 places, all below massif's threshold (1.00%)
  n0: 5712 in 6 places, all below massif's threshold (1.00%)
 n0: 17408 in 33 places, all below massif's threshold (1.00%)
 n2: 11264 0x62485D3: OPENSSL_LH_insert (in /usr/lib/x86_64-linux-gnu/libcrypto.so.3)
  n2: 8192 0x6339B72: ??? (in /usr/lib/x86_64-linux-gnu/libcrypto.so.3)
   n2: 8192 0x6206BEF: ERR_load_strings_const (in /usr/lib/x86_64-linux-gnu/libcrypto.so.3)
    n1: 8192 0x62598DE: ??? (in /usr/lib/x86_64-linux-gnu/libcrypto.so.3)
     n1: 8192 0x5F0BEE7: __pthread_once_slow (pthread_once.c:116)
      n1: 8192 0x625E1EC: CRYPTO_THREAD_run_once (in /usr/lib/x86_64-linux-gnu/libcrypto.so.3)
       n1: 8192 0x625AEE2: OPENSSL_init_crypto (in /usr/lib/x86_64-linux-gnu/libcrypto.so.3)
        n1: 8192 0x6208686: ??? (in /usr/lib/x86_64-linux-gnu/libcrypto.so.3)
         n1: 8192 0x620904C: ERR_set_mark (in /usr/lib/x86_64-linux-gnu/libcrypto.so.3)
          n1: 8192 0x61B5451: CONF_modules_load_file_ex (in /usr/lib/x86_64-linux-gnu/libcrypto.so.3)
           n1: 8192 0x625A6EF: ??? (in /usr/lib/x86_64-linux-gnu/libcrypto.so.3)
            n1: 8192 0x5F0BEE7: __pthread_once_slow (pthread_once.c:116)
             n1: 8192 0x625E1EC: CRYPTO_THREAD_run_once (in /usr/lib/x86_64-linux-gnu/libcrypto.so.3)
              n1: 8192 0x625B155: OPENSSL_init_crypto (in /usr/lib/x86_64-linux-gnu/libcrypto.so.3)
               n1: 8192 0x63307AC: ??? (in /usr/lib/x86_64-linux-gnu/libcrypto.so.3)
                n1: 8192 0x62853A4: RAND_get_rand_method (in /usr/lib/x86_64-linux-gnu/libcrypto.so.3)
                 n1: 8192 0x6285EC9: RAND_status (in /usr/lib/x86_64-linux-gnu/libcrypto.so.3)
                  n1: 8192 0x5C962CF: OQS_randombytes_openssl (in /home/anss/random/bench/install/lib/liboqs.so.0.15.0)
                   n1: 8192 0x4ADF96C: PQCP_MLKEM_NATIVE_MLKEM512_X86_64_keypair (in /home/anss/random/bench/install/lib/liboqs.so.0.15.0)
                    n0: 8192 0x1092FB: main (in /home/anss/random/bench/mem_kem)
    n0: 0 in 3 places, all below massif's threshold (1.00%)
   n0: 0 in 2 places, all below massif's threshold (1.00%)
  n0: 3072 in 3 places, all below massif's threshold (1.00%)
 n1: 6857 0x6253C72: CRYPTO_strndup (in /usr/lib/x86_64-linux-gnu/libcrypto.so.3)
  n0: 6857 in 4 places, all below massif's threshold (1.00%)
#-----------
snapshot=52
#-----------
time=8389197
mem_heap_B=537523
mem_heap_extra_B=57733
mem_stacks_B=0
heap_tree=empty
#-----------
snapshot=53
#-----------
time=8442187
mem_heap_B=542631
mem_heap_extra_B=58113
mem_stacks_B=0
heap_tree=detailed
n5: 542631 (heap allocation functions) malloc/new/new[], --alloc-fns, etc.
 n7: 458784 0x6252C3D: CRYPTO_zalloc (in /usr/lib/x86_64-linux-gnu/libcrypto.so.3)
  n1: 294912 0x625DFC4: ??? (in /usr/lib/x86_64-linux-gnu/libcrypto.so.3)
   n1: 294912 0x6284365: ??? (in /usr/lib/x86_64-linux-gnu/libcrypto.so.3)
    n1: 294912 0x6227DB9: ??? (in /usr/lib/x86_64-linux-gnu/libcrypto.so.3)
     n1: 294912 0x6247CFB: ??? (in /usr/lib/x86_64-linux-gnu/libcrypto.so.3)
      n1: 294912 0x6247BBB: ??? (in /usr/lib/x86_64-linux-gnu/libcrypto.so.3)
       n1: 294912 0x62672DA: ??? (in /usr/lib/x86_64-linux-gnu/libcrypto.so.3)
        n1: 294912 0x63309E7: ??? (in /usr/lib/x86_64-linux-gnu/libcrypto.so.3)
         n2: 294912 0x633103D: ??? (in /usr/lib/x86_64-linux-gnu/libcrypto.so.3)
          n1: 262144 0x6228652: EVP_CIPHER_fetch (in /usr/lib/x86_64-linux-gnu/libcrypto.so.3)
           n1: 262144 0x631B6C4: ??? (in /usr/lib/x86_64-linux-gnu/libcrypto.so.3)
            n1: 262144 0x631BB22: ??? (in /usr/lib/x86_64-linux-gnu/libcrypto.so.3)
             n1: 262144 0x6233AD7: EVP_RAND_instantiate (in /usr/lib/x86_64-linux-gnu/libcrypto.so.3)
              n1: 262144 0x6285A91: ??? (in /usr/lib/x86_64-linux-gnu/libcrypto.so.3)
               n1: 262144 0x6285C2B: RAND_get0_primary (in /usr/lib/x86_64-linux-gnu/libcrypto.so.3)
                n1: 262144 0x6285EF6: RAND_status (in /usr/lib/x86_64-linux-gnu/libcrypto.so.3)
                 n1: 262144 0x5C962CF: OQS_randombytes_openssl (in /home/anss/random/bench/install/lib/liboqs.so.0.15.0)
                  n1: 262144 0x4ADF96C: PQCP_MLKEM_NATIVE_MLKEM512_X86_64_keypair (in /home/anss/random/bench/install/lib/liboqs.so.0.15.0)
                   n0: 262144 0x1092FB: main (in /home/anss/random/bench/mem_kem)
          n1: 32768 0x62336C2: EVP_RAND_fetch (in /usr/lib/x86_64-linux-gnu/libcrypto.so.3)
           n1: 32768 0x6285CDB: RAND_get0_primary (in /usr/lib/x86_64-linux-gnu/libcrypto.so.3)
            n1: 32768 0x6285EF6: RAND_status (in /usr/lib/x86_64-linux-gnu/libcrypto.so.3)
             n1: 32768 0x5C962CF: OQS_randombytes_openssl (in /home/anss/random/bench/install/lib/liboqs.so.0.15.0)
              n1: 32768 0x4ADF96C: PQCP_MLKEM_NATIVE_MLKEM512_X86_64_keypair (in /home/anss/random/bench/install/lib/liboqs.so.0.15.0)
               n0: 32768 0x1092FB: main (in /home/anss/random/bench/mem_kem)
  n1: 65536 0x625DF52: ??? (in /usr/lib/x86_64-linux-gnu/libcrypto.so.3)
   n1: 65536 0x6284365: ??? (in /usr/lib/x86_64-linux-gnu/libcrypto.so.3)
    n1: 65536 0x6227DB9: ??? (in /usr/lib/x86_64-linux-gnu/libcrypto.so.3)
     n1: 65536 0x6247CFB: ??? (in /usr/lib/x86_64-linux-gnu/libcrypto.so.3)
      n1: 65536 0x6247BBB: ??? (in /usr/lib/x86_64-linux-gnu/libcrypto.so.3)
       n1: 65536 0x62672DA: ??? (in /usr/lib/x86_64-linux-gnu/libcrypto.so.3)
        n1: 65536 0x63309E7: ??? (in /usr/lib/x86_64-linux-gnu/libcrypto.so.3)
         n1: 65536 0x633103D: ??? (in /usr/lib/x86_64-linux-gnu/libcrypto.so.3)
          n1: 65536 0x62336C2: EVP_RAND_fetch (in /usr/lib/x86_64-linux-gnu/libcrypto.so.3)
           n1: 65536 0x6285CDB: RAND_get0_primary (in /usr/lib/x86_64-linux-gnu/libcrypto.so.3)
            n1: 65536 0x6285EF6: RAND_status (in /usr/lib/x86_64-linux-gnu/libcrypto.so.3)
             n1: 65536 0x5C962CF: OQS_randombytes_openssl (in /home/anss/random/bench/install/lib/liboqs.so.0.15.0)
              n1: 65536 0x4ADF96C: PQCP_MLKEM_NATIVE_MLKEM512_X86_64_keypair (in /home/anss/random/bench/install/lib/liboqs.so.0.15.0)
               n0: 65536 0x1092FB: main (in /home/anss/random/bench/mem_kem)
  n1: 30208 0x622FE73: ??? (in /usr/lib/x86_64-linux-gnu/libcrypto.so.3)
   n1: 30208 0x623119D: ??? (in /usr/lib/x86_64-linux-gnu/libcrypto.so.3)
    n1: 30208 0x6227E59: ??? (in /usr/lib/x86_64-linux-gnu/libcrypto.so.3)
     n1: 30208 0x6247C98: ??? (in /usr/lib/x86_64-linux-gnu/libcrypto.so.3)
      n1: 30208 0x6247BBB: ??? (in /usr/lib/x86_64-linux-gnu/libcrypto.so.3)
       n1: 30208 0x62672DA: ??? (in /usr/lib/x86_64-linux-gnu/libcrypto.so.3)
        n1: 30208 0x63309E7: ??? (in /usr/lib/x86_64-linux-gnu/libcrypto.so.3)
         n1: 30208 0x633103D: ??? (in /usr/lib/x86_64-linux-gnu/libcrypto.so.3)
          n1: 30208 0x6228652: EVP_CIPHER_fetch (in /usr/lib/x86_64-linux-gnu/libcrypto.so.3)
           n1: 30208 0x631B6C4: ??? (in /usr/lib/x86_64-linux-gnu/libcrypto.so.3)
            n1: 30208 0x631BB22: ??? (in /usr/lib/x86_64-linux-gnu/libcrypto.so.3)
             n1: 30208 0x6233AD7: EVP_RAND_instantiate (in /usr/lib/x86_64-linux-gnu/libcrypto.so.3)
              n1: 30208 0x6285A91: ??? (in /usr/lib/x86_64-linux-gnu/libcrypto.so.3)
               n1: 30208 0x6285C2B: RAND_get0_primary (in /usr/lib/x86_64-linux-gnu/libcrypto.so.3)
                n1: 30208 0x6285EF6: RAND_status (in /usr/lib/x86_64-linux-gnu/libcrypto.so.3)
                 n1: 30208 0x5C962CF: OQS_randombytes_openssl (in /home/anss/random/bench/install/lib/liboqs.so.0.15.0)
                  n1: 30208 0x4ADF96C: PQCP_MLKEM_NATIVE_MLKEM512_X86_64_keypair (in /home/anss/random/bench/install/lib/liboqs.so.0.15.0)
                   n0: 30208 0x1092FB: main (in /home/anss/random/bench/mem_kem)
  n2: 22528 0x62482DC: OPENSSL_LH_new (in /usr/lib/x86_64-linux-gnu/libcrypto.so.3)
   n1: 21472 0x628433F: ??? (in /usr/lib/x86_64-linux-gnu/libcrypto.so.3)
    n1: 21472 0x6227DB9: ??? (in /usr/lib/x86_64-linux-gnu/libcrypto.so.3)
     n1: 21472 0x6247CFB: ??? (in /usr/lib/x86_64-linux-gnu/libcrypto.so.3)
      n1: 21472 0x6247BBB: ??? (in /usr/lib/x86_64-linux-gnu/libcrypto.so.3)
       n1: 21472 0x62672DA: ??? (in /usr/lib/x86_64-linux-gnu/libcrypto.so.3)
        n1: 21472 0x63309E7: ??? (in /usr/lib/x86_64-linux-gnu/libcrypto.so.3)
         n2: 21472 0x633103D: ??? (in /usr/lib/x86_64-linux-gnu/libcrypto.so.3)
          n1: 20592 0x6228652: EVP_CIPHER_fetch (in /usr/lib/x86_64-linux-gnu/libcrypto.so.3)
           n1: 20592 0x631B6C4: ??? (in /usr/lib/x86_64-linux-gnu/libcrypto.so.3)
            n1: 20592 0x631BB22: ??? (in /usr/lib/x86_64-linux-gnu/libcrypto.so.3)
             n1: 20592 0x6233AD7: EVP_RAND_instantiate (in /usr/lib/x86_64-linux-gnu/libcrypto.so.3)
              n1: 20592 0x6285A91: ??? (in /usr/lib/x86_64-linux-gnu/libcrypto.so.3)
               n1: 20592 0x6285C2B: RAND_get0_primary (in /usr/lib/x86_64-linux-gnu/libcrypto.so.3)
                n1: 20592 0x6285EF6: RAND_status (in /usr/lib/x86_64-linux-gnu/libcrypto.so.3)
                 n1: 20592 0x5C962CF: OQS_randombytes_openssl (in /home/anss/random/bench/install/lib/liboqs.so.0.15.0)
                  n1: 20592 0x4ADF96C: PQCP_MLKEM_NATIVE_MLKEM512_X86_64_keypair (in /home/anss/random/bench/install/lib/liboqs.so.0.15.0)
                   n0: 20592 0x1092FB: main (in /home/anss/random/bench/mem_kem)
          n0: 880 in 1 place, below massif's threshold (1.00%)
   n0: 1056 in 7 places, all below massif's threshold (1.00%)
  n0: 20528 in 28 places, all below massif's threshold (1.00%)
  n2: 16000 0x62482F6: OPENSSL_LH_new (in /usr/lib/x86_64-linux-gnu/libcrypto.so.3)
   n1: 15616 0x628433F: ??? (in /usr/lib/x86_64-linux-gnu/libcrypto.so.3)
    n1: 15616 0x6227DB9: ??? (in /usr/lib/x86_64-linux-gnu/libcrypto.so.3)
     n1: 15616 0x6247CFB: ??? (in /usr/lib/x86_64-linux-gnu/libcrypto.so.3)
      n1: 15616 0x6247BBB: ??? (in /usr/lib/x86_64-linux-gnu/libcrypto.so.3)
       n1: 15616 0x62672DA: ??? (in /usr/lib/x86_64-linux-gnu/libcrypto.so.3)
        n1: 15616 0x63309E7: ??? (in /usr/lib/x86_64-linux-gnu/libcrypto.so.3)
         n2: 15616 0x633103D: ??? (in /usr/lib/x86_64-linux-gnu/libcrypto.so.3)
          n1: 14976 0x6228652: EVP_CIPHER_fetch (in /usr/lib/x86_64-linux-gnu/libcrypto.so.3)
           n1: 14976 0x631B6C4: ??? (in /usr/lib/x86_64-linux-gnu/libcrypto.so.3)
            n1: 14976 0x631BB22: ??? (in /usr/lib/x86_64-linux-gnu/libcrypto.so.3)
             n1: 14976 0x6233AD7: EVP_RAND_instantiate (in /usr/lib/x86_64-linux-gnu/libcrypto.so.3)
              n1: 14976 0x6285A91: ??? (in /usr/lib/x86_64-linux-gnu/libcrypto.so.3)
               n1: 14976 0x6285C2B: RAND_get0_primary (in /usr/lib/x86_64-linux-gnu/libcrypto.so.3)
                n1: 14976 0x6285EF6: RAND_status (in /usr/lib/x86_64-linux-gnu/libcrypto.so.3)
                 n1: 14976 0x5C962CF: OQS_randombytes_openssl (in /home/anss/random/bench/install/lib/liboqs.so.0.15.0)
                  n1: 14976 0x4ADF96C: PQCP_MLKEM_NATIVE_MLKEM512_X86_64_keypair (in /home/anss/random/bench/install/lib/liboqs.so.0.15.0)
                   n0: 14976 0x1092FB: main (in /home/anss/random/bench/mem_kem)
          n0: 640 in 1 place, below massif's threshold (1.00%)
   n0: 384 in 7 places, all below massif's threshold (1.00%)
  n2: 9072 0x625E073: CRYPTO_THREAD_lock_new (in /usr/lib/x86_64-linux-gnu/libcrypto.so.3)
   n1: 6608 0x622FE80: ??? (in /usr/lib/x86_64-linux-gnu/libcrypto.so.3)
    n1: 6608 0x623119D: ??? (in /usr/lib/x86_64-linux-gnu/libcrypto.so.3)
     n1: 6608 0x6227E59: ??? (in /usr/lib/x86_64-linux-gnu/libcrypto.so.3)
      n1: 6608 0x6247C98: ??? (in /usr/lib/x86_64-linux-gnu/libcrypto.so.3)
       n1: 6608 0x6247BBB: ??? (in /usr/lib/x86_64-linux-gnu/libcrypto.so.3)
        n1: 6608 0x62672DA: ??? (in /usr/lib/x86_64-linux-gnu/libcrypto.so.3)
         n1: 6608 0x63309E7: ??? (in /usr/lib/x86_64-linux-gnu/libcrypto.so.3)
          n1: 6608 0x633103D: ??? (in /usr/lib/x86_64-linux-gnu/libcrypto.so.3)
           n1: 6608 0x6228652: EVP_CIPHER_fetch (in /usr/lib/x86_64-linux-gnu/libcrypto.so.3)
            n1: 6608 0x631B6C4: ??? (in /usr/lib/x86_64-linux-gnu/libcrypto.so.3)
             n1: 6608 0x631BB22: ??? (in /usr/lib/x86_64-linux-gnu/libcrypto.so.3)
              n1: 6608 0x6233AD7: EVP_RAND_instantiate (in /usr/lib/x86_64-linux-gnu/libcrypto.so.3)
               n1: 6608 0x6285A91: ??? (in /usr/lib/x86_64-linux-gnu/libcrypto.so.3)
                n1: 6608 0x6285C2B: RAND_get0_primary (in /usr/lib/x86_64-linux-gnu/libcrypto.so.3)
                 n1: 6608 0x6285EF6: RAND_status (in /usr/lib/x86_64-linux-gnu/libcrypto.so.3)
                  n1: 6608 0x5C962CF: OQS_randombytes_openssl (in /home/anss/random/bench/install/lib/liboqs.so.0.15.0)
                   n1: 6608 0x4ADF96C: PQCP_MLKEM_NATIVE_MLKEM512_X86_64_keypair (in /home/anss/random/bench/install/lib/liboqs.so.0.15.0)
                    n0: 6608 0x1092FB: main (in /home/anss/random/bench/mem_kem)
   n0: 2464 in 22 places, all below massif's threshold (1.00%)
 n3: 47832 0x6248625: OPENSSL_LH_insert (in /usr/lib/x86_64-linux-gnu/libcrypto.so.3)
  n2: 33912 0x6339B72: ??? (in /usr/lib/x86_64-linux-gnu/libcrypto.so.3)
   n1: 31944 0x6206BEF: ERR_load_strings_const (in /usr/lib/x86_64-linux-gnu/libcrypto.so.3)
    n0: 31944 in 33 places, all below massif's threshold (1.00%)
   n0: 1968 in 2 places, all below massif's threshold (1.00%)
  n1: 8208 0x62559E2: ??? (in /usr/lib/x86_64-linux-gnu/libcrypto.so.3)
   n0: 8208 in 3 places, all below massif's threshold (1.00%)
  n0: 5712 in 6 places, all below massif's threshold (1.00%)
 n0: 17736 in 33 places, all below massif's threshold (1.00%)
 n2: 11264 0x62485D3: OPENSSL_LH_insert (in /usr/lib/x86_64-linux-gnu/libcrypto.so.3)
  n2: 8192 0x6339B72: ??? (in /usr/lib/x86_64-linux-gnu/libcrypto.so.3)
   n2: 8192 0x6206BEF: ERR_load_strings_const (in /usr/lib/x86_64-linux-gnu/libcrypto.so.3)
    n1: 8192 0x62598DE: ??? (in /usr/lib/x86_64-linux-gnu/libcrypto.so.3)
     n1: 8192 0x5F0BEE7: __pthread_once_slow (pthread_once.c:116)
      n1: 8192 0x625E1EC: CRYPTO_THREAD_run_once (in /usr/lib/x86_64-linux-gnu/libcrypto.so.3)
       n1: 8192 0x625AEE2: OPENSSL_init_crypto (in /usr/lib/x86_64-linux-gnu/libcrypto.so.3)
        n1: 8192 0x6208686: ??? (in /usr/lib/x86_64-linux-gnu/libcrypto.so.3)
         n1: 8192 0x620904C: ERR_set_mark (in /usr/lib/x86_64-linux-gnu/libcrypto.so.3)
          n1: 8192 0x61B5451: CONF_modules_load_file_ex (in /usr/lib/x86_64-linux-gnu/libcrypto.so.3)
           n1: 8192 0x625A6EF: ??? (in /usr/lib/x86_64-linux-gnu/libcrypto.so.3)
            n1: 8192 0x5F0BEE7: __pthread_once_slow (pthread_once.c:116)
             n1: 8192 0x625E1EC: CRYPTO_THREAD_run_once (in /usr/lib/x86_64-linux-gnu/libcrypto.so.3)
              n1: 8192 0x625B155: OPENSSL_init_crypto (in /usr/lib/x86_64-linux-gnu/libcrypto.so.3)
               n1: 8192 0x63307AC: ??? (in /usr/lib/x86_64-linux-gnu/libcrypto.so.3)
                n1: 8192 0x62853A4: RAND_get_rand_method (in /usr/lib/x86_64-linux-gnu/libcrypto.so.3)
                 n1: 8192 0x6285EC9: RAND_status (in /usr/lib/x86_64-linux-gnu/libcrypto.so.3)
                  n1: 8192 0x5C962CF: OQS_randombytes_openssl (in /home/anss/random/bench/install/lib/liboqs.so.0.15.0)
                   n1: 8192 0x4ADF96C: PQCP_MLKEM_NATIVE_MLKEM512_X86_64_keypair (in /home/anss/random/bench/install/lib/liboqs.so.0.15.0)
                    n0: 8192 0x1092FB: main (in /home/anss/random/bench/mem_kem)
    n0: 0 in 3 places, all below massif's threshold (1.00%)
   n0: 0 in 2 places, all below massif's threshold (1.00%)
  n0: 3072 in 3 places, all below massif's threshold (1.00%)
 n1: 7015 0x6253C72: CRYPTO_strndup (in /usr/lib/x86_64-linux-gnu/libcrypto.so.3)
  n0: 7015 in 4 places, all below massif's threshold (1.00%)
#-----------
snapshot=54
#-----------
time=8519238
mem_heap_B=545809
mem_heap_extra_B=58655
mem_stacks_B=0
heap_tree=empty
#-----------
snapshot=55
#-----------
time=8596297
mem_heap_B=547203
mem_heap_extra_B=59149
mem_stacks_B=0
heap_tree=empty
#-----------
snapshot=56
#-----------
time=8601011
mem_heap_B=547755
mem_heap_extra_B=59213
mem_stacks_B=0
heap_tree=peak
n5: 547755 (heap allocation functions) malloc/new/new[], --alloc-fns, etc.
 n7: 466000 0x6252C3D: CRYPTO_zalloc (in /usr/lib/x86_64-linux-gnu/libcrypto.so.3)
  n1: 294912 0x625DFC4: ??? (in /usr/lib/x86_64-linux-gnu/libcrypto.so.3)
   n1: 294912 0x6284365: ??? (in /usr/lib/x86_64-linux-gnu/libcrypto.so.3)
    n1: 294912 0x6227DB9: ??? (in /usr/lib/x86_64-linux-gnu/libcrypto.so.3)
     n1: 294912 0x6247CFB: ??? (in /usr/lib/x86_64-linux-gnu/libcrypto.so.3)
      n1: 294912 0x6247BBB: ??? (in /usr/lib/x86_64-linux-gnu/libcrypto.so.3)
       n1: 294912 0x62672DA: ??? (in /usr/lib/x86_64-linux-gnu/libcrypto.so.3)
        n1: 294912 0x63309E7: ??? (in /usr/lib/x86_64-linux-gnu/libcrypto.so.3)
         n2: 294912 0x633103D: ??? (in /usr/lib/x86_64-linux-gnu/libcrypto.so.3)
          n1: 262144 0x6228652: EVP_CIPHER_fetch (in /usr/lib/x86_64-linux-gnu/libcrypto.so.3)
           n1: 262144 0x631B6C4: ??? (in /usr/lib/x86_64-linux-gnu/libcrypto.so.3)
            n1: 262144 0x631BB22: ??? (in /usr/lib/x86_64-linux-gnu/libcrypto.so.3)
             n1: 262144 0x6233AD7: EVP_RAND_instantiate (in /usr/lib/x86_64-linux-gnu/libcrypto.so.3)
              n1: 262144 0x6285A91: ??? (in /usr/lib/x86_64-linux-gnu/libcrypto.so.3)
               n1: 262144 0x6285C2B: RAND_get0_primary (in /usr/lib/x86_64-linux-gnu/libcrypto.so.3)
                n1: 262144 0x6285EF6: RAND_status (in /usr/lib/x86_64-linux-gnu/libcrypto.so.3)
                 n1: 262144 0x5C962CF: OQS_randombytes_openssl (in /home/anss/random/bench/install/lib/liboqs.so.0.15.0)
                  n1: 262144 0x4ADF96C: PQCP_MLKEM_NATIVE_MLKEM512_X86_64_keypair (in /home/anss/random/bench/install/lib/liboqs.so.0.15.0)
                   n0: 262144 0x1092FB: main (in /home/anss/random/bench/mem_kem)
          n1: 32768 0x62336C2: EVP_RAND_fetch (in /usr/lib/x86_64-linux-gnu/libcrypto.so.3)
           n1: 32768 0x6285CDB: RAND_get0_primary (in /usr/lib/x86_64-linux-gnu/libcrypto.so.3)
            n1: 32768 0x6285EF6: RAND_status (in /usr/lib/x86_64-linux-gnu/libcrypto.so.3)
             n1: 32768 0x5C962CF: OQS_randombytes_openssl (in /home/anss/random/bench/install/lib/liboqs.so.0.15.0)
              n1: 32768 0x4ADF96C: PQCP_MLKEM_NATIVE_MLKEM512_X86_64_keypair (in /home/anss/random/bench/install/lib/liboqs.so.0.15.0)
               n0: 32768 0x1092FB: main (in /home/anss/random/bench/mem_kem)
  n1: 65536 0x625DF52: ??? (in /usr/lib/x86_64-linux-gnu/libcrypto.so.3)
   n1: 65536 0x6284365: ??? (in /usr/lib/x86_64-linux-gnu/libcrypto.so.3)
    n1: 65536 0x6227DB9: ??? (in /usr/lib/x86_64-linux-gnu/libcrypto.so.3)
     n1: 65536 0x6247CFB: ??? (in /usr/lib/x86_64-linux-gnu/libcrypto.so.3)
      n1: 65536 0x6247BBB: ??? (in /usr/lib/x86_64-linux-gnu/libcrypto.so.3)
       n1: 65536 0x62672DA: ??? (in /usr/lib/x86_64-linux-gnu/libcrypto.so.3)
        n1: 65536 0x63309E7: ??? (in /usr/lib/x86_64-linux-gnu/libcrypto.so.3)
         n1: 65536 0x633103D: ??? (in /usr/lib/x86_64-linux-gnu/libcrypto.so.3)
          n1: 65536 0x62336C2: EVP_RAND_fetch (in /usr/lib/x86_64-linux-gnu/libcrypto.so.3)
           n1: 65536 0x6285CDB: RAND_get0_primary (in /usr/lib/x86_64-linux-gnu/libcrypto.so.3)
            n1: 65536 0x6285EF6: RAND_status (in /usr/lib/x86_64-linux-gnu/libcrypto.so.3)
             n1: 65536 0x5C962CF: OQS_randombytes_openssl (in /home/anss/random/bench/install/lib/liboqs.so.0.15.0)
              n1: 65536 0x4ADF96C: PQCP_MLKEM_NATIVE_MLKEM512_X86_64_keypair (in /home/anss/random/bench/install/lib/liboqs.so.0.15.0)
               n0: 65536 0x1092FB: main (in /home/anss/random/bench/mem_kem)
  n1: 31744 0x622FE73: ??? (in /usr/lib/x86_64-linux-gnu/libcrypto.so.3)
   n1: 31744 0x623119D: ??? (in /usr/lib/x86_64-linux-gnu/libcrypto.so.3)
    n1: 31744 0x6227E59: ??? (in /usr/lib/x86_64-linux-gnu/libcrypto.so.3)
     n1: 31744 0x6247C98: ??? (in /usr/lib/x86_64-linux-gnu/libcrypto.so.3)
      n1: 31744 0x6247BBB: ??? (in /usr/lib/x86_64-linux-gnu/libcrypto.so.3)
       n1: 31744 0x62672DA: ??? (in /usr/lib/x86_64-linux-gnu/libcrypto.so.3)
        n1: 31744 0x63309E7: ??? (in /usr/lib/x86_64-linux-gnu/libcrypto.so.3)
         n1: 31744 0x633103D: ??? (in /usr/lib/x86_64-linux-gnu/libcrypto.so.3)
          n1: 31744 0x6228652: EVP_CIPHER_fetch (in /usr/lib/x86_64-linux-gnu/libcrypto.so.3)
           n1: 31744 0x631B6C4: ??? (in /usr/lib/x86_64-linux-gnu/libcrypto.so.3)
            n1: 31744 0x631BB22: ??? (in /usr/lib/x86_64-linux-gnu/libcrypto.so.3)
             n1: 31744 0x6233AD7: EVP_RAND_instantiate (in /usr/lib/x86_64-linux-gnu/libcrypto.so.3)
              n1: 31744 0x6285A91: ??? (in /usr/lib/x86_64-linux-gnu/libcrypto.so.3)
               n1: 31744 0x6285C2B: RAND_get0_primary (in /usr/lib/x86_64-linux-gnu/libcrypto.so.3)
                n1: 31744 0x6285EF6: RAND_status (in /usr/lib/x86_64-linux-gnu/libcrypto.so.3)
                 n1: 31744 0x5C962CF: OQS_randombytes_openssl (in /home/anss/random/bench/install/lib/liboqs.so.0.15.0)
                  n1: 31744 0x4ADF96C: PQCP_MLKEM_NATIVE_MLKEM512_X86_64_keypair (in /home/anss/random/bench/install/lib/liboqs.so.0.15.0)
                   n0: 31744 0x1092FB: main (in /home/anss/random/bench/mem_kem)
  n2: 23760 0x62482DC: OPENSSL_LH_new (in /usr/lib/x86_64-linux-gnu/libcrypto.so.3)
   n1: 22704 0x628433F: ??? (in /usr/lib/x86_64-linux-gnu/libcrypto.so.3)
    n1: 22704 0x6227DB9: ??? (in /usr/lib/x86_64-linux-gnu/libcrypto.so.3)
     n1: 22704 0x6247CFB: ??? (in /usr/lib/x86_64-linux-gnu/libcrypto.so.3)
      n1: 22704 0x6247BBB: ??? (in /usr/lib/x86_64-linux-gnu/libcrypto.so.3)
       n1: 22704 0x62672DA: ??? (in /usr/lib/x86_64-linux-gnu/libcrypto.so.3)
        n1: 22704 0x63309E7: ??? (in /usr/lib/x86_64-linux-gnu/libcrypto.so.3)
         n2: 22704 0x633103D: ??? (in /usr/lib/x86_64-linux-gnu/libcrypto.so.3)
          n1: 21824 0x6228652: EVP_CIPHER_fetch (in /usr/lib/x86_64-linux-gnu/libcrypto.so.3)
           n1: 21824 0x631B6C4: ??? (in /usr/lib/x86_64-linux-gnu/libcrypto.so.3)
            n1: 21824 0x631BB22: ??? (in /usr/lib/x86_64-linux-gnu/libcrypto.so.3)
             n1: 21824 0x6233AD7: EVP_RAND_instantiate (in /usr/lib/x86_64-linux-gnu/libcrypto.so.3)
              n1: 21824 0x6285A91: ??? (in /usr/lib/x86_64-linux-gnu/libcrypto.so.3)
               n1: 21824 0x6285C2B: RAND_get0_primary (in /usr/lib/x86_64-linux-gnu/libcrypto.so.3)
                n1: 21824 0x6285EF6: RAND_status (in /usr/lib/x86_64-linux-gnu/libcrypto.so.3)
                 n1: 21824 0x5C962CF: OQS_randombytes_openssl (in /home/anss/random/bench/install/lib/liboqs.so.0.15.0)
                  n1: 21824 0x4ADF96C: PQCP_MLKEM_NATIVE_MLKEM512_X86_64_keypair (in /home/anss/random/bench/install/lib/liboqs.so.0.15.0)
                   n0: 21824 0x1092FB: main (in /home/anss/random/bench/mem_kem)
          n0: 880 in 1 place, below massif's threshold (1.00%)
   n0: 1056 in 7 places, all below massif's threshold (1.00%)
  n0: 23632 in 35 places, all below massif's threshold (1.00%)
  n2: 16896 0x62482F6: OPENSSL_LH_new (in /usr/lib/x86_64-linux-gnu/libcrypto.so.3)
   n1: 16512 0x628433F: ??? (in /usr/lib/x86_64-linux-gnu/libcrypto.so.3)
    n1: 16512 0x6227DB9: ??? (in /usr/lib/x86_64-linux-gnu/libcrypto.so.3)
     n1: 16512 0x6247CFB: ??? (in /usr/lib/x86_64-linux-gnu/libcrypto.so.3)
      n1: 16512 0x6247BBB: ??? (in /usr/lib/x86_64-linux-gnu/libcrypto.so.3)
       n1: 16512 0x62672DA: ??? (in /usr/lib/x86_64-linux-gnu/libcrypto.so.3)
        n1: 16512 0x63309E7: ??? (in /usr/lib/x86_64-linux-gnu/libcrypto.so.3)
         n2: 16512 0x633103D: ??? (in /usr/lib/x86_64-linux-gnu/libcrypto.so.3)
          n1: 15872 0x6228652: EVP_CIPHER_fetch (in /usr/lib/x86_64-linux-gnu/libcrypto.so.3)
           n1: 15872 0x631B6C4: ??? (in /usr/lib/x86_64-linux-gnu/libcrypto.so.3)
            n1: 15872 0x631BB22: ??? (in /usr/lib/x86_64-linux-gnu/libcrypto.so.3)
             n1: 15872 0x6233AD7: EVP_RAND_instantiate (in /usr/lib/x86_64-linux-gnu/libcrypto.so.3)
              n1: 15872 0x6285A91: ??? (in /usr/lib/x86_64-linux-gnu/libcrypto.so.3)
               n1: 15872 0x6285C2B: RAND_get0_primary (in /usr/lib/x86_64-linux-gnu/libcrypto.so.3)
                n1: 15872 0x6285EF6: RAND_status (in /usr/lib/x86_64-linux-gnu/libcrypto.so.3)
                 n1: 15872 0x5C962CF: OQS_randombytes_openssl (in /home/anss/random/bench/install/lib/liboqs.so.0.15.0)
                  n1: 15872 0x4ADF96C: PQCP_MLKEM_NATIVE_MLKEM512_X86_64_keypair (in /home/anss/random/bench/install/lib/liboqs.so.0.15.0)
                   n0: 15872 0x1092FB: main (in /home/anss/random/bench/mem_kem)
          n0: 640 in 1 place, below massif's threshold (1.00%)
   n0: 384 in 7 places, all below massif's threshold (1.00%)
  n2: 9520 0x625E073: CRYPTO_THREAD_lock_new (in /usr/lib/x86_64-linux-gnu/libcrypto.so.3)
   n1: 6944 0x622FE80: ??? (in /usr/lib/x86_64-linux-gnu/libcrypto.so.3)
    n1: 6944 0x623119D: ??? (in /usr/lib/x86_64-linux-gnu/libcrypto.so.3)
     n1: 6944 0x6227E59: ??? (in /usr/lib/x86_64-linux-gnu/libcrypto.so.3)
      n1: 6944 0x6247C98: ??? (in /usr/lib/x86_64-linux-gnu/libcrypto.so.3)
       n1: 6944 0x6247BBB: ??? (in /usr/lib/x86_64-linux-gnu/libcrypto.so.3)
        n1: 6944 0x62672DA: ??? (in /usr/lib/x86_64-linux-gnu/libcrypto.so.3)
         n1: 6944 0x63309E7: ??? (in /usr/lib/x86_64-linux-gnu/libcrypto.so.3)
          n1: 6944 0x633103D: ??? (in /usr/lib/x86_64-linux-gnu/libcrypto.so.3)
           n1: 6944 0x6228652: EVP_CIPHER_fetch (in /usr/lib/x86_64-linux-gnu/libcrypto.so.3)
            n1: 6944 0x631B6C4: ??? (in /usr/lib/x86_64-linux-gnu/libcrypto.so.3)
             n1: 6944 0x631BB22: ??? (in /usr/lib/x86_64-linux-gnu/libcrypto.so.3)
              n1: 6944 0x6233AD7: EVP_RAND_instantiate (in /usr/lib/x86_64-linux-gnu/libcrypto.so.3)
               n1: 6944 0x6285A91: ??? (in /usr/lib/x86_64-linux-gnu/libcrypto.so.3)
                n1: 6944 0x6285C2B: RAND_get0_primary (in /usr/lib/x86_64-linux-gnu/libcrypto.so.3)
                 n1: 6944 0x6285EF6: RAND_status (in /usr/lib/x86_64-linux-gnu/libcrypto.so.3)
                  n1: 6944 0x5C962CF: OQS_randombytes_openssl (in /home/anss/random/bench/install/lib/liboqs.so.0.15.0)
                   n1: 6944 0x4ADF96C: PQCP_MLKEM_NATIVE_MLKEM512_X86_64_keypair (in /home/anss/random/bench/install/lib/liboqs.so.0.15.0)
                    n0: 6944 0x1092FB: main (in /home/anss/random/bench/mem_kem)
   n0: 2576 in 23 places, all below massif's threshold (1.00%)
 n3: 48000 0x6248625: OPENSSL_LH_insert (in /usr/lib/x86_64-linux-gnu/libcrypto.so.3)
  n2: 33912 0x6339B72: ??? (in /usr/lib/x86_64-linux-gnu/libcrypto.so.3)
   n1: 31944 0x6206BEF: ERR_load_strings_const (in /usr/lib/x86_64-linux-gnu/libcrypto.so.3)
    n0: 31944 in 33 places, all below massif's threshold (1.00%)
   n0: 1968 in 2 places, all below massif's threshold (1.00%)
  n1: 8328 0x62559E2: ??? (in /usr/lib/x86_64-linux-gnu/libcrypto.so.3)
   n0: 8328 in 3 places, all below massif's threshold (1.00%)
  n0: 5760 in 6 places, all below massif's threshold (1.00%)
 n0: 15344 in 34 places, all below massif's threshold (1.00%)
 n2: 11264 0x62485D3: OPENSSL_LH_insert (in /usr/lib/x86_64-linux-gnu/libcrypto.so.3)
  n2: 8192 0x6339B72: ??? (in /usr/lib/x86_64-linux-gnu/libcrypto.so.3)
   n2: 8192 0x6206BEF: ERR_load_strings_const (in /usr/lib/x86_64-linux-gnu/libcrypto.so.3)
    n1: 8192 0x62598DE: ??? (in /usr/lib/x86_64-linux-gnu/libcrypto.so.3)
     n1: 8192 0x5F0BEE7: __pthread_once_slow (pthread_once.c:116)
      n1: 8192 0x625E1EC: CRYPTO_THREAD_run_once (in /usr/lib/x86_64-linux-gnu/libcrypto.so.3)
       n1: 8192 0x625AEE2: OPENSSL_init_crypto (in /usr/lib/x86_64-linux-gnu/libcrypto.so.3)
        n1: 8192 0x6208686: ??? (in /usr/lib/x86_64-linux-gnu/libcrypto.so.3)
         n1: 8192 0x620904C: ERR_set_mark (in /usr/lib/x86_64-linux-gnu/libcrypto.so.3)
          n1: 8192 0x61B5451: CONF_modules_load_file_ex (in /usr/lib/x86_64-linux-gnu/libcrypto.so.3)
           n1: 8192 0x625A6EF: ??? (in /usr/lib/x86_64-linux-gnu/libcrypto.so.3)
            n1: 8192 0x5F0BEE7: __pthread_once_slow (pthread_once.c:116)
             n1: 8192 0x625E1EC: CRYPTO_THREAD_run_once (in /usr/lib/x86_64-linux-gnu/libcrypto.so.3)
              n1: 8192 0x625B155: OPENSSL_init_crypto (in /usr/lib/x86_64-linux-gnu/libcrypto.so.3)
               n1: 8192 0x63307AC: ??? (in /usr/lib/x86_64-linux-gnu/libcrypto.so.3)
                n1: 8192 0x62853A4: RAND_get_rand_method (in /usr/lib/x86_64-linux-gnu/libcrypto.so.3)
                 n1: 8192 0x6285EC9: RAND_status (in /usr/lib/x86_64-linux-gnu/libcrypto.so.3)
                  n1: 8192 0x5C962CF: OQS_randombytes_openssl (in /home/anss/random/bench/install/lib/liboqs.so.0.15.0)
                   n1: 8192 0x4ADF96C: PQCP_MLKEM_NATIVE_MLKEM512_X86_64_keypair (in /home/anss/random/bench/install/lib/liboqs.so.0.15.0)
                    n0: 8192 0x1092FB: main (in /home/anss/random/bench/mem_kem)
    n0: 0 in 3 places, all below massif's threshold (1.00%)
   n0: 0 in 2 places, all below massif's threshold (1.00%)
  n0: 3072 in 3 places, all below massif's threshold (1.00%)
 n1: 7147 0x6253C72: CRYPTO_strndup (in /usr/lib/x86_64-linux-gnu/libcrypto.so.3)
  n0: 7147 in 4 places, all below massif's threshold (1.00%)
#-----------
snapshot=57
#-----------
time=8686939
mem_heap_B=549627
mem_heap_extra_B=59261
mem_stacks_B=0
heap_tree=empty
#-----------
snapshot=58
#-----------
time=8764379
mem_heap_B=549627
mem_heap_extra_B=59261
mem_stacks_B=0
heap_tree=empty
#-----------
snapshot=59
#-----------
time=8845653
mem_heap_B=549883
mem_heap_extra_B=59269
mem_stacks_B=0
heap_tree=empty
#-----------
snapshot=60
#-----------
time=8922972
mem_heap_B=545803
mem_heap_extra_B=59205
mem_stacks_B=0
heap_tree=empty
#-----------
snapshot=61
#-----------
time=8999830
mem_heap_B=529110
mem_heap_extra_B=57082
mem_stacks_B=0
heap_tree=empty
#-----------
snapshot=62
#-----------
time=9076733
mem_heap_B=515244
mem_heap_extra_B=55188
mem_stacks_B=0
heap_tree=empty
#-----------
snapshot=63
#-----------
time=9154756
mem_heap_B=503602
mem_heap_extra_B=53598
mem_stacks_B=0
heap_tree=empty
#-----------
snapshot=64
#-----------
time=9233879
mem_heap_B=490718
mem_heap_extra_B=51818
mem_stacks_B=0
heap_tree=empty
#-----------
snapshot=65
#-----------
time=9315701
mem_heap_B=485389
mem_heap_extra_B=51107
mem_stacks_B=0
heap_tree=empty
#-----------
snapshot=66
#-----------
time=9393248
mem_heap_B=471158
mem_heap_extra_B=49122
mem_stacks_B=0
heap_tree=detailed
n6: 471158 (heap allocation functions) malloc/new/new[], --alloc-fns, etc.
 n7: 398208 0x6252C3D: CRYPTO_zalloc (in /usr/lib/x86_64-linux-gnu/libcrypto.so.3)
  n1: 294912 0x625DFC4: ??? (in /usr/lib/x86_64-linux-gnu/libcrypto.so.3)
   n1: 294912 0x6284365: ??? (in /usr/lib/x86_64-linux-gnu/libcrypto.so.3)
    n1: 294912 0x6227DB9: ??? (in /usr/lib/x86_64-linux-gnu/libcrypto.so.3)
     n1: 294912 0x6247CFB: ??? (in /usr/lib/x86_64-linux-gnu/libcrypto.so.3)
      n1: 294912 0x6247BBB: ??? (in /usr/lib/x86_64-linux-gnu/libcrypto.so.3)
       n1: 294912 0x62672DA: ??? (in /usr/lib/x86_64-linux-gnu/libcrypto.so.3)
        n1: 294912 0x63309E7: ??? (in /usr/lib/x86_64-linux-gnu/libcrypto.so.3)
         n2: 294912 0x633103D: ??? (in /usr/lib/x86_64-linux-gnu/libcrypto.so.3)
          n1: 262144 0x6228652: EVP_CIPHER_fetch (in /usr/lib/x86_64-linux-gnu/libcrypto.so.3)
           n1: 262144 0x631B6C4: ??? (in /usr/lib/x86_64-linux-gnu/libcrypto.so.3)
            n1: 262144 0x631BB22: ??? (in /usr/lib/x86_64-linux-gnu/libcrypto.so.3)
             n1: 262144 0x6233AD7: EVP_RAND_instantiate (in /usr/lib/x86_64-linux-gnu/libcrypto.so.3)
              n1: 262144 0x6285A91: ??? (in /usr/lib/x86_64-linux-gnu/libcrypto.so.3)
               n1: 262144 0x6285C2B: RAND_get0_primary (in /usr/lib/x86_64-linux-gnu/libcrypto.so.3)
                n1: 262144 0x6285EF6: RAND_status (in /usr/lib/x86_64-linux-gnu/libcrypto.so.3)
                 n1: 262144 0x5C962CF: OQS_randombytes_openssl (in /home/anss/random/bench/install/lib/liboqs.so.0.15.0)
                  n1: 262144 0x4ADF96C: PQCP_MLKEM_NATIVE_MLKEM512_X86_64_keypair (in /home/anss/random/bench/install/lib/liboqs.so.0.15.0)
                   n0: 262144 0x1092FB: main (in /home/anss/random/bench/mem_kem)
          n1: 32768 0x62336C2: EVP_RAND_fetch (in /usr/lib/x86_64-linux-gnu/libcrypto.so.3)
           n1: 32768 0x6285CDB: RAND_get0_primary (in /usr/lib/x86_64-linux-gnu/libcrypto.so.3)
            n1: 32768 0x6285EF6: RAND_status (in /usr/lib/x86_64-linux-gnu/libcrypto.so.3)
             n1: 32768 0x5C962CF: OQS_randombytes_openssl (in /home/anss/random/bench/install/lib/liboqs.so.0.15.0)
              n1: 32768 0x4ADF96C: PQCP_MLKEM_NATIVE_MLKEM512_X86_64_keypair (in /home/anss/random/bench/install/lib/liboqs.so.0.15.0)
               n0: 32768 0x1092FB: main (in /home/anss/random/bench/mem_kem)
  n1: 65536 0x625DF52: ??? (in /usr/lib/x86_64-linux-gnu/libcrypto.so.3)
   n1: 65536 0x6284365: ??? (in /usr/lib/x86_64-linux-gnu/libcrypto.so.3)
    n1: 65536 0x6227DB9: ??? (in /usr/lib/x86_64-linux-gnu/libcrypto.so.3)
     n1: 65536 0x6247CFB: ??? (in /usr/lib/x86_64-linux-gnu/libcrypto.so.3)
      n1: 65536 0x6247BBB: ??? (in /usr/lib/x86_64-linux-gnu/libcrypto.so.3)
       n1: 65536 0x62672DA: ??? (in /usr/lib/x86_64-linux-gnu/libcrypto.so.3)
        n1: 65536 0x63309E7: ??? (in /usr/lib/x86_64-linux-gnu/libcrypto.so.3)
         n1: 65536 0x633103D: ??? (in /usr/lib/x86_64-linux-gnu/libcrypto.so.3)
          n1: 65536 0x62336C2: EVP_RAND_fetch (in /usr/lib/x86_64-linux-gnu/libcrypto.so.3)
           n1: 65536 0x6285CDB: RAND_get0_primary (in /usr/lib/x86_64-linux-gnu/libcrypto.so.3)
            n1: 65536 0x6285EF6: RAND_status (in /usr/lib/x86_64-linux-gnu/libcrypto.so.3)
             n1: 65536 0x5C962CF: OQS_randombytes_openssl (in /home/anss/random/bench/install/lib/liboqs.so.0.15.0)
              n1: 65536 0x4ADF96C: PQCP_MLKEM_NATIVE_MLKEM512_X86_64_keypair (in /home/anss/random/bench/install/lib/liboqs.so.0.15.0)
               n0: 65536 0x1092FB: main (in /home/anss/random/bench/mem_kem)
  n1: 10240 0x622FE73: ??? (in /usr/lib/x86_64-linux-gnu/libcrypto.so.3)
   n1: 10240 0x623119D: ??? (in /usr/lib/x86_64-linux-gnu/libcrypto.so.3)
    n1: 10240 0x6227E59: ??? (in /usr/lib/x86_64-linux-gnu/libcrypto.so.3)
     n1: 10240 0x6247C98: ??? (in /usr/lib/x86_64-linux-gnu/libcrypto.so.3)
      n1: 10240 0x6247BBB: ??? (in /usr/lib/x86_64-linux-gnu/libcrypto.so.3)
       n1: 10240 0x62672DA: ??? (in /usr/lib/x86_64-linux-gnu/libcrypto.so.3)
        n1: 10240 0x63309E7: ??? (in /usr/lib/x86_64-linux-gnu/libcrypto.so.3)
         n1: 10240 0x633103D: ??? (in /usr/lib/x86_64-linux-gnu/libcrypto.so.3)
          n1: 10240 0x6228652: EVP_CIPHER_fetch (in /usr/lib/x86_64-linux-gnu/libcrypto.so.3)
           n1: 10240 0x631B6C4: ??? (in /usr/lib/x86_64-linux-gnu/libcrypto.so.3)
            n1: 10240 0x631BB22: ??? (in /usr/lib/x86_64-linux-gnu/libcrypto.so.3)
             n1: 10240 0x6233AD7: EVP_RAND_instantiate (in /usr/lib/x86_64-linux-gnu/libcrypto.so.3)
              n1: 10240 0x6285A91: ??? (in /usr/lib/x86_64-linux-gnu/libcrypto.so.3)
               n1: 10240 0x6285C2B: RAND_get0_primary (in /usr/lib/x86_64-linux-gnu/libcrypto.so.3)
                n1: 10240 0x6285EF6: RAND_status (in /usr/lib/x86_64-linux-gnu/libcrypto.so.3)
                 n1: 10240 0x5C962CF: OQS_randombytes_openssl (in /home/anss/random/bench/install/lib/liboqs.so.0.15.0)
                  n1: 10240 0x4ADF96C: PQCP_MLKEM_NATIVE_MLKEM512_X86_64_keypair (in /home/anss/random/bench/install/lib/liboqs.so.0.15.0)
                   n0: 10240 0x1092FB: main (in /home/anss/random/bench/mem_kem)
  n0: 8368 in 35 places, all below massif's threshold (1.00%)
  n2: 8096 0x62482DC: OPENSSL_LH_new (in /usr/lib/x86_64-linux-gnu/libcrypto.so.3)
   n1: 7040 0x628433F: ??? (in /usr/lib/x86_64-linux-gnu/libcrypto.so.3)
    n1: 7040 0x6227DB9: ??? (in /usr/lib/x86_64-linux-gnu/libcrypto.so.3)
     n1: 7040 0x6247CFB: ??? (in /usr/lib/x86_64-linux-gnu/libcrypto.so.3)
      n1: 7040 0x6247BBB: ??? (in /usr/lib/x86_64-linux-gnu/libcrypto.so.3)
       n1: 7040 0x62672DA: ??? (in /usr/lib/x86_64-linux-gnu/libcrypto.so.3)
        n1: 7040 0x63309E7: ??? (in /usr/lib/x86_64-linux-gnu/libcrypto.so.3)
         n2: 7040 0x633103D: ??? (in /usr/lib/x86_64-linux-gnu/libcrypto.so.3)
          n1: 7040 0x6228652: EVP_CIPHER_fetch (in /usr/lib/x86_64-linux-gnu/libcrypto.so.3)
           n1: 7040 0x631B6C4: ??? (in /usr/lib/x86_64-linux-gnu/libcrypto.so.3)
            n1: 7040 0x631BB22: ??? (in /usr/lib/x86_64-linux-gnu/libcrypto.so.3)
             n1: 7040 0x6233AD7: EVP_RAND_instantiate (in /usr/lib/x86_64-linux-gnu/libcrypto.so.3)
              n1: 7040 0x6285A91: ??? (in /usr/lib/x86_64-linux-gnu/libcrypto.so.3)
               n1: 7040 0x6285C2B: RAND_get0_primary (in /usr/lib/x86_64-linux-gnu/libcrypto.so.3)
                n1: 7040 0x6285EF6: RAND_status (in /usr/lib/x86_64-linux-gnu/libcrypto.so.3)
                 n1: 7040 0x5C962CF: OQS_randombytes_openssl (in /home/anss/random/bench/install/lib/liboqs.so.0.15.0)
                  n1: 7040 0x4ADF96C: PQCP_MLKEM_NATIVE_MLKEM512_X86_64_keypair (in /home/anss/random/bench/install/lib/liboqs.so.0.15.0)
                   n0: 7040 0x1092FB: main (in /home/anss/random/bench/mem_kem)
          n0: 0 in 1 place, below massif's threshold (1.00%)
   n0: 1056 in 7 places, all below massif's threshold (1.00%)
  n1: 5552 0x62559A6: ??? (in /usr/lib/x86_64-linux-gnu/libcrypto.so.3)
   n0: 5552 in 3 places, all below massif's threshold (1.00%)
  n1: 5504 0x62482F6: OPENSSL_LH_new (in /usr/lib/x86_64-linux-gnu/libcrypto.so.3)
   n0: 5504 in 8 places, all below massif's threshold (1.00%)
 n4: 47904 0x6248625: OPENSSL_LH_insert (in /usr/lib/x86_64-linux-gnu/libcrypto.so.3)
  n2: 33912 0x6339B72: ??? (in /usr/lib/x86_64-linux-gnu/libcrypto.so.3)
   n1: 31944 0x6206BEF: ERR_load_strings_const (in /usr/lib/x86_64-linux-gnu/libcrypto.so.3)
    n0: 31944 in 33 places, all below massif's threshold (1.00%)
   n0: 1968 in 2 places, all below massif's threshold (1.00%)
  n1: 8328 0x62559E2: ??? (in /usr/lib/x86_64-linux-gnu/libcrypto.so.3)
   n0: 8328 in 3 places, all below massif's threshold (1.00%)
  n1: 5424 0x626961A: OBJ_NAME_add (in /usr/lib/x86_64-linux-gnu/libcrypto.so.3)
   n0: 5424 in 57 places, all below massif's threshold (1.00%)
  n0: 240 in 5 places, all below massif's threshold (1.00%)
 n2: 11264 0x62485D3: OPENSSL_LH_insert (in /usr/lib/x86_64-linux-gnu/libcrypto.so.3)
  n2: 8192 0x6339B72: ??? (in /usr/lib/x86_64-linux-gnu/libcrypto.so.3)
   n2: 8192 0x6206BEF: ERR_load_strings_const (in /usr/lib/x86_64-linux-gnu/libcrypto.so.3)
    n1: 8192 0x62598DE: ??? (in /usr/lib/x86_64-linux-gnu/libcrypto.so.3)
     n1: 8192 0x5F0BEE7: __pthread_once_slow (pthread_once.c:116)
      n1: 8192 0x625E1EC: CRYPTO_THREAD_run_once (in /usr/lib/x86_64-linux-gnu/libcrypto.so.3)
       n1: 8192 0x625AEE2: OPENSSL_init_crypto (in /usr/lib/x86_64-linux-gnu/libcrypto.so.3)
        n1: 8192 0x6208686: ??? (in /usr/lib/x86_64-linux-gnu/libcrypto.so.3)
         n1: 8192 0x620904C: ERR_set_mark (in /usr/lib/x86_64-linux-gnu/libcrypto.so.3)
          n1: 8192 0x61B5451: CONF_modules_load_file_ex (in /usr/lib/x86_64-linux-gnu/libcrypto.so.3)
           n1: 8192 0x625A6EF: ??? (in /usr/lib/x86_64-linux-gnu/libcrypto.so.3)
            n1: 8192 0x5F0BEE7: __pthread_once_slow (pthread_once.c:116)
             n1: 8192 0x625E1EC: CRYPTO_THREAD_run_once (in /usr/lib/x86_64-linux-gnu/libcrypto.so.3)
              n1: 8192 0x625B155: OPENSSL_init_crypto (in /usr/lib/x86_64-linux-gnu/libcrypto.so.3)
               n1: 8192 0x63307AC: ??? (in /usr/lib/x86_64-linux-gnu/libcrypto.so.3)
                n1: 8192 0x62853A4: RAND_get_rand_method (in /usr/lib/x86_64-linux-gnu/libcrypto.so.3)
                 n1: 8192 0x6285EC9: RAND_status (in /usr/lib/x86_64-linux-gnu/libcrypto.so.3)
                  n1: 8192 0x5C962CF: OQS_randombytes_openssl (in /home/anss/random/bench/install/lib/liboqs.so.0.15.0)
                   n1: 8192 0x4ADF96C: PQCP_MLKEM_NATIVE_MLKEM512_X86_64_keypair (in /home/anss/random/bench/install/lib/liboqs.so.0.15.0)
                    n0: 8192 0x1092FB: main (in /home/anss/random/bench/mem_kem)
    n0: 0 in 3 places, all below massif's threshold (1.00%)
   n0: 0 in 2 places, all below massif's threshold (1.00%)
  n0: 3072 in 3 places, all below massif's threshold (1.00%)
 n2: 5951 0x6253C72: CRYPTO_strndup (in /usr/lib/x86_64-linux-gnu/libcrypto.so.3)
  n1: 5312 0x62559C1: ??? (in /usr/lib/x86_64-linux-gnu/libcrypto.so.3)
   n0: 5312 in 3 places, all below massif's threshold (1.00%)
  n0: 639 in 3 places, all below massif's threshold (1.00%)
 n1: 5424 0x62695D8: OBJ_NAME_add (in /usr/lib/x86_64-linux-gnu/libcrypto.so.3)
  n0: 5424 in 208 places, all below massif's threshold (1.00%)
 n0: 2407 in 35 places, all below massif's threshold (1.00%)
#-----------
snapshot=67
#-----------
time=9470517
mem_heap_B=456698
mem_heap_extra_B=47158
mem_stacks_B=0
heap_tree=empty
#-----------
snapshot=68
#-----------
time=9547786
mem_heap_B=442265
mem_heap_extra_B=45183
mem_stacks_B=0
heap_tree=empty
#-----------
snapshot=69
#-----------
time=9668911
mem_heap_B=407991
mem_heap_extra_B=44977
mem_stacks_B=0
heap_tree=empty
#-----------
snapshot=70
#-----------
time=9775551
mem_heap_B=342455
mem_heap_extra_B=44961
mem_stacks_B=0
heap_tree=empty
#-----------
snapshot=71
#-----------
time=9882191
mem_heap_B=276919
mem_heap_extra_B=44945
mem_stacks_B=0
heap_tree=empty
#-----------
snapshot=72
#-----------
time=9988844
mem_heap_B=211383
mem_heap_extra_B=44929
mem_stacks_B=0
heap_tree=empty
#-----------
snapshot=73
#-----------
time=10095484
mem_heap_B=145847
mem_heap_extra_B=44913
mem_stacks_B=0
heap_tree=empty
#-----------
snapshot=74
#-----------
time=10201961
mem_heap_B=80311
mem_heap_extra_B=44897
mem_stacks_B=0
heap_tree=empty
#-----------
snapshot=75
#-----------
time=10279603
mem_heap_B=53648
mem_heap_extra_B=29376
mem_stacks_B=0
heap_tree=empty
#-----------
snapshot=76
#-----------
time=10356964
mem_heap_B=49904
mem_heap_extra_B=26880
mem_stacks_B=0
heap_tree=detailed
n4: 49904 (heap allocation functions) malloc/new/new[], --alloc-fns, etc.
 n3: 37056 0x6248625: OPENSSL_LH_insert (in /usr/lib/x86_64-linux-gnu/libcrypto.so.3)
  n3: 33912 0x6339B72: ??? (in /usr/lib/x86_64-linux-gnu/libcrypto.so.3)
   n16: 31944 0x6206BEF: ERR_load_strings_const (in /usr/lib/x86_64-linux-gnu/libcrypto.so.3)
    n0: 7440 in 18 places, all below massif's threshold (1.00%)
    n1: 2952 0x625972B: ??? (in /usr/lib/x86_64-linux-gnu/libcrypto.so.3)
     n1: 2952 0x5F0BEE7: __pthread_once_slow (pthread_once.c:116)
      n1: 2952 0x625E1EC: CRYPTO_THREAD_run_once (in /usr/lib/x86_64-linux-gnu/libcrypto.so.3)
       n1: 2952 0x625AEE2: OPENSSL_init_crypto (in /usr/lib/x86_64-linux-gnu/libcrypto.so.3)
        n1: 2952 0x6208686: ??? (in /usr/lib/x86_64-linux-gnu/libcrypto.so.3)
         n1: 2952 0x620904C: ERR_set_mark (in /usr/lib/x86_64-linux-gnu/libcrypto.so.3)
          n1: 2952 0x61B5451: CONF_modules_load_file_ex (in /usr/lib/x86_64-linux-gnu/libcrypto.so.3)
           n1: 2952 0x625A6EF: ??? (in /usr/lib/x86_64-linux-gnu/libcrypto.so.3)
            n1: 2952 0x5F0BEE7: __pthread_once_slow (pthread_once.c:116)
             n1: 2952 0x625E1EC: CRYPTO_THREAD_run_once (in /usr/lib/x86_64-linux-gnu/libcrypto.so.3)
              n1: 2952 0x625B155: OPENSSL_init_crypto (in /usr/lib/x86_64-linux-gnu/libcrypto.so.3)
               n1: 2952 0x63307AC: ??? (in /usr/lib/x86_64-linux-gnu/libcrypto.so.3)
                n1: 2952 0x62853A4: RAND_get_rand_method (in /usr/lib/x86_64-linux-gnu/libcrypto.so.3)
                 n1: 2952 0x6285EC9: RAND_status (in /usr/lib/x86_64-linux-gnu/libcrypto.so.3)
                  n1: 2952 0x5C962CF: OQS_randombytes_openssl (in /home/anss/random/bench/install/lib/liboqs.so.0.15.0)
                   n1: 2952 0x4ADF96C: PQCP_MLKEM_NATIVE_MLKEM512_X86_64_keypair (in /home/anss/random/bench/install/lib/liboqs.so.0.15.0)
                    n0: 2952 0x1092FB: main (in /home/anss/random/bench/mem_kem)
    n1: 2760 0x6259801: ??? (in /usr/lib/x86_64-linux-gnu/libcrypto.so.3)
     n1: 2760 0x5F0BEE7: __pthread_once_slow (pthread_once.c:116)
      n1: 2760 0x625E1EC: CRYPTO_THREAD_run_once (in /usr/lib/x86_64-linux-gnu/libcrypto.so.3)
       n1: 2760 0x625AEE2: OPENSSL_init_crypto (in /usr/lib/x86_64-linux-gnu/libcrypto.so.3)
        n1: 2760 0x6208686: ??? (in /usr/lib/x86_64-linux-gnu/libcrypto.so.3)
         n1: 2760 0x620904C: ERR_set_mark (in /usr/lib/x86_64-linux-gnu/libcrypto.so.3)
          n1: 2760 0x61B5451: CONF_modules_load_file_ex (in /usr/lib/x86_64-linux-gnu/libcrypto.so.3)
           n1: 2760 0x625A6EF: ??? (in /usr/lib/x86_64-linux-gnu/libcrypto.so.3)
            n1: 2760 0x5F0BEE7: __pthread_once_slow (pthread_once.c:116)
             n1: 2760 0x625E1EC: CRYPTO_THREAD_run_once (in /usr/lib/x86_64-linux-gnu/libcrypto.so.3)
              n1: 2760 0x625B155: OPENSSL_init_crypto (in /usr/lib/x86_64-linux-gnu/libcrypto.so.3)
               n1: 2760 0x63307AC: ??? (in /usr/lib/x86_64-linux-gnu/libcrypto.so.3)
                n1: 2760 0x62853A4: RAND_get_rand_method (in /usr/lib/x86_64-linux-gnu/libcrypto.so.3)
                 n1: 2760 0x6285EC9: RAND_status (in /usr/lib/x86_64-linux-gnu/libcrypto.so.3)
                  n1: 2760 0x5C962CF: OQS_randombytes_openssl (in /home/anss/random/bench/install/lib/liboqs.so.0.15.0)
                   n1: 2760 0x4ADF96C: PQCP_MLKEM_NATIVE_MLKEM512_X86_64_keypair (in /home/anss/random/bench/install/lib/liboqs.so.0.15.0)
                    n0: 2760 0x1092FB: main (in /home/anss/random/bench/mem_kem)
    n1: 2616 0x625979B: ??? (in /usr/lib/x86_64-linux-gnu/libcrypto.so.3)
     n1: 2616 0x5F0BEE7: __pthread_once_slow (pthread_once.c:116)
      n1: 2616 0x625E1EC: CRYPTO_THREAD_run_once (in /usr/lib/x86_64-linux-gnu/libcrypto.so.3)
       n1: 2616 0x625AEE2: OPENSSL_init_crypto (in /usr/lib/x86_64-linux-gnu/libcrypto.so.3)
        n1: 2616 0x6208686: ??? (in /usr/lib/x86_64-linux-gnu/libcrypto.so.3)
         n1: 2616 0x620904C: ERR_set_mark (in /usr/lib/x86_64-linux-gnu/libcrypto.so.3)
          n1: 2616 0x61B5451: CONF_modules_load_file_ex (in /usr/lib/x86_64-linux-gnu/libcrypto.so.3)
           n1: 2616 0x625A6EF: ??? (in /usr/lib/x86_64-linux-gnu/libcrypto.so.3)
            n1: 2616 0x5F0BEE7: __pthread_once_slow (pthread_once.c:116)
             n1: 2616 0x625E1EC: CRYPTO_THREAD_run_once (in /usr/lib/x86_64-linux-gnu/libcrypto.so.3)
              n1: 2616 0x625B155: OPENSSL_init_crypto (in /usr/lib/x86_64-linux-gnu/libcrypto.so.3)
               n1: 2616 0x63307AC: ??? (in /usr/lib/x86_64-linux-gnu/libcrypto.so.3)
                n1: 2616 0x62853A4: RAND_get_rand_method (in /usr/lib/x86_64-linux-gnu/libcrypto.so.3)
                 n1: 2616 0x6285EC9: RAND_status (in /usr/lib/x86_64-linux-gnu/libcrypto.so.3)
                  n1: 2616 0x5C962CF: OQS_randombytes_openssl (in /home/anss/random/bench/install/lib/liboqs.so.0.15.0)
                   n1: 2616 0x4ADF96C: PQCP_MLKEM_NATIVE_MLKEM512_X86_64_keypair (in /home/anss/random/bench/install/lib/liboqs.so.0.15.0)
                    n0: 2616 0x1092FB: main (in /home/anss/random/bench/mem_kem)
    n1: 2304 0x6259845: ??? (in /usr/lib/x86_64-linux-gnu/libcrypto.so.3)
     n1: 2304 0x5F0BEE7: __pthread_once_slow (pthread_once.c:116)
      n1: 2304 0x625E1EC: CRYPTO_THREAD_run_once (in /usr/lib/x86_64-linux-gnu/libcrypto.so.3)
       n1: 2304 0x625AEE2: OPENSSL_init_crypto (in /usr/lib/x86_64-linux-gnu/libcrypto.so.3)
        n1: 2304 0x6208686: ??? (in /usr/lib/x86_64-linux-gnu/libcrypto.so.3)
         n1: 2304 0x620904C: ERR_set_mark (in /usr/lib/x86_64-linux-gnu/libcrypto.so.3)
          n1: 2304 0x61B5451: CONF_modules_load_file_ex (in /usr/lib/x86_64-linux-gnu/libcrypto.so.3)
           n1: 2304 0x625A6EF: ??? (in /usr/lib/x86_64-linux-gnu/libcrypto.so.3)
            n1: 2304 0x5F0BEE7: __pthread_once_slow (pthread_once.c:116)
             n1: 2304 0x625E1EC: CRYPTO_THREAD_run_once (in /usr/lib/x86_64-linux-gnu/libcrypto.so.3)
              n1: 2304 0x625B155: OPENSSL_init_crypto (in /usr/lib/x86_64-linux-gnu/libcrypto.so.3)
               n1: 2304 0x63307AC: ??? (in /usr/lib/x86_64-linux-gnu/libcrypto.so.3)
                n1: 2304 0x62853A4: RAND_get_rand_method (in /usr/lib/x86_64-linux-gnu/libcrypto.so.3)
                 n1: 2304 0x6285EC9: RAND_status (in /usr/lib/x86_64-linux-gnu/libcrypto.so.3)
                  n1: 2304 0x5C962CF: OQS_randombytes_openssl (in /home/anss/random/bench/install/lib/liboqs.so.0.15.0)
                   n1: 2304 0x4ADF96C: PQCP_MLKEM_NATIVE_MLKEM512_X86_64_keypair (in /home/anss/random/bench/install/lib/liboqs.so.0.15.0)
                    n0: 2304 0x1092FB: main (in /home/anss/random/bench/mem_kem)
    n1: 2016 0x6259823: ??? (in /usr/lib/x86_64-linux-gnu/libcrypto.so.3)
     n1: 2016 0x5F0BEE7: __pthread_once_slow (pthread_once.c:116)
      n1: 2016 0x625E1EC: CRYPTO_THREAD_run_once (in /usr/lib/x86_64-linux-gnu/libcrypto.so.3)
       n1: 2016 0x625AEE2: OPENSSL_init_crypto (in /usr/lib/x86_64-linux-gnu/libcrypto.so.3)
        n1: 2016 0x6208686: ??? (in /usr/lib/x86_64-linux-gnu/libcrypto.so.3)
         n1: 2016 0x620904C: ERR_set_mark (in /usr/lib/x86_64-linux-gnu/libcrypto.so.3)
          n1: 2016 0x61B5451: CONF_modules_load_file_ex (in /usr/lib/x86_64-linux-gnu/libcrypto.so.3)
           n1: 2016 0x625A6EF: ??? (in /usr/lib/x86_64-linux-gnu/libcrypto.so.3)
            n1: 2016 0x5F0BEE7: __pthread_once_slow (pthread_once.c:116)
             n1: 2016 0x625E1EC: CRYPTO_THREAD_run_once (in /usr/lib/x86_64-linux-gnu/libcrypto.so.3)
              n1: 2016 0x625B155: OPENSSL_init_crypto (in /usr/lib/x86_64-linux-gnu/libcrypto.so.3)
               n1: 2016 0x63307AC: ??? (in /usr/lib/x86_64-linux-gnu/libcrypto.so.3)
                n1: 2016 0x62853A4: RAND_get_rand_method (in /usr/lib/x86_64-linux-gnu/libcrypto.so.3)
                 n1: 2016 0x6285EC9: RAND_status (in /usr/lib/x86_64-linux-gnu/libcrypto.so.3)
                  n1: 2016 0x5C962CF: OQS_randombytes_openssl (in /home/anss/random/bench/install/lib/liboqs.so.0.15.0)
                   n1: 2016 0x4ADF96C: PQCP_MLKEM_NATIVE_MLKEM512_X86_64_keypair (in /home/anss/random/bench/install/lib/liboqs.so.0.15.0)
                    n0: 2016 0x1092FB: main (in /home/anss/random/bench/mem_kem)
    n1: 1968 0x6259783: ??? (in /usr/lib/x86_64-linux-gnu/libcrypto.so.3)
     n1: 1968 0x5F0BEE7: __pthread_once_slow (pthread_once.c:116)
      n1: 1968 0x625E1EC: CRYPTO_THREAD_run_once (in /usr/lib/x86_64-linux-gnu/libcrypto.so.3)
       n1: 1968 0x625AEE2: OPENSSL_init_crypto (in /usr/lib/x86_64-linux-gnu/libcrypto.so.3)
        n1: 1968 0x6208686: ??? (in /usr/lib/x86_64-linux-gnu/libcrypto.so.3)
         n1: 1968 0x620904C: ERR_set_mark (in /usr/lib/x86_64-linux-gnu/libcrypto.so.3)
          n1: 1968 0x61B5451: CONF_modules_load_file_ex (in /usr/lib/x86_64-linux-gnu/libcrypto.so.3)
           n1: 1968 0x625A6EF: ??? (in /usr/lib/x86_64-linux-gnu/libcrypto.so.3)
            n1: 1968 0x5F0BEE7: __pthread_once_slow (pthread_once.c:116)
             n1: 1968 0x625E1EC: CRYPTO_THREAD_run_once (in /usr/lib/x86_64-linux-gnu/libcrypto.so.3)
              n1: 1968 0x625B155: OPENSSL_init_crypto (in /usr/lib/x86_64-linux-gnu/libcrypto.so.3)
               n1: 1968 0x63307AC: ??? (in /usr/lib/x86_64-linux-gnu/libcrypto.so.3)
                n1: 1968 0x62853A4: RAND_get_rand_method (in /usr/lib/x86_64-linux-gnu/libcrypto.so.3)
                 n1: 1968 0x6285EC9: RAND_status (in /usr/lib/x86_64-linux-gnu/libcrypto.so.3)
                  n1: 1968 0x5C962CF: OQS_randombytes_openssl (in /home/anss/random/bench/install/lib/liboqs.so.0.15.0)
                   n1: 1968 0x4ADF96C: PQCP_MLKEM_NATIVE_MLKEM512_X86_64_keypair (in /home/anss/random/bench/install/lib/liboqs.so.0.15.0)
                    n0: 1968 0x1092FB: main (in /home/anss/random/bench/mem_kem)
    n1: 1776 0x62598CD: ??? (in /usr/lib/x86_64-linux-gnu/libcrypto.so.3)
     n1: 1776 0x5F0BEE7: __pthread_once_slow (pthread_once.c:116)
      n1: 1776 0x625E1EC: CRYPTO_THREAD_run_once (in /usr/lib/x86_64-linux-gnu/libcrypto.so.3)
       n1: 1776 0x625AEE2: OPENSSL_init_crypto (in /usr/lib/x86_64-linux-gnu/libcrypto.so.3)
        n1: 1776 0x6208686: ??? (in /usr/lib/x86_64-linux-gnu/libcrypto.so.3)
         n1: 1776 0x620904C: ERR_set_mark (in /usr/lib/x86_64-linux-gnu/libcrypto.so.3)
          n1: 1776 0x61B5451: CONF_modules_load_file_ex (in /usr/lib/x86_64-linux-gnu/libcrypto.so.3)
           n1: 1776 0x625A6EF: ??? (in /usr/lib/x86_64-linux-gnu/libcrypto.so.3)
            n1: 1776 0x5F0BEE7: __pthread_once_slow (pthread_once.c:116)
             n1: 1776 0x625E1EC: CRYPTO_THREAD_run_once (in /usr/lib/x86_64-linux-gnu/libcrypto.so.3)
              n1: 1776 0x625B155: OPENSSL_init_crypto (in /usr/lib/x86_64-linux-gnu/libcrypto.so.3)
               n1: 1776 0x63307AC: ??? (in /usr/lib/x86_64-linux-gnu/libcrypto.so.3)
                n1: 1776 0x62853A4: RAND_get_rand_method (in /usr/lib/x86_64-linux-gnu/libcrypto.so.3)
                 n1: 1776 0x6285EC9: RAND_status (in /usr/lib/x86_64-linux-gnu/libcrypto.so.3)
                  n1: 1776 0x5C962CF: OQS_randombytes_openssl (in /home/anss/random/bench/install/lib/liboqs.so.0.15.0)
                   n1: 1776 0x4ADF96C: PQCP_MLKEM_NATIVE_MLKEM512_X86_64_keypair (in /home/anss/random/bench/install/lib/liboqs.so.0.15.0)
                    n0: 1776 0x1092FB: main (in /home/anss/random/bench/mem_kem)
    n1: 1632 0x625989A: ??? (in /usr/lib/x86_64-linux-gnu/libcrypto.so.3)
     n1: 1632 0x5F0BEE7: __pthread_once_slow (pthread_once.c:116)
      n1: 1632 0x625E1EC: CRYPTO_THREAD_run_once (in /usr/lib/x86_64-linux-gnu/libcrypto.so.3)
       n1: 1632 0x625AEE2: OPENSSL_init_crypto (in /usr/lib/x86_64-linux-gnu/libcrypto.so.3)
        n1: 1632 0x6208686: ??? (in /usr/lib/x86_64-linux-gnu/libcrypto.so.3)
         n1: 1632 0x620904C: ERR_set_mark (in /usr/lib/x86_64-linux-gnu/libcrypto.so.3)
          n1: 1632 0x61B5451: CONF_modules_load_file_ex (in /usr/lib/x86_64-linux-gnu/libcrypto.so.3)
           n1: 1632 0x625A6EF: ??? (in /usr/lib/x86_64-linux-gnu/libcrypto.so.3)
            n1: 1632 0x5F0BEE7: __pthread_once_slow (pthread_once.c:116)
             n1: 1632 0x625E1EC: CRYPTO_THREAD_run_once (in /usr/lib/x86_64-linux-gnu/libcrypto.so.3)
              n1: 1632 0x625B155: OPENSSL_init_crypto (in /usr/lib/x86_64-linux-gnu/libcrypto.so.3)
               n1: 1632 0x63307AC: ??? (in /usr/lib/x86_64-linux-gnu/libcrypto.so.3)
                n1: 1632 0x62853A4: RAND_get_rand_method (in /usr/lib/x86_64-linux-gnu/libcrypto.so.3)
                 n1: 1632 0x6285EC9: RAND_status (in /usr/lib/x86_64-linux-gnu/libcrypto.so.3)
                  n1: 1632 0x5C962CF: OQS_randombytes_openssl (in /home/anss/random/bench/install/lib/liboqs.so.0.15.0)
                   n1: 1632 0x4ADF96C: PQCP_MLKEM_NATIVE_MLKEM512_X86_64_keypair (in /home/anss/random/bench/install/lib/liboqs.so.0.15.0)
                    n0: 1632 0x1092FB: main (in /home/anss/random/bench/mem_kem)
    n1: 1032 0x62597DF: ??? (in /usr/lib/x86_64-linux-gnu/libcrypto.so.3)
     n1: 1032 0x5F0BEE7: __pthread_once_slow (pthread_once.c:116)
      n1: 1032 0x625E1EC: CRYPTO_THREAD_run_once (in /usr/lib/x86_64-linux-gnu/libcrypto.so.3)
       n1: 1032 0x625AEE2: OPENSSL_init_crypto (in /usr/lib/x86_64-linux-gnu/libcrypto.so.3)
        n1: 1032 0x6208686: ??? (in /usr/lib/x86_64-linux-gnu/libcrypto.so.3)
         n1: 1032 0x620904C: ERR_set_mark (in /usr/lib/x86_64-linux-gnu/libcrypto.so.3)
          n1: 1032 0x61B5451: CONF_modules_load_file_ex (in /usr/lib/x86_64-linux-gnu/libcrypto.so.3)
           n1: 1032 0x625A6EF: ??? (in /usr/lib/x86_64-linux-gnu/libcrypto.so.3)
            n1: 1032 0x5F0BEE7: __pthread_once_slow (pthread_once.c:116)
             n1: 1032 0x625E1EC: CRYPTO_THREAD_run_once (in /usr/lib/x86_64-linux-gnu/libcrypto.so.3)
              n1: 1032 0x625B155: OPENSSL_init_crypto (in /usr/lib/x86_64-linux-gnu/libcrypto.so.3)
               n1: 1032 0x63307AC: ??? (in /usr/lib/x86_64-linux-gnu/libcrypto.so.3)
                n1: 1032 0x62853A4: RAND_get_rand_method (in /usr/lib/x86_64-linux-gnu/libcrypto.so.3)
                 n1: 1032 0x6285EC9: RAND_status (in /usr/lib/x86_64-linux-gnu/libcrypto.so.3)
                  n1: 1032 0x5C962CF: OQS_randombytes_openssl (in /home/anss/random/bench/install/lib/liboqs.so.0.15.0)
                   n1: 1032 0x4ADF96C: PQCP_MLKEM_NATIVE_MLKEM512_X86_64_keypair (in /home/anss/random/bench/install/lib/liboqs.so.0.15.0)
                    n0: 1032 0x1092FB: main (in /home/anss/random/bench/mem_kem)
    n1: 1032 0x6259944: ??? (in /usr/lib/x86_64-linux-gnu/libcrypto.so.3)
     n1: 1032 0x5F0BEE7: __pthread_once_slow (pthread_once.c:116)
      n1: 1032 0x625E1EC: CRYPTO_THREAD_run_once (in /usr/lib/x86_64-linux-gnu/libcrypto.so.3)
       n1: 1032 0x625AEE2: OPENSSL_init_crypto (in /usr/lib/x86_64-linux-gnu/libcrypto.so.3)
        n1: 1032 0x6208686: ??? (in /usr/lib/x86_64-linux-gnu/libcrypto.so.3)
         n1: 1032 0x620904C: ERR_set_mark (in /usr/lib/x86_64-linux-gnu/libcrypto.so.3)
          n1: 1032 0x61B5451: CONF_modules_load_file_ex (in /usr/lib/x86_64-linux-gnu/libcrypto.so.3)
           n1: 1032 0x625A6EF: ??? (in /usr/lib/x86_64-linux-gnu/libcrypto.so.3)
            n1: 1032 0x5F0BEE7: __pthread_once_slow (pthread_once.c:116)
             n1: 1032 0x625E1EC: CRYPTO_THREAD_run_once (in /usr/lib/x86_64-linux-gnu/libcrypto.so.3)
              n1: 1032 0x625B155: OPENSSL_init_crypto (in /usr/lib/x86_64-linux-gnu/libcrypto.so.3)
               n1: 1032 0x63307AC: ??? (in /usr/lib/x86_64-linux-gnu/libcrypto.so.3)
                n1: 1032 0x62853A4: RAND_get_rand_method (in /usr/lib/x86_64-linux-gnu/libcrypto.so.3)
                 n1: 1032 0x6285EC9: RAND_status (in /usr/lib/x86_64-linux-gnu/libcrypto.so.3)
                  n1: 1032 0x5C962CF: OQS_randombytes_openssl (in /home/anss/random/bench/install/lib/liboqs.so.0.15.0)
                   n1: 1032 0x4ADF96C: PQCP_MLKEM_NATIVE_MLKEM512_X86_64_keypair (in /home/anss/random/bench/install/lib/liboqs.so.0.15.0)
                    n0: 1032 0x1092FB: main (in /home/anss/random/bench/mem_kem)
    n1: 936 0x62598BC: ??? (in /usr/lib/x86_64-linux-gnu/libcrypto.so.3)
     n1: 936 0x5F0BEE7: __pthread_once_slow (pthread_once.c:116)
      n1: 936 0x625E1EC: CRYPTO_THREAD_run_once (in /usr/lib/x86_64-linux-gnu/libcrypto.so.3)
       n1: 936 0x625AEE2: OPENSSL_init_crypto (in /usr/lib/x86_64-linux-gnu/libcrypto.so.3)
        n1: 936 0x6208686: ??? (in /usr/lib/x86_64-linux-gnu/libcrypto.so.3)
         n1: 936 0x620904C: ERR_set_mark (in /usr/lib/x86_64-linux-gnu/libcrypto.so.3)
          n1: 936 0x61B5451: CONF_modules_load_file_ex (in /usr/lib/x86_64-linux-gnu/libcrypto.so.3)
           n1: 936 0x625A6EF: ??? (in /usr/lib/x86_64-linux-gnu/libcrypto.so.3)
            n1: 936 0x5F0BEE7: __pthread_once_slow (pthread_once.c:116)
             n1: 936 0x625E1EC: CRYPTO_THREAD_run_once (in /usr/lib/x86_64-linux-gnu/libcrypto.so.3)
              n1: 936 0x625B155: OPENSSL_init_crypto (in /usr/lib/x86_64-linux-gnu/libcrypto.so.3)
               n1: 936 0x63307AC: ??? (in /usr/lib/x86_64-linux-gnu/libcrypto.so.3)
                n1: 936 0x62853A4: RAND_get_rand_method (in /usr/lib/x86_64-linux-gnu/libcrypto.so.3)
                 n1: 936 0x6285EC9: RAND_status (in /usr/lib/x86_64-linux-gnu/libcrypto.so.3)
                  n1: 936 0x5C962CF: OQS_randombytes_openssl (in /home/anss/random/bench/install/lib/liboqs.so.0.15.0)
                   n1: 936 0x4ADF96C: PQCP_MLKEM_NATIVE_MLKEM512_X86_64_keypair (in /home/anss/random/bench/install/lib/liboqs.so.0.15.0)
                    n0: 936 0x1092FB: main (in /home/anss/random/bench/mem_kem)
    n1: 936 0x6259922: ??? (in /usr/lib/x86_64-linux-gnu/libcrypto.so.3)
     n1: 936 0x5F0BEE7: __pthread_once_slow (pthread_once.c:116)
      n1: 936 0x625E1EC: CRYPTO_THREAD_run_once (in /usr/lib/x86_64-linux-gnu/libcrypto.so.3)
       n1: 936 0x625AEE2: OPENSSL_init_crypto (in /usr/lib/x86_64-linux-gnu/libcrypto.so.3)
        n1: 936 0x6208686: ??? (in /usr/lib/x86_64-linux-gnu/libcrypto.so.3)
         n1: 936 0x620904C: ERR_set_mark (in /usr/lib/x86_64-linux-gnu/libcrypto.so.3)
          n1: 936 0x61B5451: CONF_modules_load_file_ex (in /usr/lib/x86_64-linux-gnu/libcrypto.so.3)
           n1: 936 0x625A6EF: ??? (in /usr/lib/x86_64-linux-gnu/libcrypto.so.3)
            n1: 936 0x5F0BEE7: __pthread_once_slow (pthread_once.c:116)
             n1: 936 0x625E1EC: CRYPTO_THREAD_run_once (in /usr/lib/x86_64-linux-gnu/libcrypto.so.3)
              n1: 936 0x625B155: OPENSSL_init_crypto (in /usr/lib/x86_64-linux-gnu/libcrypto.so.3)
               n1: 936 0x63307AC: ??? (in /usr/lib/x86_64-linux-gnu/libcrypto.so.3)
                n1: 936 0x62853A4: RAND_get_rand_method (in /usr/lib/x86_64-linux-gnu/libcrypto.so.3)
                 n1: 936 0x6285EC9: RAND_status (in /usr/lib/x86_64-linux-gnu/libcrypto.so.3)
                  n1: 936 0x5C962CF: OQS_randombytes_openssl (in /home/anss/random/bench/install/lib/liboqs.so.0.15.0)
                   n1: 936 0x4ADF96C: PQCP_MLKEM_NATIVE_MLKEM512_X86_64_keypair (in /home/anss/random/bench/install/lib/liboqs.so.0.15.0)
                    n0: 936 0x1092FB: main (in /home/anss/random/bench/mem_kem)
    n1: 912 0x62598AB: ??? (in /usr/lib/x86_64-linux-gnu/libcrypto.so.3)
     n1: 912 0x5F0BEE7: __pthread_once_slow (pthread_once.c:116)
      n1: 912 0x625E1EC: CRYPTO_THREAD_run_once (in /usr/lib/x86_64-linux-gnu/libcrypto.so.3)
       n1: 912 0x625AEE2: OPENSSL_init_crypto (in /usr/lib/x86_64-linux-gnu/libcrypto.so.3)
        n1: 912 0x6208686: ??? (in /usr/lib/x86_64-linux-gnu/libcrypto.so.3)
         n1: 912 0x620904C: ERR_set_mark (in /usr/lib/x86_64-linux-gnu/libcrypto.so.3)
          n1: 912 0x61B5451: CONF_modules_load_file_ex (in /usr/lib/x86_64-linux-gnu/libcrypto.so.3)
           n1: 912 0x625A6EF: ??? (in /usr/lib/x86_64-linux-gnu/libcrypto.so.3)
            n1: 912 0x5F0BEE7: __pthread_once_slow (pthread_once.c:116)
             n1: 912 0x625E1EC: CRYPTO_THREAD_run_once (in /usr/lib/x86_64-linux-gnu/libcrypto.so.3)
              n1: 912 0x625B155: OPENSSL_init_crypto (in /usr/lib/x86_64-linux-gnu/libcrypto.so.3)
               n1: 912 0x63307AC: ??? (in /usr/lib/x86_64-linux-gnu/libcrypto.so.3)
                n1: 912 0x62853A4: RAND_get_rand_method (in /usr/lib/x86_64-linux-gnu/libcrypto.so.3)
                 n1: 912 0x6285EC9: RAND_status (in /usr/lib/x86_64-linux-gnu/libcrypto.so.3)
                  n1: 912 0x5C962CF: OQS_randombytes_openssl (in /home/anss/random/bench/install/lib/liboqs.so.0.15.0)
                   n1: 912 0x4ADF96C: PQCP_MLKEM_NATIVE_MLKEM512_X86_64_keypair (in /home/anss/random/bench/install/lib/liboqs.so.0.15.0)
                    n0: 912 0x1092FB: main (in /home/anss/random/bench/mem_kem)
    n1: 840 0x6259911: ??? (in /usr/lib/x86_64-linux-gnu/libcrypto.so.3)
     n1: 840 0x5F0BEE7: __pthread_once_slow (pthread_once.c:116)
      n1: 840 0x625E1EC: CRYPTO_THREAD_run_once (in /usr/lib/x86_64-linux-gnu/libcrypto.so.3)
       n1: 840 0x625AEE2: OPENSSL_init_crypto (in /usr/lib/x86_64-linux-gnu/libcrypto.so.3)
        n1: 840 0x6208686: ??? (in /usr/lib/x86_64-linux-gnu/libcrypto.so.3)
         n1: 840 0x620904C: ERR_set_mark (in /usr/lib/x86_64-linux-gnu/libcrypto.so.3)
          n1: 840 0x61B5451: CONF_modules_load_file_ex (in /usr/lib/x86_64-linux-gnu/libcrypto.so.3)
           n1: 840 0x625A6EF: ??? (in /usr/lib/x86_64-linux-gnu/libcrypto.so.3)
            n1: 840 0x5F0BEE7: __pthread_once_slow (pthread_once.c:116)
             n1: 840 0x625E1EC: CRYPTO_THREAD_run_once (in /usr/lib/x86_64-linux-gnu/libcrypto.so.3)
              n1: 840 0x625B155: OPENSSL_init_crypto (in /usr/lib/x86_64-linux-gnu/libcrypto.so.3)
               n1: 840 0x63307AC: ??? (in /usr/lib/x86_64-linux-gnu/libcrypto.so.3)
                n1: 840 0x62853A4: RAND_get_rand_method (in /usr/lib/x86_64-linux-gnu/libcrypto.so.3)
                 n1: 840 0x6285EC9: RAND_status (in /usr/lib/x86_64-linux-gnu/libcrypto.so.3)
                  n1: 840 0x5C962CF: OQS_randombytes_openssl (in /home/anss/random/bench/install/lib/liboqs.so.0.15.0)
                   n1: 840 0x4ADF96C: PQCP_MLKEM_NATIVE_MLKEM512_X86_64_keypair (in /home/anss/random/bench/install/lib/liboqs.so.0.15.0)
                    n0: 840 0x1092FB: main (in /home/anss/random/bench/mem_kem)
    n1: 792 0x62597BD: ??? (in /usr/lib/x86_64-linux-gnu/libcrypto.so.3)
     n1: 792 0x5F0BEE7: __pthread_once_slow (pthread_once.c:116)
      n1: 792 0x625E1EC: CRYPTO_THREAD_run_once (in /usr/lib/x86_64-linux-gnu/libcrypto.so.3)
       n1: 792 0x625AEE2: OPENSSL_init_crypto (in /usr/lib/x86_64-linux-gnu/libcrypto.so.3)
        n1: 792 0x6208686: ??? (in /usr/lib/x86_64-linux-gnu/libcrypto.so.3)
         n1: 792 0x620904C: ERR_set_mark (in /usr/lib/x86_64-linux-gnu/libcrypto.so.3)
          n1: 792 0x61B5451: CONF_modules_load_file_ex (in /usr/lib/x86_64-linux-gnu/libcrypto.so.3)
           n1: 792 0x625A6EF: ??? (in /usr/lib/x86_64-linux-gnu/libcrypto.so.3)
            n1: 792 0x5F0BEE7: __pthread_once_slow (pthread_once.c:116)
             n1: 792 0x625E1EC: CRYPTO_THREAD_run_once (in /usr/lib/x86_64-linux-gnu/libcrypto.so.3)
              n1: 792 0x625B155: OPENSSL_init_crypto (in /usr/lib/x86_64-linux-gnu/libcrypto.so.3)
               n1: 792 0x63307AC: ??? (in /usr/lib/x86_64-linux-gnu/libcrypto.so.3)
                n1: 792 0x62853A4: RAND_get_rand_method (in /usr/lib/x86_64-linux-gnu/libcrypto.so.3)
                 n1: 792 0x6285EC9: RAND_status (in /usr/lib/x86_64-linux-gnu/libcrypto.so.3)
                  n1: 792 0x5C962CF: OQS_randombytes_openssl (in /home/anss/random/bench/install/lib/liboqs.so.0.15.0)
                   n1: 792 0x4ADF96C: PQCP_MLKEM_NATIVE_MLKEM512_X86_64_keypair (in /home/anss/random/bench/install/lib/liboqs.so.0.15.0)
                    n0: 792 0x1092FB: main (in /home/anss/random/bench/mem_kem)
   n1: 1032 0x625947B: ??? (in /usr/lib/x86_64-linux-gnu/libcrypto.so.3)
    n1: 1032 0x5F0BEE7: __pthread_once_slow (pthread_once.c:116)
     n1: 1032 0x625E1EC: CRYPTO_THREAD_run_once (in /usr/lib/x86_64-linux-gnu/libcrypto.so.3)
      n1: 1032 0x625AEE2: OPENSSL_init_crypto (in /usr/lib/x86_64-linux-gnu/libcrypto.so.3)
       n1: 1032 0x6208686: ??? (in /usr/lib/x86_64-linux-gnu/libcrypto.so.3)
        n1: 1032 0x620904C: ERR_set_mark (in /usr/lib/x86_64-linux-gnu/libcrypto.so.3)
         n1: 1032 0x61B5451: CONF_modules_load_file_ex (in /usr/lib/x86_64-linux-gnu/libcrypto.so.3)
          n1: 1032 0x625A6EF: ??? (in /usr/lib/x86_64-linux-gnu/libcrypto.so.3)
           n1: 1032 0x5F0BEE7: __pthread_once_slow (pthread_once.c:116)
            n1: 1032 0x625E1EC: CRYPTO_THREAD_run_once (in /usr/lib/x86_64-linux-gnu/libcrypto.so.3)
             n1: 1032 0x625B155: OPENSSL_init_crypto (in /usr/lib/x86_64-linux-gnu/libcrypto.so.3)
              n1: 1032 0x63307AC: ??? (in /usr/lib/x86_64-linux-gnu/libcrypto.so.3)
               n1: 1032 0x62853A4: RAND_get_rand_method (in /usr/lib/x86_64-linux-gnu/libcrypto.so.3)
                n1: 1032 0x6285EC9: RAND_status (in /usr/lib/x86_64-linux-gnu/libcrypto.so.3)
                 n1: 1032 0x5C962CF: OQS_randombytes_openssl (in /home/anss/random/bench/install/lib/liboqs.so.0.15.0)
                  n1: 1032 0x4ADF96C: PQCP_MLKEM_NATIVE_MLKEM512_X86_64_keypair (in /home/anss/random/bench/install/lib/liboqs.so.0.15.0)
                   n0: 1032 0x1092FB: main (in /home/anss/random/bench/mem_kem)
   n1: 936 0x6259487: ??? (in /usr/lib/x86_64-linux-gnu/libcrypto.so.3)
    n1: 936 0x5F0BEE7: __pthread_once_slow (pthread_once.c:116)
     n1: 936 0x625E1EC: CRYPTO_THREAD_run_once (in /usr/lib/x86_64-linux-gnu/libcrypto.so.3)
      n1: 936 0x625AEE2: OPENSSL_init_crypto (in /usr/lib/x86_64-linux-gnu/libcrypto.so.3)
       n1: 936 0x6208686: ??? (in /usr/lib/x86_64-linux-gnu/libcrypto.so.3)
        n1: 936 0x620904C: ERR_set_mark (in /usr/lib/x86_64-linux-gnu/libcrypto.so.3)
         n1: 936 0x61B5451: CONF_modules_load_file_ex (in /usr/lib/x86_64-linux-gnu/libcrypto.so.3)
          n1: 936 0x625A6EF: ??? (in /usr/lib/x86_64-linux-gnu/libcrypto.so.3)
           n1: 936 0x5F0BEE7: __pthread_once_slow (pthread_once.c:116)
            n1: 936 0x625E1EC: CRYPTO_THREAD_run_once (in /usr/lib/x86_64-linux-gnu/libcrypto.so.3)
             n1: 936 0x625B155: OPENSSL_init_crypto (in /usr/lib/x86_64-linux-gnu/libcrypto.so.3)
              n1: 936 0x63307AC: ??? (in /usr/lib/x86_64-linux-gnu/libcrypto.so.3)
               n1: 936 0x62853A4: RAND_get_rand_method (in /usr/lib/x86_64-linux-gnu/libcrypto.so.3)
                n1: 936 0x6285EC9: RAND_status (in /usr/lib/x86_64-linux-gnu/libcrypto.so.3)
                 n1: 936 0x5C962CF: OQS_randombytes_openssl (in /home/anss/random/bench/install/lib/liboqs.so.0.15.0)
                  n1: 936 0x4ADF96C: PQCP_MLKEM_NATIVE_MLKEM512_X86_64_keypair (in /home/anss/random/bench/install/lib/liboqs.so.0.15.0)
                   n0: 936 0x1092FB: main (in /home/anss/random/bench/mem_kem)
  n2: 3144 0x626961A: OBJ_NAME_add (in /usr/lib/x86_64-linux-gnu/libcrypto.so.3)
   n0: 1728 in 56 places, all below massif's threshold (1.00%)
   n1: 1416 0x623BB24: EVP_add_cipher (in /usr/lib/x86_64-linux-gnu/libcrypto.so.3)
    n0: 1416 in 136 places, all below massif's threshold (1.00%)
  n0: 0 in 6 places, all below massif's threshold (1.00%)
 n3: 9216 0x62485D3: OPENSSL_LH_insert (in /usr/lib/x86_64-linux-gnu/libcrypto.so.3)
  n2: 8192 0x6339B72: ??? (in /usr/lib/x86_64-linux-gnu/libcrypto.so.3)
   n2: 8192 0x6206BEF: ERR_load_strings_const (in /usr/lib/x86_64-linux-gnu/libcrypto.so.3)
    n1: 8192 0x62598DE: ??? (in /usr/lib/x86_64-linux-gnu/libcrypto.so.3)
     n1: 8192 0x5F0BEE7: __pthread_once_slow (pthread_once.c:116)
      n1: 8192 0x625E1EC: CRYPTO_THREAD_run_once (in /usr/lib/x86_64-linux-gnu/libcrypto.so.3)
       n1: 8192 0x625AEE2: OPENSSL_init_crypto (in /usr/lib/x86_64-linux-gnu/libcrypto.so.3)
        n1: 8192 0x6208686: ??? (in /usr/lib/x86_64-linux-gnu/libcrypto.so.3)
         n1: 8192 0x620904C: ERR_set_mark (in /usr/lib/x86_64-linux-gnu/libcrypto.so.3)
          n1: 8192 0x61B5451: CONF_modules_load_file_ex (in /usr/lib/x86_64-linux-gnu/libcrypto.so.3)
           n1: 8192 0x625A6EF: ??? (in /usr/lib/x86_64-linux-gnu/libcrypto.so.3)
            n1: 8192 0x5F0BEE7: __pthread_once_slow (pthread_once.c:116)
             n1: 8192 0x625E1EC: CRYPTO_THREAD_run_once (in /usr/lib/x86_64-linux-gnu/libcrypto.so.3)
              n1: 8192 0x625B155: OPENSSL_init_crypto (in /usr/lib/x86_64-linux-gnu/libcrypto.so.3)
               n1: 8192 0x63307AC: ??? (in /usr/lib/x86_64-linux-gnu/libcrypto.so.3)
                n1: 8192 0x62853A4: RAND_get_rand_method (in /usr/lib/x86_64-linux-gnu/libcrypto.so.3)
                 n1: 8192 0x6285EC9: RAND_status (in /usr/lib/x86_64-linux-gnu/libcrypto.so.3)
                  n1: 8192 0x5C962CF: OQS_randombytes_openssl (in /home/anss/random/bench/install/lib/liboqs.so.0.15.0)
                   n1: 8192 0x4ADF96C: PQCP_MLKEM_NATIVE_MLKEM512_X86_64_keypair (in /home/anss/random/bench/install/lib/liboqs.so.0.15.0)
                    n0: 8192 0x1092FB: main (in /home/anss/random/bench/mem_kem)
    n0: 0 in 3 places, all below massif's threshold (1.00%)
   n0: 0 in 2 places, all below massif's threshold (1.00%)
  n2: 1024 0x626961A: OBJ_NAME_add (in /usr/lib/x86_64-linux-gnu/libcrypto.so.3)
   n1: 1024 0x625A1CB: ??? (in /usr/lib/x86_64-linux-gnu/libcrypto.so.3)
    n1: 1024 0x5F0BEE7: __pthread_once_slow (pthread_once.c:116)
     n1: 1024 0x625E1EC: CRYPTO_THREAD_run_once (in /usr/lib/x86_64-linux-gnu/libcrypto.so.3)
      n1: 1024 0x625AF40: OPENSSL_init_crypto (in /usr/lib/x86_64-linux-gnu/libcrypto.so.3)
       n1: 1024 0x6251FB5: ??? (in /usr/lib/x86_64-linux-gnu/libcrypto.so.3)
        n1: 1024 0x6330F6B: ??? (in /usr/lib/x86_64-linux-gnu/libcrypto.so.3)
         n1: 1024 0x62336C2: EVP_RAND_fetch (in /usr/lib/x86_64-linux-gnu/libcrypto.so.3)
          n1: 1024 0x6285CDB: RAND_get0_primary (in /usr/lib/x86_64-linux-gnu/libcrypto.so.3)
           n1: 1024 0x6285EF6: RAND_status (in /usr/lib/x86_64-linux-gnu/libcrypto.so.3)
            n1: 1024 0x5C962CF: OQS_randombytes_openssl (in /home/anss/random/bench/install/lib/liboqs.so.0.15.0)
             n1: 1024 0x4ADF96C: PQCP_MLKEM_NATIVE_MLKEM512_X86_64_keypair (in /home/anss/random/bench/install/lib/liboqs.so.0.15.0)
              n0: 1024 0x1092FB: main (in /home/anss/random/bench/mem_kem)
   n0: 0 in 2 places, all below massif's threshold (1.00%)
  n0: 0 in 2 places, all below massif's threshold (1.00%)
 n1: 3168 0x62695D8: OBJ_NAME_add (in /usr/lib/x86_64-linux-gnu/libcrypto.so.3)
  n0: 3168 in 208 places, all below massif's threshold (1.00%)
 n0: 464 in 37 places, all below massif's threshold (1.00%)
#-----------
snapshot=77
#-----------
time=10434650
mem_heap_B=46016
mem_heap_extra_B=24288
mem_stacks_B=0
heap_tree=empty
#-----------
snapshot=78
#-----------
time=10511503
mem_heap_B=30616
mem_heap_extra_B=14848
mem_stacks_B=0
heap_tree=empty
