desc: --massif-out-file=ms_NTRU-HPS-2048-677.out
cmd: ./mem_kem NTRU-HPS-2048-677
time_unit: i
#-----------
snapshot=0
#-----------
time=0
mem_heap_B=0
mem_heap_extra_B=0
mem_stacks_B=0
heap_tree=empty
#-----------
snapshot=1
#-----------
time=1798349
mem_heap_B=112
mem_heap_extra_B=8
mem_stacks_B=0
heap_tree=empty
#-----------
snapshot=2
#-----------
time=1901235
mem_heap_B=10983
mem_heap_extra_B=3721
mem_stacks_B=0
heap_tree=empty
#-----------
snapshot=3
#-----------
time=2112514
mem_heap_B=24615
mem_heap_extra_B=10761
mem_stacks_B=0
heap_tree=empty
#-----------
snapshot=4
#-----------
time=2231547
mem_heap_B=29991
mem_heap_extra_B=14345
mem_stacks_B=0
heap_tree=empty
#-----------
snapshot=5
#-----------
time=2360799
mem_heap_B=39823
mem_heap_extra_B=18169
mem_stacks_B=0
heap_tree=empty
#-----------
snapshot=6
#-----------
time=2495223
mem_heap_B=43951
mem_heap_extra_B=20921
mem_stacks_B=0
heap_tree=detailed
n7: 43951 (heap allocation functions) malloc/new/new[], --alloc-fns, etc.
 n1: 30984 0x6248625: OPENSSL_LH_insert (in /usr/lib/x86_64-linux-gnu/libcrypto.so.3)
  n3: 30984 0x6339B72: ??? (in /usr/lib/x86_64-linux-gnu/libcrypto.so.3)
   n17: 29016 0x6206BEF: ERR_load_strings_const (in /usr/lib/x86_64-linux-gnu/libcrypto.so.3)
    n0: 6024 in 17 places, all below massif's threshold (1.00%)
    n1: 2760 0x6259801: ??? (in /usr/lib/x86_64-linux-gnu/libcrypto.so.3)
     n1: 2760 0x5F0BEE7: __pthread_once_slow (pthread_once.c:116)
      n1: 2760 0x625E1EC: CRYPTO_THREAD_run_once (in /usr/lib/x86_64-linux-gnu/libcrypto.so.3)
       n1: 2760 0x625AEE2: OPENSSL_init_crypto (in /usr/lib/x86_64-linux-gnu/libcrypto.so.3)
        n1: 2760 0x6208686: ??? (in /usr/lib/x86_64-linux-gnu/libcrypto.so.3)
         n1: 2760 0x620904C: ERR_set_mark (in /usr/lib/x86_64-linux-gnu/libcrypto.so.3)
          n1: 2760 0x61B5451: CONF_modules_load_file_ex (in /usr/lib/x86_64-linux-gnu/libcrypto.so.3)
           n1: 2760 0x625A6EF: ??? (in /usr/lib/x86_64-linux-gnu/libcrypto.so.3)
            n1: 2760 0x5F0BEE7: __pthread_once_slow (pthread_once.c:116)
             n1: 2760 0x625E1EC: CRYPTO_THREAD_run_once (in /usr/lib/x86_64-linux-gnu/libcrypto.so.3)
              n1: 2760 0x625B155: OPENSSL_init_crypto (in /usr/lib/x86_64-linux-gnu/libcrypto.so.3)
               n1: 2760 0x63307AC: ??? (in /usr/lib/x86_64-linux-gnu/libcrypto.so.3)
                n1: 2760 0x62853A4: RAND_get_rand_method (in /usr/lib/x86_64-linux-gnu/libcrypto.so.3)
                 n1: 2760 0x6285EC9: RAND_status (in /usr/lib/x86_64-linux-gnu/libcrypto.so.3)
                  n1: 2760 0x5C962CF: OQS_randombytes_openssl (in /home/anss/random/bench/install/lib/liboqs.so.0.15.0)
                   n1: 2760 0x4906597: PQCLEAN_NTRUHPS2048677_AVX2_crypto_kem_keypair (in /home/anss/random/bench/install/lib/liboqs.so.0.15.0)
                    n0: 2760 0x1092FB: main (in /home/anss/random/bench/mem_kem)
    n1: 2616 0x625979B: ??? (in /usr/lib/x86_64-linux-gnu/libcrypto.so.3)
     n1: 2616 0x5F0BEE7: __pthread_once_slow (pthread_once.c:116)
      n1: 2616 0x625E1EC: CRYPTO_THREAD_run_once (in /usr/lib/x86_64-linux-gnu/libcrypto.so.3)
       n1: 2616 0x625AEE2: OPENSSL_init_crypto (in /usr/lib/x86_64-linux-gnu/libcrypto.so.3)
        n1: 2616 0x6208686: ??? (in /usr/lib/x86_64-linux-gnu/libcrypto.so.3)
         n1: 2616 0x620904C: ERR_set_mark (in /usr/lib/x86_64-linux-gnu/libcrypto.so.3)
          n1: 2616 0x61B5451: CONF_modules_load_file_ex (in /usr/lib/x86_64-linux-gnu/libcrypto.so.3)
           n1: 2616 0x625A6EF: ??? (in /usr/lib/x86_64-linux-gnu/libcrypto.so.3)
            n1: 2616 0x5F0BEE7: __pthread_once_slow (pthread_once.c:116)
             n1: 2616 0x625E1EC: CRYPTO_THREAD_run_once (in /usr/lib/x86_64-linux-gnu/libcrypto.so.3)
              n1: 2616 0x625B155: OPENSSL_init_crypto (in /usr/lib/x86_64-linux-gnu/libcrypto.so.3)
               n1: 2616 0x63307AC: ??? (in /usr/lib/x86_64-linux-gnu/libcrypto.so.3)
                n1: 2616 0x62853A4: RAND_get_rand_method (in /usr/lib/x86_64-linux-gnu/libcrypto.so.3)
                 n1: 2616 0x6285EC9: RAND_status (in /usr/lib/x86_64-linux-gnu/libcrypto.so.3)
                  n1: 2616 0x5C962CF: OQS_randombytes_openssl (in /home/anss/random/bench/install/lib/liboqs.so.0.15.0)
                   n1: 2616 0x4906597: PQCLEAN_NTRUHPS2048677_AVX2_crypto_kem_keypair (in /home/anss/random/bench/install/lib/liboqs.so.0.15.0)
                    n0: 2616 0x1092FB: main (in /home/anss/random/bench/mem_kem)
    n1: 2304 0x6259845: ??? (in /usr/lib/x86_64-linux-gnu/libcrypto.so.3)
     n1: 2304 0x5F0BEE7: __pthread_once_slow (pthread_once.c:116)
      n1: 2304 0x625E1EC: CRYPTO_THREAD_run_once (in /usr/lib/x86_64-linux-gnu/libcrypto.so.3)
       n1: 2304 0x625AEE2: OPENSSL_init_crypto (in /usr/lib/x86_64-linux-gnu/libcrypto.so.3)
        n1: 2304 0x6208686: ??? (in /usr/lib/x86_64-linux-gnu/libcrypto.so.3)
         n1: 2304 0x620904C: ERR_set_mark (in /usr/lib/x86_64-linux-gnu/libcrypto.so.3)
          n1: 2304 0x61B5451: CONF_modules_load_file_ex (in /usr/lib/x86_64-linux-gnu/libcrypto.so.3)
           n1: 2304 0x625A6EF: ??? (in /usr/lib/x86_64-linux-gnu/libcrypto.so.3)
            n1: 2304 0x5F0BEE7: __pthread_once_slow (pthread_once.c:116)
             n1: 2304 0x625E1EC: CRYPTO_THREAD_run_once (in /usr/lib/x86_64-linux-gnu/libcrypto.so.3)
              n1: 2304 0x625B155: OPENSSL_init_crypto (in /usr/lib/x86_64-linux-gnu/libcrypto.so.3)
               n1: 2304 0x63307AC: ??? (in /usr/lib/x86_64-linux-gnu/libcrypto.so.3)
                n1: 2304 0x62853A4: RAND_get_rand_method (in /usr/lib/x86_64-linux-gnu/libcrypto.so.3)
                 n1: 2304 0x6285EC9: RAND_status (in /usr/lib/x86_64-linux-gnu/libcrypto.so.3)
                  n1: 2304 0x5C962CF: OQS_randombytes_openssl (in /home/anss/random/bench/install/lib/liboqs.so.0.15.0)
                   n1: 2304 0x4906597: PQCLEAN_NTRUHPS2048677_AVX2_crypto_kem_keypair (in /home/anss/random/bench/install/lib/liboqs.so.0.15.0)
                    n0: 2304 0x1092FB: main (in /home/anss/random/bench/mem_kem)
    n1: 2016 0x6259823: ??? (in /usr/lib/x86_64-linux-gnu/libcrypto.so.3)
     n1: 2016 0x5F0BEE7: __pthread_once_slow (pthread_once.c:116)
      n1: 2016 0x625E1EC: CRYPTO_THREAD_run_once (in /usr/lib/x86_64-linux-gnu/libcrypto.so.3)
       n1: 2016 0x625AEE2: OPENSSL_init_crypto (in /usr/lib/x86_64-linux-gnu/libcrypto.so.3)
        n1: 2016 0x6208686: ??? (in /usr/lib/x86_64-linux-gnu/libcrypto.so.3)
         n1: 2016 0x620904C: ERR_set_mark (in /usr/lib/x86_64-linux-gnu/libcrypto.so.3)
          n1: 2016 0x61B5451: CONF_modules_load_file_ex (in /usr/lib/x86_64-linux-gnu/libcrypto.so.3)
           n1: 2016 0x625A6EF: ??? (in /usr/lib/x86_64-linux-gnu/libcrypto.so.3)
            n1: 2016 0x5F0BEE7: __pthread_once_slow (pthread_once.c:116)
             n1: 2016 0x625E1EC: CRYPTO_THREAD_run_once (in /usr/lib/x86_64-linux-gnu/libcrypto.so.3)
              n1: 2016 0x625B155: OPENSSL_init_crypto (in /usr/lib/x86_64-linux-gnu/libcrypto.so.3)
               n1: 2016 0x63307AC: ??? (in /usr/lib/x86_64-linux-gnu/libcrypto.so.3)
                n1: 2016 0x62853A4: RAND_get_rand_method (in /usr/lib/x86_64-linux-gnu/libcrypto.so.3)
                 n1: 2016 0x6285EC9: RAND_status (in /usr/lib/x86_64-linux-gnu/libcrypto.so.3)
                  n1: 2016 0x5C962CF: OQS_randombytes_openssl (in /home/anss/random/bench/install/lib/liboqs.so.0.15.0)
                   n1: 2016 0x4906597: PQCLEAN_NTRUHPS2048677_AVX2_crypto_kem_keypair (in /home/anss/random/bench/install/lib/liboqs.so.0.15.0)
                    n0: 2016 0x1092FB: main (in /home/anss/random/bench/mem_kem)
    n1: 1968 0x6259783: ??? (in /usr/lib/x86_64-linux-gnu/libcrypto.so.3)
     n1: 1968 0x5F0BEE7: __pthread_once_slow (pthread_once.c:116)
      n1: 1968 0x625E1EC: CRYPTO_THREAD_run_once (in /usr/lib/x86_64-linux-gnu/libcrypto.so.3)
       n1: 1968 0x625AEE2: OPENSSL_init_crypto (in /usr/lib/x86_64-linux-gnu/libcrypto.so.3)
        n1: 1968 0x6208686: ??? (in /usr/lib/x86_64-linux-gnu/libcrypto.so.3)
         n1: 1968 0x620904C: ERR_set_mark (in /usr/lib/x86_64-linux-gnu/libcrypto.so.3)
          n1: 1968 0x61B5451: CONF_modules_load_file_ex (in /usr/lib/x86_64-linux-gnu/libcrypto.so.3)
           n1: 1968 0x625A6EF: ??? (in /usr/lib/x86_64-linux-gnu/libcrypto.so.3)
            n1: 1968 0x5F0BEE7: __pthread_once_slow (pthread_once.c:116)
             n1: 1968 0x625E1EC: CRYPTO_THREAD_run_once (in /usr/lib/x86_64-linux-gnu/libcrypto.so.3)
              n1: 1968 0x625B155: OPENSSL_init_crypto (in /usr/lib/x86_64-linux-gnu/libcrypto.so.3)
               n1: 1968 0x63307AC: ??? (in /usr/lib/x86_64-linux-gnu/libcrypto.so.3)
                n1: 1968 0x62853A4: RAND_get_rand_method (in /usr/lib/x86_64-linux-gnu/libcrypto.so.3)
                 n1: 1968 0x6285EC9: RAND_status (in /usr/lib/x86_64-linux-gnu/libcrypto.so.3)
                  n1: 1968 0x5C962CF: OQS_randombytes_openssl (in /home/anss/random/bench/install/lib/liboqs.so.0.15.0)
                   n1: 1968 0x4906597: PQCLEAN_NTRUHPS2048677_AVX2_crypto_kem_keypair (in /home/anss/random/bench/install/lib/liboqs.so.0.15.0)
                    n0: 1968 0x1092FB: main (in /home/anss/random/bench/mem_kem)
    n1: 1776 0x62598CD: ??? (in /usr/lib/x86_64-linux-gnu/libcrypto.so.3)
     n1: 1776 0x5F0BEE7: __pthread_once_slow (pthread_once.c:116)
      n1: 1776 0x625E1EC: CRYPTO_THREAD_run_once (in /usr/lib/x86_64-linux-gnu/libcrypto.so.3)
       n1: 1776 0x625AEE2: OPENSSL_init_crypto (in /usr/lib/x86_64-linux-gnu/libcrypto.so.3)
        n1: 1776 0x6208686: ??? (in /usr/lib/x86_64-linux-gnu/libcrypto.so.3)
         n1: 1776 0x620904C: ERR_set_mark (in /usr/lib/x86_64-linux-gnu/libcrypto.so.3)
          n1: 1776 0x61B5451: CONF_modules_load_file_ex (in /usr/lib/x86_64-linux-gnu/libcrypto.so.3)
           n1: 1776 0x625A6EF: ??? (in /usr/lib/x86_64-linux-gnu/libcrypto.so.3)
            n1: 1776 0x5F0BEE7: __pthread_once_slow (pthread_once.c:116)
             n1: 1776 0x625E1EC: CRYPTO_THREAD_run_once (in /usr/lib/x86_64-linux-gnu/libcrypto.so.3)
              n1: 1776 0x625B155: OPENSSL_init_crypto (in /usr/lib/x86_64-linux-gnu/libcrypto.so.3)
               n1: 1776 0x63307AC: ??? (in /usr/lib/x86_64-linux-gnu/libcrypto.so.3)
                n1: 1776 0x62853A4: RAND_get_rand_method (in /usr/lib/x86_64-linux-gnu/libcrypto.so.3)
                 n1: 1776 0x6285EC9: RAND_status (in /usr/lib/x86_64-linux-gnu/libcrypto.so.3)
                  n1: 1776 0x5C962CF: OQS_randombytes_openssl (in /home/anss/random/bench/install/lib/liboqs.so.0.15.0)
                   n1: 1776 0x4906597: PQCLEAN_NTRUHPS2048677_AVX2_crypto_kem_keypair (in /home/anss/random/bench/install/lib/liboqs.so.0.15.0)
                    n0: 1776 0x1092FB: main (in /home/anss/random/bench/mem_kem)
    n1: 1632 0x625989A: ??? (in /usr/lib/x86_64-linux-gnu/libcrypto.so.3)
     n1: 1632 0x5F0BEE7: __pthread_once_slow (pthread_once.c:116)
      n1: 1632 0x625E1EC: CRYPTO_THREAD_run_once (in /usr/lib/x86_64-linux-gnu/libcrypto.so.3)
       n1: 1632 0x625AEE2: OPENSSL_init_crypto (in /usr/lib/x86_64-linux-gnu/libcrypto.so.3)
        n1: 1632 0x6208686: ??? (in /usr/lib/x86_64-linux-gnu/libcrypto.so.3)
         n1: 1632 0x620904C: ERR_set_mark (in /usr/lib/x86_64-linux-gnu/libcrypto.so.3)
          n1: 1632 0x61B5451: CONF_modules_load_file_ex (in /usr/lib/x86_64-linux-gnu/libcrypto.so.3)
           n1: 1632 0x625A6EF: ??? (in /usr/lib/x86_64-linux-gnu/libcrypto.so.3)
            n1: 1632 0x5F0BEE7: __pthread_once_slow (pthread_once.c:116)
             n1: 1632 0x625E1EC: CRYPTO_THREAD_run_once (in /usr/lib/x86_64-linux-gnu/libcrypto.so.3)
              n1: 1632 0x625B155: OPENSSL_init_crypto (in /usr/lib/x86_64-linux-gnu/libcrypto.so.3)
               n1: 1632 0x63307AC: ??? (in /usr/lib/x86_64-linux-gnu/libcrypto.so.3)
                n1: 1632 0x62853A4: RAND_get_rand_method (in /usr/lib/x86_64-linux-gnu/libcrypto.so.3)
                 n1: 1632 0x6285EC9: RAND_status (in /usr/lib/x86_64-linux-gnu/libcrypto.so.3)
                  n1: 1632 0x5C962CF: OQS_randombytes_openssl (in /home/anss/random/bench/install/lib/liboqs.so.0.15.0)
                   n1: 1632 0x4906597: PQCLEAN_NTRUHPS2048677_AVX2_crypto_kem_keypair (in /home/anss/random/bench/install/lib/liboqs.so.0.15.0)
                    n0: 1632 0x1092FB: main (in /home/anss/random/bench/mem_kem)
    n1: 1032 0x62597DF: ??? (in /usr/lib/x86_64-linux-gnu/libcrypto.so.3)
     n1: 1032 0x5F0BEE7: __pthread_once_slow (pthread_once.c:116)
      n1: 1032 0x625E1EC: CRYPTO_THREAD_run_once (in /usr/lib/x86_64-linux-gnu/libcrypto.so.3)
       n1: 1032 0x625AEE2: OPENSSL_init_crypto (in /usr/lib/x86_64-linux-gnu/libcrypto.so.3)
        n1: 1032 0x6208686: ??? (in /usr/lib/x86_64-linux-gnu/libcrypto.so.3)
         n1: 1032 0x620904C: ERR_set_mark (in /usr/lib/x86_64-linux-gnu/libcrypto.so.3)
          n1: 1032 0x61B5451: CONF_modules_load_file_ex (in /usr/lib/x86_64-linux-gnu/libcrypto.so.3)
           n1: 1032 0x625A6EF: ??? (in /usr/lib/x86_64-linux-gnu/libcrypto.so.3)
            n1: 1032 0x5F0BEE7: __pthread_once_slow (pthread_once.c:116)
             n1: 1032 0x625E1EC: CRYPTO_THREAD_run_once (in /usr/lib/x86_64-linux-gnu/libcrypto.so.3)
              n1: 1032 0x625B155: OPENSSL_init_crypto (in /usr/lib/x86_64-linux-gnu/libcrypto.so.3)
               n1: 1032 0x63307AC: ??? (in /usr/lib/x86_64-linux-gnu/libcrypto.so.3)
                n1: 1032 0x62853A4: RAND_get_rand_method (in /usr/lib/x86_64-linux-gnu/libcrypto.so.3)
                 n1: 1032 0x6285EC9: RAND_status (in /usr/lib/x86_64-linux-gnu/libcrypto.so.3)
                  n1: 1032 0x5C962CF: OQS_randombytes_openssl (in /home/anss/random/bench/install/lib/liboqs.so.0.15.0)
                   n1: 1032 0x4906597: PQCLEAN_NTRUHPS2048677_AVX2_crypto_kem_keypair (in /home/anss/random/bench/install/lib/liboqs.so.0.15.0)
                    n0: 1032 0x1092FB: main (in /home/anss/random/bench/mem_kem)
    n1: 1032 0x6259944: ??? (in /usr/lib/x86_64-linux-gnu/libcrypto.so.3)
     n1: 1032 0x5F0BEE7: __pthread_once_slow (pthread_once.c:116)
      n1: 1032 0x625E1EC: CRYPTO_THREAD_run_once (in /usr/lib/x86_64-linux-gnu/libcrypto.so.3)
       n1: 1032 0x625AEE2: OPENSSL_init_crypto (in /usr/lib/x86_64-linux-gnu/libcrypto.so.3)
        n1: 1032 0x6208686: ??? (in /usr/lib/x86_64-linux-gnu/libcrypto.so.3)
         n1: 1032 0x620904C: ERR_set_mark (in /usr/lib/x86_64-linux-gnu/libcrypto.so.3)
          n1: 1032 0x61B5451: CONF_modules_load_file_ex (in /usr/lib/x86_64-linux-gnu/libcrypto.so.3)
           n1: 1032 0x625A6EF: ??? (in /usr/lib/x86_64-linux-gnu/libcrypto.so.3)
            n1: 1032 0x5F0BEE7: __pthread_once_slow (pthread_once.c:116)
             n1: 1032 0x625E1EC: CRYPTO_THREAD_run_once (in /usr/lib/x86_64-linux-gnu/libcrypto.so.3)
              n1: 1032 0x625B155: OPENSSL_init_crypto (in /usr/lib/x86_64-linux-gnu/libcrypto.so.3)
               n1: 1032 0x63307AC: ??? (in /usr/lib/x86_64-linux-gnu/libcrypto.so.3)
                n1: 1032 0x62853A4: RAND_get_rand_method (in /usr/lib/x86_64-linux-gnu/libcrypto.so.3)
                 n1: 1032 0x6285EC9: RAND_status (in /usr/lib/x86_64-linux-gnu/libcrypto.so.3)
                  n1: 1032 0x5C962CF: OQS_randombytes_openssl (in /home/anss/random/bench/install/lib/liboqs.so.0.15.0)
                   n1: 1032 0x4906597: PQCLEAN_NTRUHPS2048677_AVX2_crypto_kem_keypair (in /home/anss/random/bench/install/lib/liboqs.so.0.15.0)
                    n0: 1032 0x1092FB: main (in /home/anss/random/bench/mem_kem)
    n1: 936 0x62598BC: ??? (in /usr/lib/x86_64-linux-gnu/libcrypto.so.3)
     n1: 936 0x5F0BEE7: __pthread_once_slow (pthread_once.c:116)
      n1: 936 0x625E1EC: CRYPTO_THREAD_run_once (in /usr/lib/x86_64-linux-gnu/libcrypto.so.3)
       n1: 936 0x625AEE2: OPENSSL_init_crypto (in /usr/lib/x86_64-linux-gnu/libcrypto.so.3)
        n1: 936 0x6208686: ??? (in /usr/lib/x86_64-linux-gnu/libcrypto.so.3)
         n1: 936 0x620904C: ERR_set_mark (in /usr/lib/x86_64-linux-gnu/libcrypto.so.3)
          n1: 936 0x61B5451: CONF_modules_load_file_ex (in /usr/lib/x86_64-linux-gnu/libcrypto.so.3)
           n1: 936 0x625A6EF: ??? (in /usr/lib/x86_64-linux-gnu/libcrypto.so.3)
            n1: 936 0x5F0BEE7: __pthread_once_slow (pthread_once.c:116)
             n1: 936 0x625E1EC: CRYPTO_THREAD_run_once (in /usr/lib/x86_64-linux-gnu/libcrypto.so.3)
              n1: 936 0x625B155: OPENSSL_init_crypto (in /usr/lib/x86_64-linux-gnu/libcrypto.so.3)
               n1: 936 0x63307AC: ??? (in /usr/lib/x86_64-linux-gnu/libcrypto.so.3)
                n1: 936 0x62853A4: RAND_get_rand_method (in /usr/lib/x86_64-linux-gnu/libcrypto.so.3)
                 n1: 936 0x6285EC9: RAND_status (in /usr/lib/x86_64-linux-gnu/libcrypto.so.3)
                  n1: 936 0x5C962CF: OQS_randombytes_openssl (in /home/anss/random/bench/install/lib/liboqs.so.0.15.0)
                   n1: 936 0x4906597: PQCLEAN_NTRUHPS2048677_AVX2_crypto_kem_keypair (in /home/anss/random/bench/install/lib/liboqs.so.0.15.0)
                    n0: 936 0x1092FB: main (in /home/anss/random/bench/mem_kem)
    n1: 936 0x6259922: ??? (in /usr/lib/x86_64-linux-gnu/libcrypto.so.3)
     n1: 936 0x5F0BEE7: __pthread_once_slow (pthread_once.c:116)
      n1: 936 0x625E1EC: CRYPTO_THREAD_run_once (in /usr/lib/x86_64-linux-gnu/libcrypto.so.3)
       n1: 936 0x625AEE2: OPENSSL_init_crypto (in /usr/lib/x86_64-linux-gnu/libcrypto.so.3)
        n1: 936 0x6208686: ??? (in /usr/lib/x86_64-linux-gnu/libcrypto.so.3)
         n1: 936 0x620904C: ERR_set_mark (in /usr/lib/x86_64-linux-gnu/libcrypto.so.3)
          n1: 936 0x61B5451: CONF_modules_load_file_ex (in /usr/lib/x86_64-linux-gnu/libcrypto.so.3)
           n1: 936 0x625A6EF: ??? (in /usr/lib/x86_64-linux-gnu/libcrypto.so.3)
            n1: 936 0x5F0BEE7: __pthread_once_slow (pthread_once.c:116)
             n1: 936 0x625E1EC: CRYPTO_THREAD_run_once (in /usr/lib/x86_64-linux-gnu/libcrypto.so.3)
              n1: 936 0x625B155: OPENSSL_init_crypto (in /usr/lib/x86_64-linux-gnu/libcrypto.so.3)
               n1: 936 0x63307AC: ??? (in /usr/lib/x86_64-linux-gnu/libcrypto.so.3)
                n1: 936 0x62853A4: RAND_get_rand_method (in /usr/lib/x86_64-linux-gnu/libcrypto.so.3)
                 n1: 936 0x6285EC9: RAND_status (in /usr/lib/x86_64-linux-gnu/libcrypto.so.3)
                  n1: 936 0x5C962CF: OQS_randombytes_openssl (in /home/anss/random/bench/install/lib/liboqs.so.0.15.0)
                   n1: 936 0x4906597: PQCLEAN_NTRUHPS2048677_AVX2_crypto_kem_keypair (in /home/anss/random/bench/install/lib/liboqs.so.0.15.0)
                    n0: 936 0x1092FB: main (in /home/anss/random/bench/mem_kem)
    n1: 912 0x62598AB: ??? (in /usr/lib/x86_64-linux-gnu/libcrypto.so.3)
     n1: 912 0x5F0BEE7: __pthread_once_slow (pthread_once.c:116)
      n1: 912 0x625E1EC: CRYPTO_THREAD_run_once (in /usr/lib/x86_64-linux-gnu/libcrypto.so.3)
       n1: 912 0x625AEE2: OPENSSL_init_crypto (in /usr/lib/x86_64-linux-gnu/libcrypto.so.3)
        n1: 912 0x6208686: ??? (in /usr/lib/x86_64-linux-gnu/libcrypto.so.3)
         n1: 912 0x620904C: ERR_set_mark (in /usr/lib/x86_64-linux-gnu/libcrypto.so.3)
          n1: 912 0x61B5451: CONF_modules_load_file_ex (in /usr/lib/x86_64-linux-gnu/libcrypto.so.3)
           n1: 912 0x625A6EF: ??? (in /usr/lib/x86_64-linux-gnu/libcrypto.so.3)
            n1: 912 0x5F0BEE7: __pthread_once_slow (pthread_once.c:116)
             n1: 912 0x625E1EC: CRYPTO_THREAD_run_once (in /usr/lib/x86_64-linux-gnu/libcrypto.so.3)
              n1: 912 0x625B155: OPENSSL_init_crypto (in /usr/lib/x86_64-linux-gnu/libcrypto.so.3)
               n1: 912 0x63307AC: ??? (in /usr/lib/x86_64-linux-gnu/libcrypto.so.3)
                n1: 912 0x62853A4: RAND_get_rand_method (in /usr/lib/x86_64-linux-gnu/libcrypto.so.3)
                 n1: 912 0x6285EC9: RAND_status (in /usr/lib/x86_64-linux-gnu/libcrypto.so.3)
                  n1: 912 0x5C962CF: OQS_randombytes_openssl (in /home/anss/random/bench/install/lib/liboqs.so.0.15.0)
                   n1: 912 0x4906597: PQCLEAN_NTRUHPS2048677_AVX2_crypto_kem_keypair (in /home/anss/random/bench/install/lib/liboqs.so.0.15.0)
                    n0: 912 0x1092FB: main (in /home/anss/random/bench/mem_kem)
    n1: 840 0x6259911: ??? (in /usr/lib/x86_64-linux-gnu/libcrypto.so.3)
     n1: 840 0x5F0BEE7: __pthread_once_slow (pthread_once.c:116)
      n1: 840 0x625E1EC: CRYPTO_THREAD_run_once (in /usr/lib/x86_64-linux-gnu/libcrypto.so.3)
       n1: 840 0x625AEE2: OPENSSL_init_crypto (in /usr/lib/x86_64-linux-gnu/libcrypto.so.3)
        n1: 840 0x6208686: ??? (in /usr/lib/x86_64-linux-gnu/libcrypto.so.3)
         n1: 840 0x620904C: ERR_set_mark (in /usr/lib/x86_64-linux-gnu/libcrypto.so.3)
          n1: 840 0x61B5451: CONF_modules_load_file_ex (in /usr/lib/x86_64-linux-gnu/libcrypto.so.3)
           n1: 840 0x625A6EF: ??? (in /usr/lib/x86_64-linux-gnu/libcrypto.so.3)
            n1: 840 0x5F0BEE7: __pthread_once_slow (pthread_once.c:116)
             n1: 840 0x625E1EC: CRYPTO_THREAD_run_once (in /usr/lib/x86_64-linux-gnu/libcrypto.so.3)
              n1: 840 0x625B155: OPENSSL_init_crypto (in /usr/lib/x86_64-linux-gnu/libcrypto.so.3)
               n1: 840 0x63307AC: ??? (in /usr/lib/x86_64-linux-gnu/libcrypto.so.3)
                n1: 840 0x62853A4: RAND_get_rand_method (in /usr/lib/x86_64-linux-gnu/libcrypto.so.3)
                 n1: 840 0x6285EC9: RAND_status (in /usr/lib/x86_64-linux-gnu/libcrypto.so.3)
                  n1: 840 0x5C962CF: OQS_randombytes_openssl (in /home/anss/random/bench/install/lib/liboqs.so.0.15.0)
                   n1: 840 0x4906597: PQCLEAN_NTRUHPS2048677_AVX2_crypto_kem_keypair (in /home/anss/random/bench/install/lib/liboqs.so.0.15.0)
                    n0: 840 0x1092FB: main (in /home/anss/random/bench/mem_kem)
    n1: 792 0x62597BD: ??? (in /usr/lib/x86_64-linux-gnu/libcrypto.so.3)
     n1: 792 0x5F0BEE7: __pthread_once_slow (pthread_once.c:116)
      n1: 792 0x625E1EC: CRYPTO_THREAD_run_once (in /usr/lib/x86_64-linux-gnu/libcrypto.so.3)
       n1: 792 0x625AEE2: OPENSSL_init_crypto (in /usr/lib/x86_64-linux-gnu/libcrypto.so.3)
        n1: 792 0x6208686: ??? (in /usr/lib/x86_64-linux-gnu/libcrypto.so.3)
         n1: 792 0x620904C: ERR_set_mark (in /usr/lib/x86_64-linux-gnu/libcrypto.so.3)
          n1: 792 0x61B5451: CONF_modules_load_file_ex (in /usr/lib/x86_64-linux-gnu/libcrypto.so.3)
           n1: 792 0x625A6EF: ??? (in /usr/lib/x86_64-linux-gnu/libcrypto.so.3)
            n1: 792 0x5F0BEE7: __pthread_once_slow (pthread_once.c:116)
             n1: 792 0x625E1EC: CRYPTO_THREAD_run_once (in /usr/lib/x86_64-linux-gnu/libcrypto.so.3)
              n1: 792 0x625B155: OPENSSL_init_crypto (in /usr/lib/x86_64-linux-gnu/libcrypto.so.3)
               n1: 792 0x63307AC: ??? (in /usr/lib/x86_64-linux-gnu/libcrypto.so.3)
                n1: 792 0x62853A4: RAND_get_rand_method (in /usr/lib/x86_64-linux-gnu/libcrypto.so.3)
                 n1: 792 0x6285EC9: RAND_status (in /usr/lib/x86_64-linux-gnu/libcrypto.so.3)
                  n1: 792 0x5C962CF: OQS_randombytes_openssl (in /home/anss/random/bench/install/lib/liboqs.so.0.15.0)
                   n1: 792 0x4906597: PQCLEAN_NTRUHPS2048677_AVX2_crypto_kem_keypair (in /home/anss/random/bench/install/lib/liboqs.so.0.15.0)
                    n0: 792 0x1092FB: main (in /home/anss/random/bench/mem_kem)
    n1: 720 0x625975B: ??? (in /usr/lib/x86_64-linux-gnu/libcrypto.so.3)
     n1: 720 0x5F0BEE7: __pthread_once_slow (pthread_once.c:116)
      n1: 720 0x625E1EC: CRYPTO_THREAD_run_once (in /usr/lib/x86_64-linux-gnu/libcrypto.so.3)
       n1: 720 0x625AEE2: OPENSSL_init_crypto (in /usr/lib/x86_64-linux-gnu/libcrypto.so.3)
        n1: 720 0x6208686: ??? (in /usr/lib/x86_64-linux-gnu/libcrypto.so.3)
         n1: 720 0x620904C: ERR_set_mark (in /usr/lib/x86_64-linux-gnu/libcrypto.so.3)
          n1: 720 0x61B5451: CONF_modules_load_file_ex (in /usr/lib/x86_64-linux-gnu/libcrypto.so.3)
           n1: 720 0x625A6EF: ??? (in /usr/lib/x86_64-linux-gnu/libcrypto.so.3)
            n1: 720 0x5F0BEE7: __pthread_once_slow (pthread_once.c:116)
             n1: 720 0x625E1EC: CRYPTO_THREAD_run_once (in /usr/lib/x86_64-linux-gnu/libcrypto.so.3)
              n1: 720 0x625B155: OPENSSL_init_crypto (in /usr/lib/x86_64-linux-gnu/libcrypto.so.3)
               n1: 720 0x63307AC: ??? (in /usr/lib/x86_64-linux-gnu/libcrypto.so.3)
                n1: 720 0x62853A4: RAND_get_rand_method (in /usr/lib/x86_64-linux-gnu/libcrypto.so.3)
                 n1: 720 0x6285EC9: RAND_status (in /usr/lib/x86_64-linux-gnu/libcrypto.so.3)
                  n1: 720 0x5C962CF: OQS_randombytes_openssl (in /home/anss/random/bench/install/lib/liboqs.so.0.15.0)
                   n1: 720 0x4906597: PQCLEAN_NTRUHPS2048677_AVX2_crypto_kem_keypair (in /home/anss/random/bench/install/lib/liboqs.so.0.15.0)
                    n0: 720 0x1092FB: main (in /home/anss/random/bench/mem_kem)
    n1: 720 0x6259900: ??? (in /usr/lib/x86_64-linux-gnu/libcrypto.so.3)
     n1: 720 0x5F0BEE7: __pthread_once_slow (pthread_once.c:116)
      n1: 720 0x625E1EC: CRYPTO_THREAD_run_once (in /usr/lib/x86_64-linux-gnu/libcrypto.so.3)
       n1: 720 0x625AEE2: OPENSSL_init_crypto (in /usr/lib/x86_64-linux-gnu/libcrypto.so.3)
        n1: 720 0x6208686: ??? (in /usr/lib/x86_64-linux-gnu/libcrypto.so.3)
         n1: 720 0x620904C: ERR_set_mark (in /usr/lib/x86_64-linux-gnu/libcrypto.so.3)
          n1: 720 0x61B5451: CONF_modules_load_file_ex (in /usr/lib/x86_64-linux-gnu/libcrypto.so.3)
           n1: 720 0x625A6EF: ??? (in /usr/lib/x86_64-linux-gnu/libcrypto.so.3)
            n1: 720 0x5F0BEE7: __pthread_once_slow (pthread_once.c:116)
             n1: 720 0x625E1EC: CRYPTO_THREAD_run_once (in /usr/lib/x86_64-linux-gnu/libcrypto.so.3)
              n1: 720 0x625B155: OPENSSL_init_crypto (in /usr/lib/x86_64-linux-gnu/libcrypto.so.3)
               n1: 720 0x63307AC: ??? (in /usr/lib/x86_64-linux-gnu/libcrypto.so.3)
                n1: 720 0x62853A4: RAND_get_rand_method (in /usr/lib/x86_64-linux-gnu/libcrypto.so.3)
                 n1: 720 0x6285EC9: RAND_status (in /usr/lib/x86_64-linux-gnu/libcrypto.so.3)
                  n1: 720 0x5C962CF: OQS_randombytes_openssl (in /home/anss/random/bench/install/lib/liboqs.so.0.15.0)
                   n1: 720 0x4906597: PQCLEAN_NTRUHPS2048677_AVX2_crypto_kem_keypair (in /home/anss/random/bench/install/lib/liboqs.so.0.15.0)
                    n0: 720 0x1092FB: main (in /home/anss/random/bench/mem_kem)
   n1: 1032 0x625947B: ??? (in /usr/lib/x86_64-linux-gnu/libcrypto.so.3)
    n1: 1032 0x5F0BEE7: __pthread_once_slow (pthread_once.c:116)
     n1: 1032 0x625E1EC: CRYPTO_THREAD_run_once (in /usr/lib/x86_64-linux-gnu/libcrypto.so.3)
      n1: 1032 0x625AEE2: OPENSSL_init_crypto (in /usr/lib/x86_64-linux-gnu/libcrypto.so.3)
       n1: 1032 0x6208686: ??? (in /usr/lib/x86_64-linux-gnu/libcrypto.so.3)
        n1: 1032 0x620904C: ERR_set_mark (in /usr/lib/x86_64-linux-gnu/libcrypto.so.3)
         n1: 1032 0x61B5451: CONF_modules_load_file_ex (in /usr/lib/x86_64-linux-gnu/libcrypto.so.3)
          n1: 1032 0x625A6EF: ??? (in /usr/lib/x86_64-linux-gnu/libcrypto.so.3)
           n1: 1032 0x5F0BEE7: __pthread_once_slow (pthread_once.c:116)
            n1: 1032 0x625E1EC: CRYPTO_THREAD_run_once (in /usr/lib/x86_64-linux-gnu/libcrypto.so.3)
             n1: 1032 0x625B155: OPENSSL_init_crypto (in /usr/lib/x86_64-linux-gnu/libcrypto.so.3)
              n1: 1032 0x63307AC: ??? (in /usr/lib/x86_64-linux-gnu/libcrypto.so.3)
               n1: 1032 0x62853A4: RAND_get_rand_method (in /usr/lib/x86_64-linux-gnu/libcrypto.so.3)
                n1: 1032 0x6285EC9: RAND_status (in /usr/lib/x86_64-linux-gnu/libcrypto.so.3)
                 n1: 1032 0x5C962CF: OQS_randombytes_openssl (in /home/anss/random/bench/install/lib/liboqs.so.0.15.0)
                  n1: 1032 0x4906597: PQCLEAN_NTRUHPS2048677_AVX2_crypto_kem_keypair (in /home/anss/random/bench/install/lib/liboqs.so.0.15.0)
                   n0: 1032 0x1092FB: main (in /home/anss/random/bench/mem_kem)
   n1: 936 0x6259487: ??? (in /usr/lib/x86_64-linux-gnu/libcrypto.so.3)
    n1: 936 0x5F0BEE7: __pthread_once_slow (pthread_once.c:116)
     n1: 936 0x625E1EC: CRYPTO_THREAD_run_once (in /usr/lib/x86_64-linux-gnu/libcrypto.so.3)
      n1: 936 0x625AEE2: OPENSSL_init_crypto (in /usr/lib/x86_64-linux-gnu/libcrypto.so.3)
       n1: 936 0x6208686: ??? (in /usr/lib/x86_64-linux-gnu/libcrypto.so.3)
        n1: 936 0x620904C: ERR_set_mark (in /usr/lib/x86_64-linux-gnu/libcrypto.so.3)
         n1: 936 0x61B5451: CONF_modules_load_file_ex (in /usr/lib/x86_64-linux-gnu/libcrypto.so.3)
          n1: 936 0x625A6EF: ??? (in /usr/lib/x86_64-linux-gnu/libcrypto.so.3)
           n1: 936 0x5F0BEE7: __pthread_once_slow (pthread_once.c:116)
            n1: 936 0x625E1EC: CRYPTO_THREAD_run_once (in /usr/lib/x86_64-linux-gnu/libcrypto.so.3)
             n1: 936 0x625B155: OPENSSL_init_crypto (in /usr/lib/x86_64-linux-gnu/libcrypto.so.3)
              n1: 936 0x63307AC: ??? (in /usr/lib/x86_64-linux-gnu/libcrypto.so.3)
               n1: 936 0x62853A4: RAND_get_rand_method (in /usr/lib/x86_64-linux-gnu/libcrypto.so.3)
                n1: 936 0x6285EC9: RAND_status (in /usr/lib/x86_64-linux-gnu/libcrypto.so.3)
                 n1: 936 0x5C962CF: OQS_randombytes_openssl (in /home/anss/random/bench/install/lib/liboqs.so.0.15.0)
                  n1: 936 0x4906597: PQCLEAN_NTRUHPS2048677_AVX2_crypto_kem_keypair (in /home/anss/random/bench/install/lib/liboqs.so.0.15.0)
                   n0: 936 0x1092FB: main (in /home/anss/random/bench/mem_kem)
 n1: 8192 0x62485D3: OPENSSL_LH_insert (in /usr/lib/x86_64-linux-gnu/libcrypto.so.3)
  n2: 8192 0x6339B72: ??? (in /usr/lib/x86_64-linux-gnu/libcrypto.so.3)
   n2: 8192 0x6206BEF: ERR_load_strings_const (in /usr/lib/x86_64-linux-gnu/libcrypto.so.3)
    n1: 8192 0x62598DE: ??? (in /usr/lib/x86_64-linux-gnu/libcrypto.so.3)
     n1: 8192 0x5F0BEE7: __pthread_once_slow (pthread_once.c:116)
      n1: 8192 0x625E1EC: CRYPTO_THREAD_run_once (in /usr/lib/x86_64-linux-gnu/libcrypto.so.3)
       n1: 8192 0x625AEE2: OPENSSL_init_crypto (in /usr/lib/x86_64-linux-gnu/libcrypto.so.3)
        n1: 8192 0x6208686: ??? (in /usr/lib/x86_64-linux-gnu/libcrypto.so.3)
         n1: 8192 0x620904C: ERR_set_mark (in /usr/lib/x86_64-linux-gnu/libcrypto.so.3)
          n1: 8192 0x61B5451: CONF_modules_load_file_ex (in /usr/lib/x86_64-linux-gnu/libcrypto.so.3)
           n1: 8192 0x625A6EF: ??? (in /usr/lib/x86_64-linux-gnu/libcrypto.so.3)
            n1: 8192 0x5F0BEE7: __pthread_once_slow (pthread_once.c:116)
             n1: 8192 0x625E1EC: CRYPTO_THREAD_run_once (in /usr/lib/x86_64-linux-gnu/libcrypto.so.3)
              n1: 8192 0x625B155: OPENSSL_init_crypto (in /usr/lib/x86_64-linux-gnu/libcrypto.so.3)
               n1: 8192 0x63307AC: ??? (in /usr/lib/x86_64-linux-gnu/libcrypto.so.3)
                n1: 8192 0x62853A4: RAND_get_rand_method (in /usr/lib/x86_64-linux-gnu/libcrypto.so.3)
                 n1: 8192 0x6285EC9: RAND_status (in /usr/lib/x86_64-linux-gnu/libcrypto.so.3)
                  n1: 8192 0x5C962CF: OQS_randombytes_openssl (in /home/anss/random/bench/install/lib/liboqs.so.0.15.0)
                   n1: 8192 0x4906597: PQCLEAN_NTRUHPS2048677_AVX2_crypto_kem_keypair (in /home/anss/random/bench/install/lib/liboqs.so.0.15.0)
                    n0: 8192 0x1092FB: main (in /home/anss/random/bench/mem_kem)
    n0: 0 in 3 places, all below massif's threshold (1.00%)
   n0: 0 in 2 places, all below massif's threshold (1.00%)
 n2: 1448 0x6252C3D: CRYPTO_zalloc (in /usr/lib/x86_64-linux-gnu/libcrypto.so.3)
  n1: 904 0x6208648: ??? (in /usr/lib/x86_64-linux-gnu/libcrypto.so.3)
   n1: 904 0x620904C: ERR_set_mark (in /usr/lib/x86_64-linux-gnu/libcrypto.so.3)
    n1: 904 0x61B5451: CONF_modules_load_file_ex (in /usr/lib/x86_64-linux-gnu/libcrypto.so.3)
     n1: 904 0x625A6EF: ??? (in /usr/lib/x86_64-linux-gnu/libcrypto.so.3)
      n1: 904 0x5F0BEE7: __pthread_once_slow (pthread_once.c:116)
       n1: 904 0x625E1EC: CRYPTO_THREAD_run_once (in /usr/lib/x86_64-linux-gnu/libcrypto.so.3)
        n1: 904 0x625B155: OPENSSL_init_crypto (in /usr/lib/x86_64-linux-gnu/libcrypto.so.3)
         n1: 904 0x63307AC: ??? (in /usr/lib/x86_64-linux-gnu/libcrypto.so.3)
          n1: 904 0x62853A4: RAND_get_rand_method (in /usr/lib/x86_64-linux-gnu/libcrypto.so.3)
           n1: 904 0x6285EC9: RAND_status (in /usr/lib/x86_64-linux-gnu/libcrypto.so.3)
            n1: 904 0x5C962CF: OQS_randombytes_openssl (in /home/anss/random/bench/install/lib/liboqs.so.0.15.0)
             n1: 904 0x4906597: PQCLEAN_NTRUHPS2048677_AVX2_crypto_kem_keypair (in /home/anss/random/bench/install/lib/liboqs.so.0.15.0)
              n0: 904 0x1092FB: main (in /home/anss/random/bench/mem_kem)
  n0: 544 in 7 places, all below massif's threshold (1.00%)
 n0: 1234 0x109277: main (in /home/anss/random/bench/mem_kem)
 n0: 930 0x109263: main (in /home/anss/random/bench/mem_kem)
 n0: 930 0x10928B: main (in /home/anss/random/bench/mem_kem)
 n0: 233 in 5 places, all below massif's threshold (1.00%)
#-----------
snapshot=7
#-----------
time=2675939
mem_heap_B=58391
mem_heap_extra_B=25889
mem_stacks_B=0
heap_tree=empty
#-----------
snapshot=8
#-----------
time=2789552
mem_heap_B=61705
mem_heap_extra_B=27903
mem_stacks_B=0
heap_tree=empty
#-----------
snapshot=9
#-----------
time=2924043
mem_heap_B=64869
mem_heap_extra_B=29955
mem_stacks_B=0
heap_tree=empty
#-----------
snapshot=10
#-----------
time=3117232
mem_heap_B=64973
mem_heap_extra_B=33115
mem_stacks_B=0
heap_tree=empty
#-----------
snapshot=11
#-----------
time=3241237
mem_heap_B=52859
mem_heap_extra_B=24837
mem_stacks_B=0
heap_tree=empty
#-----------
snapshot=12
#-----------
time=3351050
mem_heap_B=56819
mem_heap_extra_B=27221
mem_stacks_B=0
heap_tree=empty
#-----------
snapshot=13
#-----------
time=3492149
mem_heap_B=60883
mem_heap_extra_B=29589
mem_stacks_B=0
heap_tree=empty
#-----------
snapshot=14
#-----------
time=3591450
mem_heap_B=63965
mem_heap_extra_B=31667
mem_stacks_B=0
heap_tree=empty
#-----------
snapshot=15
#-----------
time=3745038
mem_heap_B=65506
mem_heap_extra_B=32646
mem_stacks_B=0
heap_tree=empty
#-----------
snapshot=16
#-----------
time=3962549
mem_heap_B=67221
mem_heap_extra_B=33851
mem_stacks_B=0
heap_tree=detailed
n7: 67221 (heap allocation functions) malloc/new/new[], --alloc-fns, etc.
 n4: 40992 0x6248625: OPENSSL_LH_insert (in /usr/lib/x86_64-linux-gnu/libcrypto.so.3)
  n3: 33912 0x6339B72: ??? (in /usr/lib/x86_64-linux-gnu/libcrypto.so.3)
   n11: 31944 0x6206BEF: ERR_load_strings_const (in /usr/lib/x86_64-linux-gnu/libcrypto.so.3)
    n0: 11856 in 23 places, all below massif's threshold (1.00%)
    n1: 2952 0x625972B: ??? (in /usr/lib/x86_64-linux-gnu/libcrypto.so.3)
     n1: 2952 0x5F0BEE7: __pthread_once_slow (pthread_once.c:116)
      n1: 2952 0x625E1EC: CRYPTO_THREAD_run_once (in /usr/lib/x86_64-linux-gnu/libcrypto.so.3)
       n1: 2952 0x625AEE2: OPENSSL_init_crypto (in /usr/lib/x86_64-linux-gnu/libcrypto.so.3)
        n1: 2952 0x6208686: ??? (in /usr/lib/x86_64-linux-gnu/libcrypto.so.3)
         n1: 2952 0x620904C: ERR_set_mark (in /usr/lib/x86_64-linux-gnu/libcrypto.so.3)
          n1: 2952 0x61B5451: CONF_modules_load_file_ex (in /usr/lib/x86_64-linux-gnu/libcrypto.so.3)
           n1: 2952 0x625A6EF: ??? (in /usr/lib/x86_64-linux-gnu/libcrypto.so.3)
            n1: 2952 0x5F0BEE7: __pthread_once_slow (pthread_once.c:116)
             n1: 2952 0x625E1EC: CRYPTO_THREAD_run_once (in /usr/lib/x86_64-linux-gnu/libcrypto.so.3)
              n1: 2952 0x625B155: OPENSSL_init_crypto (in /usr/lib/x86_64-linux-gnu/libcrypto.so.3)
               n1: 2952 0x63307AC: ??? (in /usr/lib/x86_64-linux-gnu/libcrypto.so.3)
                n1: 2952 0x62853A4: RAND_get_rand_method (in /usr/lib/x86_64-linux-gnu/libcrypto.so.3)
                 n1: 2952 0x6285EC9: RAND_status (in /usr/lib/x86_64-linux-gnu/libcrypto.so.3)
                  n1: 2952 0x5C962CF: OQS_randombytes_openssl (in /home/anss/random/bench/install/lib/liboqs.so.0.15.0)
                   n1: 2952 0x4906597: PQCLEAN_NTRUHPS2048677_AVX2_crypto_kem_keypair (in /home/anss/random/bench/install/lib/liboqs.so.0.15.0)
                    n0: 2952 0x1092FB: main (in /home/anss/random/bench/mem_kem)
    n1: 2760 0x6259801: ??? (in /usr/lib/x86_64-linux-gnu/libcrypto.so.3)
     n1: 2760 0x5F0BEE7: __pthread_once_slow (pthread_once.c:116)
      n1: 2760 0x625E1EC: CRYPTO_THREAD_run_once (in /usr/lib/x86_64-linux-gnu/libcrypto.so.3)
       n1: 2760 0x625AEE2: OPENSSL_init_crypto (in /usr/lib/x86_64-linux-gnu/libcrypto.so.3)
        n1: 2760 0x6208686: ??? (in /usr/lib/x86_64-linux-gnu/libcrypto.so.3)
         n1: 2760 0x620904C: ERR_set_mark (in /usr/lib/x86_64-linux-gnu/libcrypto.so.3)
          n1: 2760 0x61B5451: CONF_modules_load_file_ex (in /usr/lib/x86_64-linux-gnu/libcrypto.so.3)
           n1: 2760 0x625A6EF: ??? (in /usr/lib/x86_64-linux-gnu/libcrypto.so.3)
            n1: 2760 0x5F0BEE7: __pthread_once_slow (pthread_once.c:116)
             n1: 2760 0x625E1EC: CRYPTO_THREAD_run_once (in /usr/lib/x86_64-linux-gnu/libcrypto.so.3)
              n1: 2760 0x625B155: OPENSSL_init_crypto (in /usr/lib/x86_64-linux-gnu/libcrypto.so.3)
               n1: 2760 0x63307AC: ??? (in /usr/lib/x86_64-linux-gnu/libcrypto.so.3)
                n1: 2760 0x62853A4: RAND_get_rand_method (in /usr/lib/x86_64-linux-gnu/libcrypto.so.3)
                 n1: 2760 0x6285EC9: RAND_status (in /usr/lib/x86_64-linux-gnu/libcrypto.so.3)
                  n1: 2760 0x5C962CF: OQS_randombytes_openssl (in /home/anss/random/bench/install/lib/liboqs.so.0.15.0)
                   n1: 2760 0x4906597: PQCLEAN_NTRUHPS2048677_AVX2_crypto_kem_keypair (in /home/anss/random/bench/install/lib/liboqs.so.0.15.0)
                    n0: 2760 0x1092FB: main (in /home/anss/random/bench/mem_kem)
    n1: 2616 0x625979B: ??? (in /usr/lib/x86_64-linux-gnu/libcrypto.so.3)
     n1: 2616 0x5F0BEE7: __pthread_once_slow (pthread_once.c:116)
      n1: 2616 0x625E1EC: CRYPTO_THREAD_run_once (in /usr/lib/x86_64-linux-gnu/libcrypto.so.3)
       n1: 2616 0x625AEE2: OPENSSL_init_crypto (in /usr/lib/x86_64-linux-gnu/libcrypto.so.3)
        n1: 2616 0x6208686: ??? (in /usr/lib/x86_64-linux-gnu/libcrypto.so.3)
         n1: 2616 0x620904C: ERR_set_mark (in /usr/lib/x86_64-linux-gnu/libcrypto.so.3)
          n1: 2616 0x61B5451: CONF_modules_load_file_ex (in /usr/lib/x86_64-linux-gnu/libcrypto.so.3)
           n1: 2616 0x625A6EF: ??? (in /usr/lib/x86_64-linux-gnu/libcrypto.so.3)
            n1: 2616 0x5F0BEE7: __pthread_once_slow (pthread_once.c:116)
             n1: 2616 0x625E1EC: CRYPTO_THREAD_run_once (in /usr/lib/x86_64-linux-gnu/libcrypto.so.3)
              n1: 2616 0x625B155: OPENSSL_init_crypto (in /usr/lib/x86_64-linux-gnu/libcrypto.so.3)
               n1: 2616 0x63307AC: ??? (in /usr/lib/x86_64-linux-gnu/libcrypto.so.3)
                n1: 2616 0x62853A4: RAND_get_rand_method (in /usr/lib/x86_64-linux-gnu/libcrypto.so.3)
                 n1: 2616 0x6285EC9: RAND_status (in /usr/lib/x86_64-linux-gnu/libcrypto.so.3)
                  n1: 2616 0x5C962CF: OQS_randombytes_openssl (in /home/anss/random/bench/install/lib/liboqs.so.0.15.0)
                   n1: 2616 0x4906597: PQCLEAN_NTRUHPS2048677_AVX2_crypto_kem_keypair (in /home/anss/random/bench/install/lib/liboqs.so.0.15.0)
                    n0: 2616 0x1092FB: main (in /home/anss/random/bench/mem_kem)
    n1: 2304 0x6259845: ??? (in /usr/lib/x86_64-linux-gnu/libcrypto.so.3)
     n1: 2304 0x5F0BEE7: __pthread_once_slow (pthread_once.c:116)
      n1: 2304 0x625E1EC: CRYPTO_THREAD_run_once (in /usr/lib/x86_64-linux-gnu/libcrypto.so.3)
       n1: 2304 0x625AEE2: OPENSSL_init_crypto (in /usr/lib/x86_64-linux-gnu/libcrypto.so.3)
        n1: 2304 0x6208686: ??? (in /usr/lib/x86_64-linux-gnu/libcrypto.so.3)
         n1: 2304 0x620904C: ERR_set_mark (in /usr/lib/x86_64-linux-gnu/libcrypto.so.3)
          n1: 2304 0x61B5451: CONF_modules_load_file_ex (in /usr/lib/x86_64-linux-gnu/libcrypto.so.3)
           n1: 2304 0x625A6EF: ??? (in /usr/lib/x86_64-linux-gnu/libcrypto.so.3)
            n1: 2304 0x5F0BEE7: __pthread_once_slow (pthread_once.c:116)
             n1: 2304 0x625E1EC: CRYPTO_THREAD_run_once (in /usr/lib/x86_64-linux-gnu/libcrypto.so.3)
              n1: 2304 0x625B155: OPENSSL_init_crypto (in /usr/lib/x86_64-linux-gnu/libcrypto.so.3)
               n1: 2304 0x63307AC: ??? (in /usr/lib/x86_64-linux-gnu/libcrypto.so.3)
                n1: 2304 0x62853A4: RAND_get_rand_method (in /usr/lib/x86_64-linux-gnu/libcrypto.so.3)
                 n1: 2304 0x6285EC9: RAND_status (in /usr/lib/x86_64-linux-gnu/libcrypto.so.3)
                  n1: 2304 0x5C962CF: OQS_randombytes_openssl (in /home/anss/random/bench/install/lib/liboqs.so.0.15.0)
                   n1: 2304 0x4906597: PQCLEAN_NTRUHPS2048677_AVX2_crypto_kem_keypair (in /home/anss/random/bench/install/lib/liboqs.so.0.15.0)
                    n0: 2304 0x1092FB: main (in /home/anss/random/bench/mem_kem)
    n1: 2016 0x6259823: ??? (in /usr/lib/x86_64-linux-gnu/libcrypto.so.3)
     n1: 2016 0x5F0BEE7: __pthread_once_slow (pthread_once.c:116)
      n1: 2016 0x625E1EC: CRYPTO_THREAD_run_once (in /usr/lib/x86_64-linux-gnu/libcrypto.so.3)
       n1: 2016 0x625AEE2: OPENSSL_init_crypto (in /usr/lib/x86_64-linux-gnu/libcrypto.so.3)
        n1: 2016 0x6208686: ??? (in /usr/lib/x86_64-linux-gnu/libcrypto.so.3)
         n1: 2016 0x620904C: ERR_set_mark (in /usr/lib/x86_64-linux-gnu/libcrypto.so.3)
          n1: 2016 0x61B5451: CONF_modules_load_file_ex (in /usr/lib/x86_64-linux-gnu/libcrypto.so.3)
           n1: 2016 0x625A6EF: ??? (in /usr/lib/x86_64-linux-gnu/libcrypto.so.3)
            n1: 2016 0x5F0BEE7: __pthread_once_slow (pthread_once.c:116)
             n1: 2016 0x625E1EC: CRYPTO_THREAD_run_once (in /usr/lib/x86_64-linux-gnu/libcrypto.so.3)
              n1: 2016 0x625B155: OPENSSL_init_crypto (in /usr/lib/x86_64-linux-gnu/libcrypto.so.3)
               n1: 2016 0x63307AC: ??? (in /usr/lib/x86_64-linux-gnu/libcrypto.so.3)
                n1: 2016 0x62853A4: RAND_get_rand_method (in /usr/lib/x86_64-linux-gnu/libcrypto.so.3)
                 n1: 2016 0x6285EC9: RAND_status (in /usr/lib/x86_64-linux-gnu/libcrypto.so.3)
                  n1: 2016 0x5C962CF: OQS_randombytes_openssl (in /home/anss/random/bench/install/lib/liboqs.so.0.15.0)
                   n1: 2016 0x4906597: PQCLEAN_NTRUHPS2048677_AVX2_crypto_kem_keypair (in /home/anss/random/bench/install/lib/liboqs.so.0.15.0)
                    n0: 2016 0x1092FB: main (in /home/anss/random/bench/mem_kem)
    n1: 1968 0x6259783: ??? (in /usr/lib/x86_64-linux-gnu/libcrypto.so.3)
     n1: 1968 0x5F0BEE7: __pthread_once_slow (pthread_once.c:116)
      n1: 1968 0x625E1EC: CRYPTO_THREAD_run_once (in /usr/lib/x86_64-linux-gnu/libcrypto.so.3)
       n1: 1968 0x625AEE2: OPENSSL_init_crypto (in /usr/lib/x86_64-linux-gnu/libcrypto.so.3)
        n1: 1968 0x6208686: ??? (in /usr/lib/x86_64-linux-gnu/libcrypto.so.3)
         n1: 1968 0x620904C: ERR_set_mark (in /usr/lib/x86_64-linux-gnu/libcrypto.so.3)
          n1: 1968 0x61B5451: CONF_modules_load_file_ex (in /usr/lib/x86_64-linux-gnu/libcrypto.so.3)
           n1: 1968 0x625A6EF: ??? (in /usr/lib/x86_64-linux-gnu/libcrypto.so.3)
            n1: 1968 0x5F0BEE7: __pthread_once_slow (pthread_once.c:116)
             n1: 1968 0x625E1EC: CRYPTO_THREAD_run_once (in /usr/lib/x86_64-linux-gnu/libcrypto.so.3)
              n1: 1968 0x625B155: OPENSSL_init_crypto (in /usr/lib/x86_64-linux-gnu/libcrypto.so.3)
               n1: 1968 0x63307AC: ??? (in /usr/lib/x86_64-linux-gnu/libcrypto.so.3)
                n1: 1968 0x62853A4: RAND_get_rand_method (in /usr/lib/x86_64-linux-gnu/libcrypto.so.3)
                 n1: 1968 0x6285EC9: RAND_status (in /usr/lib/x86_64-linux-gnu/libcrypto.so.3)
                  n1: 1968 0x5C962CF: OQS_randombytes_openssl (in /home/anss/random/bench/install/lib/liboqs.so.0.15.0)
                   n1: 1968 0x4906597: PQCLEAN_NTRUHPS2048677_AVX2_crypto_kem_keypair (in /home/anss/random/bench/install/lib/liboqs.so.0.15.0)
                    n0: 1968 0x1092FB: main (in /home/anss/random/bench/mem_kem)
    n1: 1776 0x62598CD: ??? (in /usr/lib/x86_64-linux-gnu/libcrypto.so.3)
     n1: 1776 0x5F0BEE7: __pthread_once_slow (pthread_once.c:116)
      n1: 1776 0x625E1EC: CRYPTO_THREAD_run_once (in /usr/lib/x86_64-linux-gnu/libcrypto.so.3)
       n1: 1776 0x625AEE2: OPENSSL_init_crypto (in /usr/lib/x86_64-linux-gnu/libcrypto.so.3)
        n1: 1776 0x6208686: ??? (in /usr/lib/x86_64-linux-gnu/libcrypto.so.3)
         n1: 1776 0x620904C: ERR_set_mark (in /usr/lib/x86_64-linux-gnu/libcrypto.so.3)
          n1: 1776 0x61B5451: CONF_modules_load_file_ex (in /usr/lib/x86_64-linux-gnu/libcrypto.so.3)
           n1: 1776 0x625A6EF: ??? (in /usr/lib/x86_64-linux-gnu/libcrypto.so.3)
            n1: 1776 0x5F0BEE7: __pthread_once_slow (pthread_once.c:116)
             n1: 1776 0x625E1EC: CRYPTO_THREAD_run_once (in /usr/lib/x86_64-linux-gnu/libcrypto.so.3)
              n1: 1776 0x625B155: OPENSSL_init_crypto (in /usr/lib/x86_64-linux-gnu/libcrypto.so.3)
               n1: 1776 0x63307AC: ??? (in /usr/lib/x86_64-linux-gnu/libcrypto.so.3)
                n1: 1776 0x62853A4: RAND_get_rand_method (in /usr/lib/x86_64-linux-gnu/libcrypto.so.3)
                 n1: 1776 0x6285EC9: RAND_status (in /usr/lib/x86_64-linux-gnu/libcrypto.so.3)
                  n1: 1776 0x5C962CF: OQS_randombytes_openssl (in /home/anss/random/bench/install/lib/liboqs.so.0.15.0)
                   n1: 1776 0x4906597: PQCLEAN_NTRUHPS2048677_AVX2_crypto_kem_keypair (in /home/anss/random/bench/install/lib/liboqs.so.0.15.0)
                    n0: 1776 0x1092FB: main (in /home/anss/random/bench/mem_kem)
    n1: 1632 0x625989A: ??? (in /usr/lib/x86_64-linux-gnu/libcrypto.so.3)
     n1: 1632 0x5F0BEE7: __pthread_once_slow (pthread_once.c:116)
      n1: 1632 0x625E1EC: CRYPTO_THREAD_run_once (in /usr/lib/x86_64-linux-gnu/libcrypto.so.3)
       n1: 1632 0x625AEE2: OPENSSL_init_crypto (in /usr/lib/x86_64-linux-gnu/libcrypto.so.3)
        n1: 1632 0x6208686: ??? (in /usr/lib/x86_64-linux-gnu/libcrypto.so.3)
         n1: 1632 0x620904C: ERR_set_mark (in /usr/lib/x86_64-linux-gnu/libcrypto.so.3)
          n1: 1632 0x61B5451: CONF_modules_load_file_ex (in /usr/lib/x86_64-linux-gnu/libcrypto.so.3)
           n1: 1632 0x625A6EF: ??? (in /usr/lib/x86_64-linux-gnu/libcrypto.so.3)
            n1: 1632 0x5F0BEE7: __pthread_once_slow (pthread_once.c:116)
             n1: 1632 0x625E1EC: CRYPTO_THREAD_run_once (in /usr/lib/x86_64-linux-gnu/libcrypto.so.3)
              n1: 1632 0x625B155: OPENSSL_init_crypto (in /usr/lib/x86_64-linux-gnu/libcrypto.so.3)
               n1: 1632 0x63307AC: ??? (in /usr/lib/x86_64-linux-gnu/libcrypto.so.3)
                n1: 1632 0x62853A4: RAND_get_rand_method (in /usr/lib/x86_64-linux-gnu/libcrypto.so.3)
                 n1: 1632 0x6285EC9: RAND_status (in /usr/lib/x86_64-linux-gnu/libcrypto.so.3)
                  n1: 1632 0x5C962CF: OQS_randombytes_openssl (in /home/anss/random/bench/install/lib/liboqs.so.0.15.0)
                   n1: 1632 0x4906597: PQCLEAN_NTRUHPS2048677_AVX2_crypto_kem_keypair (in /home/anss/random/bench/install/lib/liboqs.so.0.15.0)
                    n0: 1632 0x1092FB: main (in /home/anss/random/bench/mem_kem)
    n1: 1032 0x62597DF: ??? (in /usr/lib/x86_64-linux-gnu/libcrypto.so.3)
     n1: 1032 0x5F0BEE7: __pthread_once_slow (pthread_once.c:116)
      n1: 1032 0x625E1EC: CRYPTO_THREAD_run_once (in /usr/lib/x86_64-linux-gnu/libcrypto.so.3)
       n1: 1032 0x625AEE2: OPENSSL_init_crypto (in /usr/lib/x86_64-linux-gnu/libcrypto.so.3)
        n1: 1032 0x6208686: ??? (in /usr/lib/x86_64-linux-gnu/libcrypto.so.3)
         n1: 1032 0x620904C: ERR_set_mark (in /usr/lib/x86_64-linux-gnu/libcrypto.so.3)
          n1: 1032 0x61B5451: CONF_modules_load_file_ex (in /usr/lib/x86_64-linux-gnu/libcrypto.so.3)
           n1: 1032 0x625A6EF: ??? (in /usr/lib/x86_64-linux-gnu/libcrypto.so.3)
            n1: 1032 0x5F0BEE7: __pthread_once_slow (pthread_once.c:116)
             n1: 1032 0x625E1EC: CRYPTO_THREAD_run_once (in /usr/lib/x86_64-linux-gnu/libcrypto.so.3)
              n1: 1032 0x625B155: OPENSSL_init_crypto (in /usr/lib/x86_64-linux-gnu/libcrypto.so.3)
               n1: 1032 0x63307AC: ??? (in /usr/lib/x86_64-linux-gnu/libcrypto.so.3)
                n1: 1032 0x62853A4: RAND_get_rand_method (in /usr/lib/x86_64-linux-gnu/libcrypto.so.3)
                 n1: 1032 0x6285EC9: RAND_status (in /usr/lib/x86_64-linux-gnu/libcrypto.so.3)
                  n1: 1032 0x5C962CF: OQS_randombytes_openssl (in /home/anss/random/bench/install/lib/liboqs.so.0.15.0)
                   n1: 1032 0x4906597: PQCLEAN_NTRUHPS2048677_AVX2_crypto_kem_keypair (in /home/anss/random/bench/install/lib/liboqs.so.0.15.0)
                    n0: 1032 0x1092FB: main (in /home/anss/random/bench/mem_kem)
    n1: 1032 0x6259944: ??? (in /usr/lib/x86_64-linux-gnu/libcrypto.so.3)
     n1: 1032 0x5F0BEE7: __pthread_once_slow (pthread_once.c:116)
      n1: 1032 0x625E1EC: CRYPTO_THREAD_run_once (in /usr/lib/x86_64-linux-gnu/libcrypto.so.3)
       n1: 1032 0x625AEE2: OPENSSL_init_crypto (in /usr/lib/x86_64-linux-gnu/libcrypto.so.3)
        n1: 1032 0x6208686: ??? (in /usr/lib/x86_64-linux-gnu/libcrypto.so.3)
         n1: 1032 0x620904C: ERR_set_mark (in /usr/lib/x86_64-linux-gnu/libcrypto.so.3)
          n1: 1032 0x61B5451: CONF_modules_load_file_ex (in /usr/lib/x86_64-linux-gnu/libcrypto.so.3)
           n1: 1032 0x625A6EF: ??? (in /usr/lib/x86_64-linux-gnu/libcrypto.so.3)
            n1: 1032 0x5F0BEE7: __pthread_once_slow (pthread_once.c:116)
             n1: 1032 0x625E1EC: CRYPTO_THREAD_run_once (in /usr/lib/x86_64-linux-gnu/libcrypto.so.3)
              n1: 1032 0x625B155: OPENSSL_init_crypto (in /usr/lib/x86_64-linux-gnu/libcrypto.so.3)
               n1: 1032 0x63307AC: ??? (in /usr/lib/x86_64-linux-gnu/libcrypto.so.3)
                n1: 1032 0x62853A4: RAND_get_rand_method (in /usr/lib/x86_64-linux-gnu/libcrypto.so.3)
                 n1: 1032 0x6285EC9: RAND_status (in /usr/lib/x86_64-linux-gnu/libcrypto.so.3)
                  n1: 1032 0x5C962CF: OQS_randombytes_openssl (in /home/anss/random/bench/install/lib/liboqs.so.0.15.0)
                   n1: 1032 0x4906597: PQCLEAN_NTRUHPS2048677_AVX2_crypto_kem_keypair (in /home/anss/random/bench/install/lib/liboqs.so.0.15.0)
                    n0: 1032 0x1092FB: main (in /home/anss/random/bench/mem_kem)
   n1: 1032 0x625947B: ??? (in /usr/lib/x86_64-linux-gnu/libcrypto.so.3)
    n1: 1032 0x5F0BEE7: __pthread_once_slow (pthread_once.c:116)
     n1: 1032 0x625E1EC: CRYPTO_THREAD_run_once (in /usr/lib/x86_64-linux-gnu/libcrypto.so.3)
      n1: 1032 0x625AEE2: OPENSSL_init_crypto (in /usr/lib/x86_64-linux-gnu/libcrypto.so.3)
       n1: 1032 0x6208686: ??? (in /usr/lib/x86_64-linux-gnu/libcrypto.so.3)
        n1: 1032 0x620904C: ERR_set_mark (in /usr/lib/x86_64-linux-gnu/libcrypto.so.3)
         n1: 1032 0x61B5451: CONF_modules_load_file_ex (in /usr/lib/x86_64-linux-gnu/libcrypto.so.3)
          n1: 1032 0x625A6EF: ??? (in /usr/lib/x86_64-linux-gnu/libcrypto.so.3)
           n1: 1032 0x5F0BEE7: __pthread_once_slow (pthread_once.c:116)
            n1: 1032 0x625E1EC: CRYPTO_THREAD_run_once (in /usr/lib/x86_64-linux-gnu/libcrypto.so.3)
             n1: 1032 0x625B155: OPENSSL_init_crypto (in /usr/lib/x86_64-linux-gnu/libcrypto.so.3)
              n1: 1032 0x63307AC: ??? (in /usr/lib/x86_64-linux-gnu/libcrypto.so.3)
               n1: 1032 0x62853A4: RAND_get_rand_method (in /usr/lib/x86_64-linux-gnu/libcrypto.so.3)
                n1: 1032 0x6285EC9: RAND_status (in /usr/lib/x86_64-linux-gnu/libcrypto.so.3)
                 n1: 1032 0x5C962CF: OQS_randombytes_openssl (in /home/anss/random/bench/install/lib/liboqs.so.0.15.0)
                  n1: 1032 0x4906597: PQCLEAN_NTRUHPS2048677_AVX2_crypto_kem_keypair (in /home/anss/random/bench/install/lib/liboqs.so.0.15.0)
                   n0: 1032 0x1092FB: main (in /home/anss/random/bench/mem_kem)
   n0: 936 in 1 place, below massif's threshold (1.00%)
  n2: 5424 0x626961A: OBJ_NAME_add (in /usr/lib/x86_64-linux-gnu/libcrypto.so.3)
   n1: 3264 0x623BB24: EVP_add_cipher (in /usr/lib/x86_64-linux-gnu/libcrypto.so.3)
    n0: 3264 in 136 places, all below massif's threshold (1.00%)
   n0: 2160 in 56 places, all below massif's threshold (1.00%)
  n1: 1464 0x62559E2: ??? (in /usr/lib/x86_64-linux-gnu/libcrypto.so.3)
   n0: 1464 in 2 places, all below massif's threshold (1.00%)
  n0: 192 in 3 places, all below massif's threshold (1.00%)
 n3: 9472 0x62485D3: OPENSSL_LH_insert (in /usr/lib/x86_64-linux-gnu/libcrypto.so.3)
  n2: 8192 0x6339B72: ??? (in /usr/lib/x86_64-linux-gnu/libcrypto.so.3)
   n2: 8192 0x6206BEF: ERR_load_strings_const (in /usr/lib/x86_64-linux-gnu/libcrypto.so.3)
    n1: 8192 0x62598DE: ??? (in /usr/lib/x86_64-linux-gnu/libcrypto.so.3)
     n1: 8192 0x5F0BEE7: __pthread_once_slow (pthread_once.c:116)
      n1: 8192 0x625E1EC: CRYPTO_THREAD_run_once (in /usr/lib/x86_64-linux-gnu/libcrypto.so.3)
       n1: 8192 0x625AEE2: OPENSSL_init_crypto (in /usr/lib/x86_64-linux-gnu/libcrypto.so.3)
        n1: 8192 0x6208686: ??? (in /usr/lib/x86_64-linux-gnu/libcrypto.so.3)
         n1: 8192 0x620904C: ERR_set_mark (in /usr/lib/x86_64-linux-gnu/libcrypto.so.3)
          n1: 8192 0x61B5451: CONF_modules_load_file_ex (in /usr/lib/x86_64-linux-gnu/libcrypto.so.3)
           n1: 8192 0x625A6EF: ??? (in /usr/lib/x86_64-linux-gnu/libcrypto.so.3)
            n1: 8192 0x5F0BEE7: __pthread_once_slow (pthread_once.c:116)
             n1: 8192 0x625E1EC: CRYPTO_THREAD_run_once (in /usr/lib/x86_64-linux-gnu/libcrypto.so.3)
              n1: 8192 0x625B155: OPENSSL_init_crypto (in /usr/lib/x86_64-linux-gnu/libcrypto.so.3)
               n1: 8192 0x63307AC: ??? (in /usr/lib/x86_64-linux-gnu/libcrypto.so.3)
                n1: 8192 0x62853A4: RAND_get_rand_method (in /usr/lib/x86_64-linux-gnu/libcrypto.so.3)
                 n1: 8192 0x6285EC9: RAND_status (in /usr/lib/x86_64-linux-gnu/libcrypto.so.3)
                  n1: 8192 0x5C962CF: OQS_randombytes_openssl (in /home/anss/random/bench/install/lib/liboqs.so.0.15.0)
                   n1: 8192 0x4906597: PQCLEAN_NTRUHPS2048677_AVX2_crypto_kem_keypair (in /home/anss/random/bench/install/lib/liboqs.so.0.15.0)
                    n0: 8192 0x1092FB: main (in /home/anss/random/bench/mem_kem)
    n0: 0 in 3 places, all below massif's threshold (1.00%)
   n0: 0 in 2 places, all below massif's threshold (1.00%)
  n2: 1024 0x626961A: OBJ_NAME_add (in /usr/lib/x86_64-linux-gnu/libcrypto.so.3)
   n1: 1024 0x625A1CB: ??? (in /usr/lib/x86_64-linux-gnu/libcrypto.so.3)
    n1: 1024 0x5F0BEE7: __pthread_once_slow (pthread_once.c:116)
     n1: 1024 0x625E1EC: CRYPTO_THREAD_run_once (in /usr/lib/x86_64-linux-gnu/libcrypto.so.3)
      n1: 1024 0x625AF40: OPENSSL_init_crypto (in /usr/lib/x86_64-linux-gnu/libcrypto.so.3)
       n1: 1024 0x6251FB5: ??? (in /usr/lib/x86_64-linux-gnu/libcrypto.so.3)
        n1: 1024 0x6330F6B: ??? (in /usr/lib/x86_64-linux-gnu/libcrypto.so.3)
         n1: 1024 0x62336C2: EVP_RAND_fetch (in /usr/lib/x86_64-linux-gnu/libcrypto.so.3)
          n1: 1024 0x6285CDB: RAND_get0_primary (in /usr/lib/x86_64-linux-gnu/libcrypto.so.3)
           n1: 1024 0x6285EF6: RAND_status (in /usr/lib/x86_64-linux-gnu/libcrypto.so.3)
            n1: 1024 0x5C962CF: OQS_randombytes_openssl (in /home/anss/random/bench/install/lib/liboqs.so.0.15.0)
             n1: 1024 0x4906597: PQCLEAN_NTRUHPS2048677_AVX2_crypto_kem_keypair (in /home/anss/random/bench/install/lib/liboqs.so.0.15.0)
              n0: 1024 0x1092FB: main (in /home/anss/random/bench/mem_kem)
   n0: 0 in 2 places, all below massif's threshold (1.00%)
  n0: 256 in 2 places, all below massif's threshold (1.00%)
 n2: 6216 0x6252C3D: CRYPTO_zalloc (in /usr/lib/x86_64-linux-gnu/libcrypto.so.3)
  n0: 4368 in 19 places, all below massif's threshold (1.00%)
  n2: 1848 0x625E073: CRYPTO_THREAD_lock_new (in /usr/lib/x86_64-linux-gnu/libcrypto.so.3)
   n1: 1064 0x6251862: ??? (in /usr/lib/x86_64-linux-gnu/libcrypto.so.3)
    n1: 1064 0x6251A5C: ??? (in /usr/lib/x86_64-linux-gnu/libcrypto.so.3)
     n1: 1064 0x5F0BEE7: __pthread_once_slow (pthread_once.c:116)
      n1: 1064 0x625E1EC: CRYPTO_THREAD_run_once (in /usr/lib/x86_64-linux-gnu/libcrypto.so.3)
       n1: 1064 0x6256D72: ??? (in /usr/lib/x86_64-linux-gnu/libcrypto.so.3)
        n1: 1064 0x6176BA3: BIO_new_ex (in /usr/lib/x86_64-linux-gnu/libcrypto.so.3)
         n1: 1064 0x617D385: BIO_new_file (in /usr/lib/x86_64-linux-gnu/libcrypto.so.3)
          n1: 1064 0x61B46BD: ??? (in /usr/lib/x86_64-linux-gnu/libcrypto.so.3)
           n1: 1064 0x61B5321: CONF_modules_load_file_ex (in /usr/lib/x86_64-linux-gnu/libcrypto.so.3)
            n1: 1064 0x625A6EF: ??? (in /usr/lib/x86_64-linux-gnu/libcrypto.so.3)
             n1: 1064 0x5F0BEE7: __pthread_once_slow (pthread_once.c:116)
              n1: 1064 0x625E1EC: CRYPTO_THREAD_run_once (in /usr/lib/x86_64-linux-gnu/libcrypto.so.3)
               n1: 1064 0x625B155: OPENSSL_init_crypto (in /usr/lib/x86_64-linux-gnu/libcrypto.so.3)
                n1: 1064 0x63307AC: ??? (in /usr/lib/x86_64-linux-gnu/libcrypto.so.3)
                 n1: 1064 0x62853A4: RAND_get_rand_method (in /usr/lib/x86_64-linux-gnu/libcrypto.so.3)
                  n1: 1064 0x6285EC9: RAND_status (in /usr/lib/x86_64-linux-gnu/libcrypto.so.3)
                   n1: 1064 0x5C962CF: OQS_randombytes_openssl (in /home/anss/random/bench/install/lib/liboqs.so.0.15.0)
                    n1: 1064 0x4906597: PQCLEAN_NTRUHPS2048677_AVX2_crypto_kem_keypair (in /home/anss/random/bench/install/lib/liboqs.so.0.15.0)
                     n0: 1064 0x1092FB: main (in /home/anss/random/bench/mem_kem)
   n0: 784 in 15 places, all below massif's threshold (1.00%)
 n1: 5424 0x62695D8: OBJ_NAME_add (in /usr/lib/x86_64-linux-gnu/libcrypto.so.3)
  n0: 5424 in 208 places, all below massif's threshold (1.00%)
 n0: 2849 in 20 places, all below massif's threshold (1.00%)
 n0: 1234 0x109277: main (in /home/anss/random/bench/mem_kem)
 n2: 1034 0x6253C72: CRYPTO_strndup (in /usr/lib/x86_64-linux-gnu/libcrypto.so.3)
  n1: 1034 0x62559C1: ??? (in /usr/lib/x86_64-linux-gnu/libcrypto.so.3)
   n0: 1034 in 2 places, all below massif's threshold (1.00%)
  n0: 0 in 1 place, below massif's threshold (1.00%)
#-----------
snapshot=17
#-----------
time=4101358
mem_heap_B=68246
mem_heap_extra_B=34410
mem_stacks_B=0
heap_tree=empty
#-----------
snapshot=18
#-----------
time=4264233
mem_heap_B=69661
mem_heap_extra_B=35403
mem_stacks_B=0
heap_tree=empty
#-----------
snapshot=19
#-----------
time=4364859
mem_heap_B=70287
mem_heap_extra_B=35841
mem_stacks_B=0
heap_tree=empty
#-----------
snapshot=20
#-----------
time=4500229
mem_heap_B=71194
mem_heap_extra_B=36478
mem_stacks_B=0
heap_tree=empty
#-----------
snapshot=21
#-----------
time=4628396
mem_heap_B=72380
mem_heap_extra_B=36972
mem_stacks_B=0
heap_tree=empty
#-----------
snapshot=22
#-----------
time=4729736
mem_heap_B=73184
mem_heap_extra_B=37552
mem_stacks_B=0
heap_tree=detailed
n7: 73184 (heap allocation functions) malloc/new/new[], --alloc-fns, etc.
 n4: 43176 0x6248625: OPENSSL_LH_insert (in /usr/lib/x86_64-linux-gnu/libcrypto.so.3)
  n2: 33912 0x6339B72: ??? (in /usr/lib/x86_64-linux-gnu/libcrypto.so.3)
   n9: 31944 0x6206BEF: ERR_load_strings_const (in /usr/lib/x86_64-linux-gnu/libcrypto.so.3)
    n0: 13920 in 25 places, all below massif's threshold (1.00%)
    n1: 2952 0x625972B: ??? (in /usr/lib/x86_64-linux-gnu/libcrypto.so.3)
     n1: 2952 0x5F0BEE7: __pthread_once_slow (pthread_once.c:116)
      n1: 2952 0x625E1EC: CRYPTO_THREAD_run_once (in /usr/lib/x86_64-linux-gnu/libcrypto.so.3)
       n1: 2952 0x625AEE2: OPENSSL_init_crypto (in /usr/lib/x86_64-linux-gnu/libcrypto.so.3)
        n1: 2952 0x6208686: ??? (in /usr/lib/x86_64-linux-gnu/libcrypto.so.3)
         n1: 2952 0x620904C: ERR_set_mark (in /usr/lib/x86_64-linux-gnu/libcrypto.so.3)
          n1: 2952 0x61B5451: CONF_modules_load_file_ex (in /usr/lib/x86_64-linux-gnu/libcrypto.so.3)
           n1: 2952 0x625A6EF: ??? (in /usr/lib/x86_64-linux-gnu/libcrypto.so.3)
            n1: 2952 0x5F0BEE7: __pthread_once_slow (pthread_once.c:116)
             n1: 2952 0x625E1EC: CRYPTO_THREAD_run_once (in /usr/lib/x86_64-linux-gnu/libcrypto.so.3)
              n1: 2952 0x625B155: OPENSSL_init_crypto (in /usr/lib/x86_64-linux-gnu/libcrypto.so.3)
               n1: 2952 0x63307AC: ??? (in /usr/lib/x86_64-linux-gnu/libcrypto.so.3)
                n1: 2952 0x62853A4: RAND_get_rand_method (in /usr/lib/x86_64-linux-gnu/libcrypto.so.3)
                 n1: 2952 0x6285EC9: RAND_status (in /usr/lib/x86_64-linux-gnu/libcrypto.so.3)
                  n1: 2952 0x5C962CF: OQS_randombytes_openssl (in /home/anss/random/bench/install/lib/liboqs.so.0.15.0)
                   n1: 2952 0x4906597: PQCLEAN_NTRUHPS2048677_AVX2_crypto_kem_keypair (in /home/anss/random/bench/install/lib/liboqs.so.0.15.0)
                    n0: 2952 0x1092FB: main (in /home/anss/random/bench/mem_kem)
    n1: 2760 0x6259801: ??? (in /usr/lib/x86_64-linux-gnu/libcrypto.so.3)
     n1: 2760 0x5F0BEE7: __pthread_once_slow (pthread_once.c:116)
      n1: 2760 0x625E1EC: CRYPTO_THREAD_run_once (in /usr/lib/x86_64-linux-gnu/libcrypto.so.3)
       n1: 2760 0x625AEE2: OPENSSL_init_crypto (in /usr/lib/x86_64-linux-gnu/libcrypto.so.3)
        n1: 2760 0x6208686: ??? (in /usr/lib/x86_64-linux-gnu/libcrypto.so.3)
         n1: 2760 0x620904C: ERR_set_mark (in /usr/lib/x86_64-linux-gnu/libcrypto.so.3)
          n1: 2760 0x61B5451: CONF_modules_load_file_ex (in /usr/lib/x86_64-linux-gnu/libcrypto.so.3)
           n1: 2760 0x625A6EF: ??? (in /usr/lib/x86_64-linux-gnu/libcrypto.so.3)
            n1: 2760 0x5F0BEE7: __pthread_once_slow (pthread_once.c:116)
             n1: 2760 0x625E1EC: CRYPTO_THREAD_run_once (in /usr/lib/x86_64-linux-gnu/libcrypto.so.3)
              n1: 2760 0x625B155: OPENSSL_init_crypto (in /usr/lib/x86_64-linux-gnu/libcrypto.so.3)
               n1: 2760 0x63307AC: ??? (in /usr/lib/x86_64-linux-gnu/libcrypto.so.3)
                n1: 2760 0x62853A4: RAND_get_rand_method (in /usr/lib/x86_64-linux-gnu/libcrypto.so.3)
                 n1: 2760 0x6285EC9: RAND_status (in /usr/lib/x86_64-linux-gnu/libcrypto.so.3)
                  n1: 2760 0x5C962CF: OQS_randombytes_openssl (in /home/anss/random/bench/install/lib/liboqs.so.0.15.0)
                   n1: 2760 0x4906597: PQCLEAN_NTRUHPS2048677_AVX2_crypto_kem_keypair (in /home/anss/random/bench/install/lib/liboqs.so.0.15.0)
                    n0: 2760 0x1092FB: main (in /home/anss/random/bench/mem_kem)
    n1: 2616 0x625979B: ??? (in /usr/lib/x86_64-linux-gnu/libcrypto.so.3)
     n1: 2616 0x5F0BEE7: __pthread_once_slow (pthread_once.c:116)
      n1: 2616 0x625E1EC: CRYPTO_THREAD_run_once (in /usr/lib/x86_64-linux-gnu/libcrypto.so.3)
       n1: 2616 0x625AEE2: OPENSSL_init_crypto (in /usr/lib/x86_64-linux-gnu/libcrypto.so.3)
        n1: 2616 0x6208686: ??? (in /usr/lib/x86_64-linux-gnu/libcrypto.so.3)
         n1: 2616 0x620904C: ERR_set_mark (in /usr/lib/x86_64-linux-gnu/libcrypto.so.3)
          n1: 2616 0x61B5451: CONF_modules_load_file_ex (in /usr/lib/x86_64-linux-gnu/libcrypto.so.3)
           n1: 2616 0x625A6EF: ??? (in /usr/lib/x86_64-linux-gnu/libcrypto.so.3)
            n1: 2616 0x5F0BEE7: __pthread_once_slow (pthread_once.c:116)
             n1: 2616 0x625E1EC: CRYPTO_THREAD_run_once (in /usr/lib/x86_64-linux-gnu/libcrypto.so.3)
              n1: 2616 0x625B155: OPENSSL_init_crypto (in /usr/lib/x86_64-linux-gnu/libcrypto.so.3)
               n1: 2616 0x63307AC: ??? (in /usr/lib/x86_64-linux-gnu/libcrypto.so.3)
                n1: 2616 0x62853A4: RAND_get_rand_method (in /usr/lib/x86_64-linux-gnu/libcrypto.so.3)
                 n1: 2616 0x6285EC9: RAND_status (in /usr/lib/x86_64-linux-gnu/libcrypto.so.3)
                  n1: 2616 0x5C962CF: OQS_randombytes_openssl (in /home/anss/random/bench/install/lib/liboqs.so.0.15.0)
                   n1: 2616 0x4906597: PQCLEAN_NTRUHPS2048677_AVX2_crypto_kem_keypair (in /home/anss/random/bench/install/lib/liboqs.so.0.15.0)
                    n0: 2616 0x1092FB: main (in /home/anss/random/bench/mem_kem)
    n1: 2304 0x6259845: ??? (in /usr/lib/x86_64-linux-gnu/libcrypto.so.3)
     n1: 2304 0x5F0BEE7: __pthread_once_slow (pthread_once.c:116)
      n1: 2304 0x625E1EC: CRYPTO_THREAD_run_once (in /usr/lib/x86_64-linux-gnu/libcrypto.so.3)
       n1: 2304 0x625AEE2: OPENSSL_init_crypto (in /usr/lib/x86_64-linux-gnu/libcrypto.so.3)
        n1: 2304 0x6208686: ??? (in /usr/lib/x86_64-linux-gnu/libcrypto.so.3)
         n1: 2304 0x620904C: ERR_set_mark (in /usr/lib/x86_64-linux-gnu/libcrypto.so.3)
          n1: 2304 0x61B5451: CONF_modules_load_file_ex (in /usr/lib/x86_64-linux-gnu/libcrypto.so.3)
           n1: 2304 0x625A6EF: ??? (in /usr/lib/x86_64-linux-gnu/libcrypto.so.3)
            n1: 2304 0x5F0BEE7: __pthread_once_slow (pthread_once.c:116)
             n1: 2304 0x625E1EC: CRYPTO_THREAD_run_once (in /usr/lib/x86_64-linux-gnu/libcrypto.so.3)
              n1: 2304 0x625B155: OPENSSL_init_crypto (in /usr/lib/x86_64-linux-gnu/libcrypto.so.3)
               n1: 2304 0x63307AC: ??? (in /usr/lib/x86_64-linux-gnu/libcrypto.so.3)
                n1: 2304 0x62853A4: RAND_get_rand_method (in /usr/lib/x86_64-linux-gnu/libcrypto.so.3)
                 n1: 2304 0x6285EC9: RAND_status (in /usr/lib/x86_64-linux-gnu/libcrypto.so.3)
                  n1: 2304 0x5C962CF: OQS_randombytes_openssl (in /home/anss/random/bench/install/lib/liboqs.so.0.15.0)
                   n1: 2304 0x4906597: PQCLEAN_NTRUHPS2048677_AVX2_crypto_kem_keypair (in /home/anss/random/bench/install/lib/liboqs.so.0.15.0)
                    n0: 2304 0x1092FB: main (in /home/anss/random/bench/mem_kem)
    n1: 2016 0x6259823: ??? (in /usr/lib/x86_64-linux-gnu/libcrypto.so.3)
     n1: 2016 0x5F0BEE7: __pthread_once_slow (pthread_once.c:116)
      n1: 2016 0x625E1EC: CRYPTO_THREAD_run_once (in /usr/lib/x86_64-linux-gnu/libcrypto.so.3)
       n1: 2016 0x625AEE2: OPENSSL_init_crypto (in /usr/lib/x86_64-linux-gnu/libcrypto.so.3)
        n1: 2016 0x6208686: ??? (in /usr/lib/x86_64-linux-gnu/libcrypto.so.3)
         n1: 2016 0x620904C: ERR_set_mark (in /usr/lib/x86_64-linux-gnu/libcrypto.so.3)
          n1: 2016 0x61B5451: CONF_modules_load_file_ex (in /usr/lib/x86_64-linux-gnu/libcrypto.so.3)
           n1: 2016 0x625A6EF: ??? (in /usr/lib/x86_64-linux-gnu/libcrypto.so.3)
            n1: 2016 0x5F0BEE7: __pthread_once_slow (pthread_once.c:116)
             n1: 2016 0x625E1EC: CRYPTO_THREAD_run_once (in /usr/lib/x86_64-linux-gnu/libcrypto.so.3)
              n1: 2016 0x625B155: OPENSSL_init_crypto (in /usr/lib/x86_64-linux-gnu/libcrypto.so.3)
               n1: 2016 0x63307AC: ??? (in /usr/lib/x86_64-linux-gnu/libcrypto.so.3)
                n1: 2016 0x62853A4: RAND_get_rand_method (in /usr/lib/x86_64-linux-gnu/libcrypto.so.3)
                 n1: 2016 0x6285EC9: RAND_status (in /usr/lib/x86_64-linux-gnu/libcrypto.so.3)
                  n1: 2016 0x5C962CF: OQS_randombytes_openssl (in /home/anss/random/bench/install/lib/liboqs.so.0.15.0)
                   n1: 2016 0x4906597: PQCLEAN_NTRUHPS2048677_AVX2_crypto_kem_keypair (in /home/anss/random/bench/install/lib/liboqs.so.0.15.0)
                    n0: 2016 0x1092FB: main (in /home/anss/random/bench/mem_kem)
    n1: 1968 0x6259783: ??? (in /usr/lib/x86_64-linux-gnu/libcrypto.so.3)
     n1: 1968 0x5F0BEE7: __pthread_once_slow (pthread_once.c:116)
      n1: 1968 0x625E1EC: CRYPTO_THREAD_run_once (in /usr/lib/x86_64-linux-gnu/libcrypto.so.3)
       n1: 1968 0x625AEE2: OPENSSL_init_crypto (in /usr/lib/x86_64-linux-gnu/libcrypto.so.3)
        n1: 1968 0x6208686: ??? (in /usr/lib/x86_64-linux-gnu/libcrypto.so.3)
         n1: 1968 0x620904C: ERR_set_mark (in /usr/lib/x86_64-linux-gnu/libcrypto.so.3)
          n1: 1968 0x61B5451: CONF_modules_load_file_ex (in /usr/lib/x86_64-linux-gnu/libcrypto.so.3)
           n1: 1968 0x625A6EF: ??? (in /usr/lib/x86_64-linux-gnu/libcrypto.so.3)
            n1: 1968 0x5F0BEE7: __pthread_once_slow (pthread_once.c:116)
             n1: 1968 0x625E1EC: CRYPTO_THREAD_run_once (in /usr/lib/x86_64-linux-gnu/libcrypto.so.3)
              n1: 1968 0x625B155: OPENSSL_init_crypto (in /usr/lib/x86_64-linux-gnu/libcrypto.so.3)
               n1: 1968 0x63307AC: ??? (in /usr/lib/x86_64-linux-gnu/libcrypto.so.3)
                n1: 1968 0x62853A4: RAND_get_rand_method (in /usr/lib/x86_64-linux-gnu/libcrypto.so.3)
                 n1: 1968 0x6285EC9: RAND_status (in /usr/lib/x86_64-linux-gnu/libcrypto.so.3)
                  n1: 1968 0x5C962CF: OQS_randombytes_openssl (in /home/anss/random/bench/install/lib/liboqs.so.0.15.0)
                   n1: 1968 0x4906597: PQCLEAN_NTRUHPS2048677_AVX2_crypto_kem_keypair (in /home/anss/random/bench/install/lib/liboqs.so.0.15.0)
                    n0: 1968 0x1092FB: main (in /home/anss/random/bench/mem_kem)
    n1: 1776 0x62598CD: ??? (in /usr/lib/x86_64-linux-gnu/libcrypto.so.3)
     n1: 1776 0x5F0BEE7: __pthread_once_slow (pthread_once.c:116)
      n1: 1776 0x625E1EC: CRYPTO_THREAD_run_once (in /usr/lib/x86_64-linux-gnu/libcrypto.so.3)
       n1: 1776 0x625AEE2: OPENSSL_init_crypto (in /usr/lib/x86_64-linux-gnu/libcrypto.so.3)
        n1: 1776 0x6208686: ??? (in /usr/lib/x86_64-linux-gnu/libcrypto.so.3)
         n1: 1776 0x620904C: ERR_set_mark (in /usr/lib/x86_64-linux-gnu/libcrypto.so.3)
          n1: 1776 0x61B5451: CONF_modules_load_file_ex (in /usr/lib/x86_64-linux-gnu/libcrypto.so.3)
           n1: 1776 0x625A6EF: ??? (in /usr/lib/x86_64-linux-gnu/libcrypto.so.3)
            n1: 1776 0x5F0BEE7: __pthread_once_slow (pthread_once.c:116)
             n1: 1776 0x625E1EC: CRYPTO_THREAD_run_once (in /usr/lib/x86_64-linux-gnu/libcrypto.so.3)
              n1: 1776 0x625B155: OPENSSL_init_crypto (in /usr/lib/x86_64-linux-gnu/libcrypto.so.3)
               n1: 1776 0x63307AC: ??? (in /usr/lib/x86_64-linux-gnu/libcrypto.so.3)
                n1: 1776 0x62853A4: RAND_get_rand_method (in /usr/lib/x86_64-linux-gnu/libcrypto.so.3)
                 n1: 1776 0x6285EC9: RAND_status (in /usr/lib/x86_64-linux-gnu/libcrypto.so.3)
                  n1: 1776 0x5C962CF: OQS_randombytes_openssl (in /home/anss/random/bench/install/lib/liboqs.so.0.15.0)
                   n1: 1776 0x4906597: PQCLEAN_NTRUHPS2048677_AVX2_crypto_kem_keypair (in /home/anss/random/bench/install/lib/liboqs.so.0.15.0)
                    n0: 1776 0x1092FB: main (in /home/anss/random/bench/mem_kem)
    n1: 1632 0x625989A: ??? (in /usr/lib/x86_64-linux-gnu/libcrypto.so.3)
     n1: 1632 0x5F0BEE7: __pthread_once_slow (pthread_once.c:116)
      n1: 1632 0x625E1EC: CRYPTO_THREAD_run_once (in /usr/lib/x86_64-linux-gnu/libcrypto.so.3)
       n1: 1632 0x625AEE2: OPENSSL_init_crypto (in /usr/lib/x86_64-linux-gnu/libcrypto.so.3)
        n1: 1632 0x6208686: ??? (in /usr/lib/x86_64-linux-gnu/libcrypto.so.3)
         n1: 1632 0x620904C: ERR_set_mark (in /usr/lib/x86_64-linux-gnu/libcrypto.so.3)
          n1: 1632 0x61B5451: CONF_modules_load_file_ex (in /usr/lib/x86_64-linux-gnu/libcrypto.so.3)
           n1: 1632 0x625A6EF: ??? (in /usr/lib/x86_64-linux-gnu/libcrypto.so.3)
            n1: 1632 0x5F0BEE7: __pthread_once_slow (pthread_once.c:116)
             n1: 1632 0x625E1EC: CRYPTO_THREAD_run_once (in /usr/lib/x86_64-linux-gnu/libcrypto.so.3)
              n1: 1632 0x625B155: OPENSSL_init_crypto (in /usr/lib/x86_64-linux-gnu/libcrypto.so.3)
               n1: 1632 0x63307AC: ??? (in /usr/lib/x86_64-linux-gnu/libcrypto.so.3)
                n1: 1632 0x62853A4: RAND_get_rand_method (in /usr/lib/x86_64-linux-gnu/libcrypto.so.3)
                 n1: 1632 0x6285EC9: RAND_status (in /usr/lib/x86_64-linux-gnu/libcrypto.so.3)
                  n1: 1632 0x5C962CF: OQS_randombytes_openssl (in /home/anss/random/bench/install/lib/liboqs.so.0.15.0)
                   n1: 1632 0x4906597: PQCLEAN_NTRUHPS2048677_AVX2_crypto_kem_keypair (in /home/anss/random/bench/install/lib/liboqs.so.0.15.0)
                    n0: 1632 0x1092FB: main (in /home/anss/random/bench/mem_kem)
   n0: 1968 in 2 places, all below massif's threshold (1.00%)
  n2: 5424 0x626961A: OBJ_NAME_add (in /usr/lib/x86_64-linux-gnu/libcrypto.so.3)
   n1: 3264 0x623BB24: EVP_add_cipher (in /usr/lib/x86_64-linux-gnu/libcrypto.so.3)
    n0: 3264 in 136 places, all below massif's threshold (1.00%)
   n0: 2160 in 56 places, all below massif's threshold (1.00%)
  n2: 3648 0x62559E2: ??? (in /usr/lib/x86_64-linux-gnu/libcrypto.so.3)
   n2: 1896 0x62522C7: ??? (in /usr/lib/x86_64-linux-gnu/libcrypto.so.3)
    n1: 1752 0x62523A9: ??? (in /usr/lib/x86_64-linux-gnu/libcrypto.so.3)
     n1: 1752 0x6248926: OPENSSL_LH_doall_arg (in /usr/lib/x86_64-linux-gnu/libcrypto.so.3)
      n1: 1752 0x626985A: OBJ_NAME_do_all (in /usr/lib/x86_64-linux-gnu/libcrypto.so.3)
       n1: 1752 0x6251FC9: ??? (in /usr/lib/x86_64-linux-gnu/libcrypto.so.3)
        n1: 1752 0x6330F6B: ??? (in /usr/lib/x86_64-linux-gnu/libcrypto.so.3)
         n1: 1752 0x62336C2: EVP_RAND_fetch (in /usr/lib/x86_64-linux-gnu/libcrypto.so.3)
          n1: 1752 0x6285CDB: RAND_get0_primary (in /usr/lib/x86_64-linux-gnu/libcrypto.so.3)
           n1: 1752 0x6285EF6: RAND_status (in /usr/lib/x86_64-linux-gnu/libcrypto.so.3)
            n1: 1752 0x5C962CF: OQS_randombytes_openssl (in /home/anss/random/bench/install/lib/liboqs.so.0.15.0)
             n1: 1752 0x4906597: PQCLEAN_NTRUHPS2048677_AVX2_crypto_kem_keypair (in /home/anss/random/bench/install/lib/liboqs.so.0.15.0)
              n0: 1752 0x1092FB: main (in /home/anss/random/bench/mem_kem)
    n0: 144 in 1 place, below massif's threshold (1.00%)
   n1: 1752 0x6252460: ??? (in /usr/lib/x86_64-linux-gnu/libcrypto.so.3)
    n1: 1752 0x6248926: OPENSSL_LH_doall_arg (in /usr/lib/x86_64-linux-gnu/libcrypto.so.3)
     n1: 1752 0x626985A: OBJ_NAME_do_all (in /usr/lib/x86_64-linux-gnu/libcrypto.so.3)
      n1: 1752 0x6251FC9: ??? (in /usr/lib/x86_64-linux-gnu/libcrypto.so.3)
       n1: 1752 0x6330F6B: ??? (in /usr/lib/x86_64-linux-gnu/libcrypto.so.3)
        n1: 1752 0x62336C2: EVP_RAND_fetch (in /usr/lib/x86_64-linux-gnu/libcrypto.so.3)
         n1: 1752 0x6285CDB: RAND_get0_primary (in /usr/lib/x86_64-linux-gnu/libcrypto.so.3)
          n1: 1752 0x6285EF6: RAND_status (in /usr/lib/x86_64-linux-gnu/libcrypto.so.3)
           n1: 1752 0x5C962CF: OQS_randombytes_openssl (in /home/anss/random/bench/install/lib/liboqs.so.0.15.0)
            n1: 1752 0x4906597: PQCLEAN_NTRUHPS2048677_AVX2_crypto_kem_keypair (in /home/anss/random/bench/install/lib/liboqs.so.0.15.0)
             n0: 1752 0x1092FB: main (in /home/anss/random/bench/mem_kem)
  n0: 192 in 3 places, all below massif's threshold (1.00%)
 n2: 10240 0x62485D3: OPENSSL_LH_insert (in /usr/lib/x86_64-linux-gnu/libcrypto.so.3)
  n2: 8192 0x6339B72: ??? (in /usr/lib/x86_64-linux-gnu/libcrypto.so.3)
   n2: 8192 0x6206BEF: ERR_load_strings_const (in /usr/lib/x86_64-linux-gnu/libcrypto.so.3)
    n1: 8192 0x62598DE: ??? (in /usr/lib/x86_64-linux-gnu/libcrypto.so.3)
     n1: 8192 0x5F0BEE7: __pthread_once_slow (pthread_once.c:116)
      n1: 8192 0x625E1EC: CRYPTO_THREAD_run_once (in /usr/lib/x86_64-linux-gnu/libcrypto.so.3)
       n1: 8192 0x625AEE2: OPENSSL_init_crypto (in /usr/lib/x86_64-linux-gnu/libcrypto.so.3)
        n1: 8192 0x6208686: ??? (in /usr/lib/x86_64-linux-gnu/libcrypto.so.3)
         n1: 8192 0x620904C: ERR_set_mark (in /usr/lib/x86_64-linux-gnu/libcrypto.so.3)
          n1: 8192 0x61B5451: CONF_modules_load_file_ex (in /usr/lib/x86_64-linux-gnu/libcrypto.so.3)
           n1: 8192 0x625A6EF: ??? (in /usr/lib/x86_64-linux-gnu/libcrypto.so.3)
            n1: 8192 0x5F0BEE7: __pthread_once_slow (pthread_once.c:116)
             n1: 8192 0x625E1EC: CRYPTO_THREAD_run_once (in /usr/lib/x86_64-linux-gnu/libcrypto.so.3)
              n1: 8192 0x625B155: OPENSSL_init_crypto (in /usr/lib/x86_64-linux-gnu/libcrypto.so.3)
               n1: 8192 0x63307AC: ??? (in /usr/lib/x86_64-linux-gnu/libcrypto.so.3)
                n1: 8192 0x62853A4: RAND_get_rand_method (in /usr/lib/x86_64-linux-gnu/libcrypto.so.3)
                 n1: 8192 0x6285EC9: RAND_status (in /usr/lib/x86_64-linux-gnu/libcrypto.so.3)
                  n1: 8192 0x5C962CF: OQS_randombytes_openssl (in /home/anss/random/bench/install/lib/liboqs.so.0.15.0)
                   n1: 8192 0x4906597: PQCLEAN_NTRUHPS2048677_AVX2_crypto_kem_keypair (in /home/anss/random/bench/install/lib/liboqs.so.0.15.0)
                    n0: 8192 0x1092FB: main (in /home/anss/random/bench/mem_kem)
    n0: 0 in 3 places, all below massif's threshold (1.00%)
   n0: 0 in 2 places, all below massif's threshold (1.00%)
  n0: 2048 in 3 places, all below massif's threshold (1.00%)
 n3: 7672 0x6252C3D: CRYPTO_zalloc (in /usr/lib/x86_64-linux-gnu/libcrypto.so.3)
  n0: 3392 in 18 places, all below massif's threshold (1.00%)
  n2: 2432 0x62559A6: ??? (in /usr/lib/x86_64-linux-gnu/libcrypto.so.3)
   n2: 1264 0x62522C7: ??? (in /usr/lib/x86_64-linux-gnu/libcrypto.so.3)
    n1: 1168 0x62523A9: ??? (in /usr/lib/x86_64-linux-gnu/libcrypto.so.3)
     n1: 1168 0x6248926: OPENSSL_LH_doall_arg (in /usr/lib/x86_64-linux-gnu/libcrypto.so.3)
      n1: 1168 0x626985A: OBJ_NAME_do_all (in /usr/lib/x86_64-linux-gnu/libcrypto.so.3)
       n1: 1168 0x6251FC9: ??? (in /usr/lib/x86_64-linux-gnu/libcrypto.so.3)
        n1: 1168 0x6330F6B: ??? (in /usr/lib/x86_64-linux-gnu/libcrypto.so.3)
         n1: 1168 0x62336C2: EVP_RAND_fetch (in /usr/lib/x86_64-linux-gnu/libcrypto.so.3)
          n1: 1168 0x6285CDB: RAND_get0_primary (in /usr/lib/x86_64-linux-gnu/libcrypto.so.3)
           n1: 1168 0x6285EF6: RAND_status (in /usr/lib/x86_64-linux-gnu/libcrypto.so.3)
            n1: 1168 0x5C962CF: OQS_randombytes_openssl (in /home/anss/random/bench/install/lib/liboqs.so.0.15.0)
             n1: 1168 0x4906597: PQCLEAN_NTRUHPS2048677_AVX2_crypto_kem_keypair (in /home/anss/random/bench/install/lib/liboqs.so.0.15.0)
              n0: 1168 0x1092FB: main (in /home/anss/random/bench/mem_kem)
    n0: 96 in 1 place, below massif's threshold (1.00%)
   n1: 1168 0x6252460: ??? (in /usr/lib/x86_64-linux-gnu/libcrypto.so.3)
    n1: 1168 0x6248926: OPENSSL_LH_doall_arg (in /usr/lib/x86_64-linux-gnu/libcrypto.so.3)
     n1: 1168 0x626985A: OBJ_NAME_do_all (in /usr/lib/x86_64-linux-gnu/libcrypto.so.3)
      n1: 1168 0x6251FC9: ??? (in /usr/lib/x86_64-linux-gnu/libcrypto.so.3)
       n1: 1168 0x6330F6B: ??? (in /usr/lib/x86_64-linux-gnu/libcrypto.so.3)
        n1: 1168 0x62336C2: EVP_RAND_fetch (in /usr/lib/x86_64-linux-gnu/libcrypto.so.3)
         n1: 1168 0x6285CDB: RAND_get0_primary (in /usr/lib/x86_64-linux-gnu/libcrypto.so.3)
          n1: 1168 0x6285EF6: RAND_status (in /usr/lib/x86_64-linux-gnu/libcrypto.so.3)
           n1: 1168 0x5C962CF: OQS_randombytes_openssl (in /home/anss/random/bench/install/lib/liboqs.so.0.15.0)
            n1: 1168 0x4906597: PQCLEAN_NTRUHPS2048677_AVX2_crypto_kem_keypair (in /home/anss/random/bench/install/lib/liboqs.so.0.15.0)
             n0: 1168 0x1092FB: main (in /home/anss/random/bench/mem_kem)
  n1: 1848 0x625E073: CRYPTO_THREAD_lock_new (in /usr/lib/x86_64-linux-gnu/libcrypto.so.3)
   n0: 1848 in 16 places, all below massif's threshold (1.00%)
 n1: 5424 0x62695D8: OBJ_NAME_add (in /usr/lib/x86_64-linux-gnu/libcrypto.so.3)
  n0: 5424 in 208 places, all below massif's threshold (1.00%)
 n0: 2849 in 20 places, all below massif's threshold (1.00%)
 n2: 2589 0x6253C72: CRYPTO_strndup (in /usr/lib/x86_64-linux-gnu/libcrypto.so.3)
  n2: 2580 0x62559C1: ??? (in /usr/lib/x86_64-linux-gnu/libcrypto.so.3)
   n1: 1565 0x6252460: ??? (in /usr/lib/x86_64-linux-gnu/libcrypto.so.3)
    n1: 1565 0x6248926: OPENSSL_LH_doall_arg (in /usr/lib/x86_64-linux-gnu/libcrypto.so.3)
     n1: 1565 0x626985A: OBJ_NAME_do_all (in /usr/lib/x86_64-linux-gnu/libcrypto.so.3)
      n1: 1565 0x6251FC9: ??? (in /usr/lib/x86_64-linux-gnu/libcrypto.so.3)
       n1: 1565 0x6330F6B: ??? (in /usr/lib/x86_64-linux-gnu/libcrypto.so.3)
        n1: 1565 0x62336C2: EVP_RAND_fetch (in /usr/lib/x86_64-linux-gnu/libcrypto.so.3)
         n1: 1565 0x6285CDB: RAND_get0_primary (in /usr/lib/x86_64-linux-gnu/libcrypto.so.3)
          n1: 1565 0x6285EF6: RAND_status (in /usr/lib/x86_64-linux-gnu/libcrypto.so.3)
           n1: 1565 0x5C962CF: OQS_randombytes_openssl (in /home/anss/random/bench/install/lib/liboqs.so.0.15.0)
            n1: 1565 0x4906597: PQCLEAN_NTRUHPS2048677_AVX2_crypto_kem_keypair (in /home/anss/random/bench/install/lib/liboqs.so.0.15.0)
             n0: 1565 0x1092FB: main (in /home/anss/random/bench/mem_kem)
   n0: 1015 in 1 place, below massif's threshold (1.00%)
  n0: 9 in 1 place, below massif's threshold (1.00%)
 n0: 1234 0x109277: main (in /home/anss/random/bench/mem_kem)
#-----------
snapshot=23
#-----------
time=4871591
mem_heap_B=73932
mem_heap_extra_B=38076
mem_stacks_B=0
heap_tree=empty
#-----------
snapshot=24
#-----------
time=5026294
mem_heap_B=74551
mem_heap_extra_B=38521
mem_stacks_B=0
heap_tree=detailed
n7: 74551 (heap allocation functions) malloc/new/new[], --alloc-fns, etc.
 n4: 43752 0x6248625: OPENSSL_LH_insert (in /usr/lib/x86_64-linux-gnu/libcrypto.so.3)
  n2: 33912 0x6339B72: ??? (in /usr/lib/x86_64-linux-gnu/libcrypto.so.3)
   n9: 31944 0x6206BEF: ERR_load_strings_const (in /usr/lib/x86_64-linux-gnu/libcrypto.so.3)
    n0: 13920 in 25 places, all below massif's threshold (1.00%)
    n1: 2952 0x625972B: ??? (in /usr/lib/x86_64-linux-gnu/libcrypto.so.3)
     n1: 2952 0x5F0BEE7: __pthread_once_slow (pthread_once.c:116)
      n1: 2952 0x625E1EC: CRYPTO_THREAD_run_once (in /usr/lib/x86_64-linux-gnu/libcrypto.so.3)
       n1: 2952 0x625AEE2: OPENSSL_init_crypto (in /usr/lib/x86_64-linux-gnu/libcrypto.so.3)
        n1: 2952 0x6208686: ??? (in /usr/lib/x86_64-linux-gnu/libcrypto.so.3)
         n1: 2952 0x620904C: ERR_set_mark (in /usr/lib/x86_64-linux-gnu/libcrypto.so.3)
          n1: 2952 0x61B5451: CONF_modules_load_file_ex (in /usr/lib/x86_64-linux-gnu/libcrypto.so.3)
           n1: 2952 0x625A6EF: ??? (in /usr/lib/x86_64-linux-gnu/libcrypto.so.3)
            n1: 2952 0x5F0BEE7: __pthread_once_slow (pthread_once.c:116)
             n1: 2952 0x625E1EC: CRYPTO_THREAD_run_once (in /usr/lib/x86_64-linux-gnu/libcrypto.so.3)
              n1: 2952 0x625B155: OPENSSL_init_crypto (in /usr/lib/x86_64-linux-gnu/libcrypto.so.3)
               n1: 2952 0x63307AC: ??? (in /usr/lib/x86_64-linux-gnu/libcrypto.so.3)
                n1: 2952 0x62853A4: RAND_get_rand_method (in /usr/lib/x86_64-linux-gnu/libcrypto.so.3)
                 n1: 2952 0x6285EC9: RAND_status (in /usr/lib/x86_64-linux-gnu/libcrypto.so.3)
                  n1: 2952 0x5C962CF: OQS_randombytes_openssl (in /home/anss/random/bench/install/lib/liboqs.so.0.15.0)
                   n1: 2952 0x4906597: PQCLEAN_NTRUHPS2048677_AVX2_crypto_kem_keypair (in /home/anss/random/bench/install/lib/liboqs.so.0.15.0)
                    n0: 2952 0x1092FB: main (in /home/anss/random/bench/mem_kem)
    n1: 2760 0x6259801: ??? (in /usr/lib/x86_64-linux-gnu/libcrypto.so.3)
     n1: 2760 0x5F0BEE7: __pthread_once_slow (pthread_once.c:116)
      n1: 2760 0x625E1EC: CRYPTO_THREAD_run_once (in /usr/lib/x86_64-linux-gnu/libcrypto.so.3)
       n1: 2760 0x625AEE2: OPENSSL_init_crypto (in /usr/lib/x86_64-linux-gnu/libcrypto.so.3)
        n1: 2760 0x6208686: ??? (in /usr/lib/x86_64-linux-gnu/libcrypto.so.3)
         n1: 2760 0x620904C: ERR_set_mark (in /usr/lib/x86_64-linux-gnu/libcrypto.so.3)
          n1: 2760 0x61B5451: CONF_modules_load_file_ex (in /usr/lib/x86_64-linux-gnu/libcrypto.so.3)
           n1: 2760 0x625A6EF: ??? (in /usr/lib/x86_64-linux-gnu/libcrypto.so.3)
            n1: 2760 0x5F0BEE7: __pthread_once_slow (pthread_once.c:116)
             n1: 2760 0x625E1EC: CRYPTO_THREAD_run_once (in /usr/lib/x86_64-linux-gnu/libcrypto.so.3)
              n1: 2760 0x625B155: OPENSSL_init_crypto (in /usr/lib/x86_64-linux-gnu/libcrypto.so.3)
               n1: 2760 0x63307AC: ??? (in /usr/lib/x86_64-linux-gnu/libcrypto.so.3)
                n1: 2760 0x62853A4: RAND_get_rand_method (in /usr/lib/x86_64-linux-gnu/libcrypto.so.3)
                 n1: 2760 0x6285EC9: RAND_status (in /usr/lib/x86_64-linux-gnu/libcrypto.so.3)
                  n1: 2760 0x5C962CF: OQS_randombytes_openssl (in /home/anss/random/bench/install/lib/liboqs.so.0.15.0)
                   n1: 2760 0x4906597: PQCLEAN_NTRUHPS2048677_AVX2_crypto_kem_keypair (in /home/anss/random/bench/install/lib/liboqs.so.0.15.0)
                    n0: 2760 0x1092FB: main (in /home/anss/random/bench/mem_kem)
    n1: 2616 0x625979B: ??? (in /usr/lib/x86_64-linux-gnu/libcrypto.so.3)
     n1: 2616 0x5F0BEE7: __pthread_once_slow (pthread_once.c:116)
      n1: 2616 0x625E1EC: CRYPTO_THREAD_run_once (in /usr/lib/x86_64-linux-gnu/libcrypto.so.3)
       n1: 2616 0x625AEE2: OPENSSL_init_crypto (in /usr/lib/x86_64-linux-gnu/libcrypto.so.3)
        n1: 2616 0x6208686: ??? (in /usr/lib/x86_64-linux-gnu/libcrypto.so.3)
         n1: 2616 0x620904C: ERR_set_mark (in /usr/lib/x86_64-linux-gnu/libcrypto.so.3)
          n1: 2616 0x61B5451: CONF_modules_load_file_ex (in /usr/lib/x86_64-linux-gnu/libcrypto.so.3)
           n1: 2616 0x625A6EF: ??? (in /usr/lib/x86_64-linux-gnu/libcrypto.so.3)
            n1: 2616 0x5F0BEE7: __pthread_once_slow (pthread_once.c:116)
             n1: 2616 0x625E1EC: CRYPTO_THREAD_run_once (in /usr/lib/x86_64-linux-gnu/libcrypto.so.3)
              n1: 2616 0x625B155: OPENSSL_init_crypto (in /usr/lib/x86_64-linux-gnu/libcrypto.so.3)
               n1: 2616 0x63307AC: ??? (in /usr/lib/x86_64-linux-gnu/libcrypto.so.3)
                n1: 2616 0x62853A4: RAND_get_rand_method (in /usr/lib/x86_64-linux-gnu/libcrypto.so.3)
                 n1: 2616 0x6285EC9: RAND_status (in /usr/lib/x86_64-linux-gnu/libcrypto.so.3)
                  n1: 2616 0x5C962CF: OQS_randombytes_openssl (in /home/anss/random/bench/install/lib/liboqs.so.0.15.0)
                   n1: 2616 0x4906597: PQCLEAN_NTRUHPS2048677_AVX2_crypto_kem_keypair (in /home/anss/random/bench/install/lib/liboqs.so.0.15.0)
                    n0: 2616 0x1092FB: main (in /home/anss/random/bench/mem_kem)
    n1: 2304 0x6259845: ??? (in /usr/lib/x86_64-linux-gnu/libcrypto.so.3)
     n1: 2304 0x5F0BEE7: __pthread_once_slow (pthread_once.c:116)
      n1: 2304 0x625E1EC: CRYPTO_THREAD_run_once (in /usr/lib/x86_64-linux-gnu/libcrypto.so.3)
       n1: 2304 0x625AEE2: OPENSSL_init_crypto (in /usr/lib/x86_64-linux-gnu/libcrypto.so.3)
        n1: 2304 0x6208686: ??? (in /usr/lib/x86_64-linux-gnu/libcrypto.so.3)
         n1: 2304 0x620904C: ERR_set_mark (in /usr/lib/x86_64-linux-gnu/libcrypto.so.3)
          n1: 2304 0x61B5451: CONF_modules_load_file_ex (in /usr/lib/x86_64-linux-gnu/libcrypto.so.3)
           n1: 2304 0x625A6EF: ??? (in /usr/lib/x86_64-linux-gnu/libcrypto.so.3)
            n1: 2304 0x5F0BEE7: __pthread_once_slow (pthread_once.c:116)
             n1: 2304 0x625E1EC: CRYPTO_THREAD_run_once (in /usr/lib/x86_64-linux-gnu/libcrypto.so.3)
              n1: 2304 0x625B155: OPENSSL_init_crypto (in /usr/lib/x86_64-linux-gnu/libcrypto.so.3)
               n1: 2304 0x63307AC: ??? (in /usr/lib/x86_64-linux-gnu/libcrypto.so.3)
                n1: 2304 0x62853A4: RAND_get_rand_method (in /usr/lib/x86_64-linux-gnu/libcrypto.so.3)
                 n1: 2304 0x6285EC9: RAND_status (in /usr/lib/x86_64-linux-gnu/libcrypto.so.3)
                  n1: 2304 0x5C962CF: OQS_randombytes_openssl (in /home/anss/random/bench/install/lib/liboqs.so.0.15.0)
                   n1: 2304 0x4906597: PQCLEAN_NTRUHPS2048677_AVX2_crypto_kem_keypair (in /home/anss/random/bench/install/lib/liboqs.so.0.15.0)
                    n0: 2304 0x1092FB: main (in /home/anss/random/bench/mem_kem)
    n1: 2016 0x6259823: ??? (in /usr/lib/x86_64-linux-gnu/libcrypto.so.3)
     n1: 2016 0x5F0BEE7: __pthread_once_slow (pthread_once.c:116)
      n1: 2016 0x625E1EC: CRYPTO_THREAD_run_once (in /usr/lib/x86_64-linux-gnu/libcrypto.so.3)
       n1: 2016 0x625AEE2: OPENSSL_init_crypto (in /usr/lib/x86_64-linux-gnu/libcrypto.so.3)
        n1: 2016 0x6208686: ??? (in /usr/lib/x86_64-linux-gnu/libcrypto.so.3)
         n1: 2016 0x620904C: ERR_set_mark (in /usr/lib/x86_64-linux-gnu/libcrypto.so.3)
          n1: 2016 0x61B5451: CONF_modules_load_file_ex (in /usr/lib/x86_64-linux-gnu/libcrypto.so.3)
           n1: 2016 0x625A6EF: ??? (in /usr/lib/x86_64-linux-gnu/libcrypto.so.3)
            n1: 2016 0x5F0BEE7: __pthread_once_slow (pthread_once.c:116)
             n1: 2016 0x625E1EC: CRYPTO_THREAD_run_once (in /usr/lib/x86_64-linux-gnu/libcrypto.so.3)
              n1: 2016 0x625B155: OPENSSL_init_crypto (in /usr/lib/x86_64-linux-gnu/libcrypto.so.3)
               n1: 2016 0x63307AC: ??? (in /usr/lib/x86_64-linux-gnu/libcrypto.so.3)
                n1: 2016 0x62853A4: RAND_get_rand_method (in /usr/lib/x86_64-linux-gnu/libcrypto.so.3)
                 n1: 2016 0x6285EC9: RAND_status (in /usr/lib/x86_64-linux-gnu/libcrypto.so.3)
                  n1: 2016 0x5C962CF: OQS_randombytes_openssl (in /home/anss/random/bench/install/lib/liboqs.so.0.15.0)
                   n1: 2016 0x4906597: PQCLEAN_NTRUHPS2048677_AVX2_crypto_kem_keypair (in /home/anss/random/bench/install/lib/liboqs.so.0.15.0)
                    n0: 2016 0x1092FB: main (in /home/anss/random/bench/mem_kem)
    n1: 1968 0x6259783: ??? (in /usr/lib/x86_64-linux-gnu/libcrypto.so.3)
     n1: 1968 0x5F0BEE7: __pthread_once_slow (pthread_once.c:116)
      n1: 1968 0x625E1EC: CRYPTO_THREAD_run_once (in /usr/lib/x86_64-linux-gnu/libcrypto.so.3)
       n1: 1968 0x625AEE2: OPENSSL_init_crypto (in /usr/lib/x86_64-linux-gnu/libcrypto.so.3)
        n1: 1968 0x6208686: ??? (in /usr/lib/x86_64-linux-gnu/libcrypto.so.3)
         n1: 1968 0x620904C: ERR_set_mark (in /usr/lib/x86_64-linux-gnu/libcrypto.so.3)
          n1: 1968 0x61B5451: CONF_modules_load_file_ex (in /usr/lib/x86_64-linux-gnu/libcrypto.so.3)
           n1: 1968 0x625A6EF: ??? (in /usr/lib/x86_64-linux-gnu/libcrypto.so.3)
            n1: 1968 0x5F0BEE7: __pthread_once_slow (pthread_once.c:116)
             n1: 1968 0x625E1EC: CRYPTO_THREAD_run_once (in /usr/lib/x86_64-linux-gnu/libcrypto.so.3)
              n1: 1968 0x625B155: OPENSSL_init_crypto (in /usr/lib/x86_64-linux-gnu/libcrypto.so.3)
               n1: 1968 0x63307AC: ??? (in /usr/lib/x86_64-linux-gnu/libcrypto.so.3)
                n1: 1968 0x62853A4: RAND_get_rand_method (in /usr/lib/x86_64-linux-gnu/libcrypto.so.3)
                 n1: 1968 0x6285EC9: RAND_status (in /usr/lib/x86_64-linux-gnu/libcrypto.so.3)
                  n1: 1968 0x5C962CF: OQS_randombytes_openssl (in /home/anss/random/bench/install/lib/liboqs.so.0.15.0)
                   n1: 1968 0x4906597: PQCLEAN_NTRUHPS2048677_AVX2_crypto_kem_keypair (in /home/anss/random/bench/install/lib/liboqs.so.0.15.0)
                    n0: 1968 0x1092FB: main (in /home/anss/random/bench/mem_kem)
    n1: 1776 0x62598CD: ??? (in /usr/lib/x86_64-linux-gnu/libcrypto.so.3)
     n1: 1776 0x5F0BEE7: __pthread_once_slow (pthread_once.c:116)
      n1: 1776 0x625E1EC: CRYPTO_THREAD_run_once (in /usr/lib/x86_64-linux-gnu/libcrypto.so.3)
       n1: 1776 0x625AEE2: OPENSSL_init_crypto (in /usr/lib/x86_64-linux-gnu/libcrypto.so.3)
        n1: 1776 0x6208686: ??? (in /usr/lib/x86_64-linux-gnu/libcrypto.so.3)
         n1: 1776 0x620904C: ERR_set_mark (in /usr/lib/x86_64-linux-gnu/libcrypto.so.3)
          n1: 1776 0x61B5451: CONF_modules_load_file_ex (in /usr/lib/x86_64-linux-gnu/libcrypto.so.3)
           n1: 1776 0x625A6EF: ??? (in /usr/lib/x86_64-linux-gnu/libcrypto.so.3)
            n1: 1776 0x5F0BEE7: __pthread_once_slow (pthread_once.c:116)
             n1: 1776 0x625E1EC: CRYPTO_THREAD_run_once (in /usr/lib/x86_64-linux-gnu/libcrypto.so.3)
              n1: 1776 0x625B155: OPENSSL_init_crypto (in /usr/lib/x86_64-linux-gnu/libcrypto.so.3)
               n1: 1776 0x63307AC: ??? (in /usr/lib/x86_64-linux-gnu/libcrypto.so.3)
                n1: 1776 0x62853A4: RAND_get_rand_method (in /usr/lib/x86_64-linux-gnu/libcrypto.so.3)
                 n1: 1776 0x6285EC9: RAND_status (in /usr/lib/x86_64-linux-gnu/libcrypto.so.3)
                  n1: 1776 0x5C962CF: OQS_randombytes_openssl (in /home/anss/random/bench/install/lib/liboqs.so.0.15.0)
                   n1: 1776 0x4906597: PQCLEAN_NTRUHPS2048677_AVX2_crypto_kem_keypair (in /home/anss/random/bench/install/lib/liboqs.so.0.15.0)
                    n0: 1776 0x1092FB: main (in /home/anss/random/bench/mem_kem)
    n1: 1632 0x625989A: ??? (in /usr/lib/x86_64-linux-gnu/libcrypto.so.3)
     n1: 1632 0x5F0BEE7: __pthread_once_slow (pthread_once.c:116)
      n1: 1632 0x625E1EC: CRYPTO_THREAD_run_once (in /usr/lib/x86_64-linux-gnu/libcrypto.so.3)
       n1: 1632 0x625AEE2: OPENSSL_init_crypto (in /usr/lib/x86_64-linux-gnu/libcrypto.so.3)
        n1: 1632 0x6208686: ??? (in /usr/lib/x86_64-linux-gnu/libcrypto.so.3)
         n1: 1632 0x620904C: ERR_set_mark (in /usr/lib/x86_64-linux-gnu/libcrypto.so.3)
          n1: 1632 0x61B5451: CONF_modules_load_file_ex (in /usr/lib/x86_64-linux-gnu/libcrypto.so.3)
           n1: 1632 0x625A6EF: ??? (in /usr/lib/x86_64-linux-gnu/libcrypto.so.3)
            n1: 1632 0x5F0BEE7: __pthread_once_slow (pthread_once.c:116)
             n1: 1632 0x625E1EC: CRYPTO_THREAD_run_once (in /usr/lib/x86_64-linux-gnu/libcrypto.so.3)
              n1: 1632 0x625B155: OPENSSL_init_crypto (in /usr/lib/x86_64-linux-gnu/libcrypto.so.3)
               n1: 1632 0x63307AC: ??? (in /usr/lib/x86_64-linux-gnu/libcrypto.so.3)
                n1: 1632 0x62853A4: RAND_get_rand_method (in /usr/lib/x86_64-linux-gnu/libcrypto.so.3)
                 n1: 1632 0x6285EC9: RAND_status (in /usr/lib/x86_64-linux-gnu/libcrypto.so.3)
                  n1: 1632 0x5C962CF: OQS_randombytes_openssl (in /home/anss/random/bench/install/lib/liboqs.so.0.15.0)
                   n1: 1632 0x4906597: PQCLEAN_NTRUHPS2048677_AVX2_crypto_kem_keypair (in /home/anss/random/bench/install/lib/liboqs.so.0.15.0)
                    n0: 1632 0x1092FB: main (in /home/anss/random/bench/mem_kem)
   n0: 1968 in 2 places, all below massif's threshold (1.00%)
  n2: 5424 0x626961A: OBJ_NAME_add (in /usr/lib/x86_64-linux-gnu/libcrypto.so.3)
   n1: 3264 0x623BB24: EVP_add_cipher (in /usr/lib/x86_64-linux-gnu/libcrypto.so.3)
    n0: 3264 in 136 places, all below massif's threshold (1.00%)
   n0: 2160 in 56 places, all below massif's threshold (1.00%)
  n2: 4224 0x62559E2: ??? (in /usr/lib/x86_64-linux-gnu/libcrypto.so.3)
   n2: 2184 0x62522C7: ??? (in /usr/lib/x86_64-linux-gnu/libcrypto.so.3)
    n1: 2040 0x62523A9: ??? (in /usr/lib/x86_64-linux-gnu/libcrypto.so.3)
     n1: 2040 0x6248926: OPENSSL_LH_doall_arg (in /usr/lib/x86_64-linux-gnu/libcrypto.so.3)
      n2: 2040 0x626985A: OBJ_NAME_do_all (in /usr/lib/x86_64-linux-gnu/libcrypto.so.3)
       n1: 1968 0x6251FC9: ??? (in /usr/lib/x86_64-linux-gnu/libcrypto.so.3)
        n1: 1968 0x6330F6B: ??? (in /usr/lib/x86_64-linux-gnu/libcrypto.so.3)
         n1: 1968 0x62336C2: EVP_RAND_fetch (in /usr/lib/x86_64-linux-gnu/libcrypto.so.3)
          n1: 1968 0x6285CDB: RAND_get0_primary (in /usr/lib/x86_64-linux-gnu/libcrypto.so.3)
           n1: 1968 0x6285EF6: RAND_status (in /usr/lib/x86_64-linux-gnu/libcrypto.so.3)
            n1: 1968 0x5C962CF: OQS_randombytes_openssl (in /home/anss/random/bench/install/lib/liboqs.so.0.15.0)
             n1: 1968 0x4906597: PQCLEAN_NTRUHPS2048677_AVX2_crypto_kem_keypair (in /home/anss/random/bench/install/lib/liboqs.so.0.15.0)
              n0: 1968 0x1092FB: main (in /home/anss/random/bench/mem_kem)
       n0: 72 in 1 place, below massif's threshold (1.00%)
    n0: 144 in 1 place, below massif's threshold (1.00%)
   n1: 2040 0x6252460: ??? (in /usr/lib/x86_64-linux-gnu/libcrypto.so.3)
    n1: 2040 0x6248926: OPENSSL_LH_doall_arg (in /usr/lib/x86_64-linux-gnu/libcrypto.so.3)
     n2: 2040 0x626985A: OBJ_NAME_do_all (in /usr/lib/x86_64-linux-gnu/libcrypto.so.3)
      n1: 1968 0x6251FC9: ??? (in /usr/lib/x86_64-linux-gnu/libcrypto.so.3)
       n1: 1968 0x6330F6B: ??? (in /usr/lib/x86_64-linux-gnu/libcrypto.so.3)
        n1: 1968 0x62336C2: EVP_RAND_fetch (in /usr/lib/x86_64-linux-gnu/libcrypto.so.3)
         n1: 1968 0x6285CDB: RAND_get0_primary (in /usr/lib/x86_64-linux-gnu/libcrypto.so.3)
          n1: 1968 0x6285EF6: RAND_status (in /usr/lib/x86_64-linux-gnu/libcrypto.so.3)
           n1: 1968 0x5C962CF: OQS_randombytes_openssl (in /home/anss/random/bench/install/lib/liboqs.so.0.15.0)
            n1: 1968 0x4906597: PQCLEAN_NTRUHPS2048677_AVX2_crypto_kem_keypair (in /home/anss/random/bench/install/lib/liboqs.so.0.15.0)
             n0: 1968 0x1092FB: main (in /home/anss/random/bench/mem_kem)
      n0: 72 in 1 place, below massif's threshold (1.00%)
  n0: 192 in 3 places, all below massif's threshold (1.00%)
 n2: 10240 0x62485D3: OPENSSL_LH_insert (in /usr/lib/x86_64-linux-gnu/libcrypto.so.3)
  n2: 8192 0x6339B72: ??? (in /usr/lib/x86_64-linux-gnu/libcrypto.so.3)
   n2: 8192 0x6206BEF: ERR_load_strings_const (in /usr/lib/x86_64-linux-gnu/libcrypto.so.3)
    n1: 8192 0x62598DE: ??? (in /usr/lib/x86_64-linux-gnu/libcrypto.so.3)
     n1: 8192 0x5F0BEE7: __pthread_once_slow (pthread_once.c:116)
      n1: 8192 0x625E1EC: CRYPTO_THREAD_run_once (in /usr/lib/x86_64-linux-gnu/libcrypto.so.3)
       n1: 8192 0x625AEE2: OPENSSL_init_crypto (in /usr/lib/x86_64-linux-gnu/libcrypto.so.3)
        n1: 8192 0x6208686: ??? (in /usr/lib/x86_64-linux-gnu/libcrypto.so.3)
         n1: 8192 0x620904C: ERR_set_mark (in /usr/lib/x86_64-linux-gnu/libcrypto.so.3)
          n1: 8192 0x61B5451: CONF_modules_load_file_ex (in /usr/lib/x86_64-linux-gnu/libcrypto.so.3)
           n1: 8192 0x625A6EF: ??? (in /usr/lib/x86_64-linux-gnu/libcrypto.so.3)
            n1: 8192 0x5F0BEE7: __pthread_once_slow (pthread_once.c:116)
             n1: 8192 0x625E1EC: CRYPTO_THREAD_run_once (in /usr/lib/x86_64-linux-gnu/libcrypto.so.3)
              n1: 8192 0x625B155: OPENSSL_init_crypto (in /usr/lib/x86_64-linux-gnu/libcrypto.so.3)
               n1: 8192 0x63307AC: ??? (in /usr/lib/x86_64-linux-gnu/libcrypto.so.3)
                n1: 8192 0x62853A4: RAND_get_rand_method (in /usr/lib/x86_64-linux-gnu/libcrypto.so.3)
                 n1: 8192 0x6285EC9: RAND_status (in /usr/lib/x86_64-linux-gnu/libcrypto.so.3)
                  n1: 8192 0x5C962CF: OQS_randombytes_openssl (in /home/anss/random/bench/install/lib/liboqs.so.0.15.0)
                   n1: 8192 0x4906597: PQCLEAN_NTRUHPS2048677_AVX2_crypto_kem_keypair (in /home/anss/random/bench/install/lib/liboqs.so.0.15.0)
                    n0: 8192 0x1092FB: main (in /home/anss/random/bench/mem_kem)
    n0: 0 in 3 places, all below massif's threshold (1.00%)
   n0: 0 in 2 places, all below massif's threshold (1.00%)
  n0: 2048 in 3 places, all below massif's threshold (1.00%)
 n3: 8056 0x6252C3D: CRYPTO_zalloc (in /usr/lib/x86_64-linux-gnu/libcrypto.so.3)
  n0: 3392 in 18 places, all below massif's threshold (1.00%)
  n2: 2816 0x62559A6: ??? (in /usr/lib/x86_64-linux-gnu/libcrypto.so.3)
   n2: 1456 0x62522C7: ??? (in /usr/lib/x86_64-linux-gnu/libcrypto.so.3)
    n1: 1360 0x62523A9: ??? (in /usr/lib/x86_64-linux-gnu/libcrypto.so.3)
     n1: 1360 0x6248926: OPENSSL_LH_doall_arg (in /usr/lib/x86_64-linux-gnu/libcrypto.so.3)
      n2: 1360 0x626985A: OBJ_NAME_do_all (in /usr/lib/x86_64-linux-gnu/libcrypto.so.3)
       n1: 1312 0x6251FC9: ??? (in /usr/lib/x86_64-linux-gnu/libcrypto.so.3)
        n1: 1312 0x6330F6B: ??? (in /usr/lib/x86_64-linux-gnu/libcrypto.so.3)
         n1: 1312 0x62336C2: EVP_RAND_fetch (in /usr/lib/x86_64-linux-gnu/libcrypto.so.3)
          n1: 1312 0x6285CDB: RAND_get0_primary (in /usr/lib/x86_64-linux-gnu/libcrypto.so.3)
           n1: 1312 0x6285EF6: RAND_status (in /usr/lib/x86_64-linux-gnu/libcrypto.so.3)
            n1: 1312 0x5C962CF: OQS_randombytes_openssl (in /home/anss/random/bench/install/lib/liboqs.so.0.15.0)
             n1: 1312 0x4906597: PQCLEAN_NTRUHPS2048677_AVX2_crypto_kem_keypair (in /home/anss/random/bench/install/lib/liboqs.so.0.15.0)
              n0: 1312 0x1092FB: main (in /home/anss/random/bench/mem_kem)
       n0: 48 in 1 place, below massif's threshold (1.00%)
    n0: 96 in 1 place, below massif's threshold (1.00%)
   n1: 1360 0x6252460: ??? (in /usr/lib/x86_64-linux-gnu/libcrypto.so.3)
    n1: 1360 0x6248926: OPENSSL_LH_doall_arg (in /usr/lib/x86_64-linux-gnu/libcrypto.so.3)
     n2: 1360 0x626985A: OBJ_NAME_do_all (in /usr/lib/x86_64-linux-gnu/libcrypto.so.3)
      n1: 1312 0x6251FC9: ??? (in /usr/lib/x86_64-linux-gnu/libcrypto.so.3)
       n1: 1312 0x6330F6B: ??? (in /usr/lib/x86_64-linux-gnu/libcrypto.so.3)
        n1: 1312 0x62336C2: EVP_RAND_fetch (in /usr/lib/x86_64-linux-gnu/libcrypto.so.3)
         n1: 1312 0x6285CDB: RAND_get0_primary (in /usr/lib/x86_64-linux-gnu/libcrypto.so.3)
          n1: 1312 0x6285EF6: RAND_status (in /usr/lib/x86_64-linux-gnu/libcrypto.so.3)
           n1: 1312 0x5C962CF: OQS_randombytes_openssl (in /home/anss/random/bench/install/lib/liboqs.so.0.15.0)
            n1: 1312 0x4906597: PQCLEAN_NTRUHPS2048677_AVX2_crypto_kem_keypair (in /home/anss/random/bench/install/lib/liboqs.so.0.15.0)
             n0: 1312 0x1092FB: main (in /home/anss/random/bench/mem_kem)
      n0: 48 in 1 place, below massif's threshold (1.00%)
  n1: 1848 0x625E073: CRYPTO_THREAD_lock_new (in /usr/lib/x86_64-linux-gnu/libcrypto.so.3)
   n0: 1848 in 16 places, all below massif's threshold (1.00%)
 n1: 5424 0x62695D8: OBJ_NAME_add (in /usr/lib/x86_64-linux-gnu/libcrypto.so.3)
  n0: 5424 in 208 places, all below massif's threshold (1.00%)
 n2: 2996 0x6253C72: CRYPTO_strndup (in /usr/lib/x86_64-linux-gnu/libcrypto.so.3)
  n2: 2987 0x62559C1: ??? (in /usr/lib/x86_64-linux-gnu/libcrypto.so.3)
   n1: 1826 0x6252460: ??? (in /usr/lib/x86_64-linux-gnu/libcrypto.so.3)
    n1: 1826 0x6248926: OPENSSL_LH_doall_arg (in /usr/lib/x86_64-linux-gnu/libcrypto.so.3)
     n2: 1826 0x626985A: OBJ_NAME_do_all (in /usr/lib/x86_64-linux-gnu/libcrypto.so.3)
      n1: 1756 0x6251FC9: ??? (in /usr/lib/x86_64-linux-gnu/libcrypto.so.3)
       n1: 1756 0x6330F6B: ??? (in /usr/lib/x86_64-linux-gnu/libcrypto.so.3)
        n1: 1756 0x62336C2: EVP_RAND_fetch (in /usr/lib/x86_64-linux-gnu/libcrypto.so.3)
         n1: 1756 0x6285CDB: RAND_get0_primary (in /usr/lib/x86_64-linux-gnu/libcrypto.so.3)
          n1: 1756 0x6285EF6: RAND_status (in /usr/lib/x86_64-linux-gnu/libcrypto.so.3)
           n1: 1756 0x5C962CF: OQS_randombytes_openssl (in /home/anss/random/bench/install/lib/liboqs.so.0.15.0)
            n1: 1756 0x4906597: PQCLEAN_NTRUHPS2048677_AVX2_crypto_kem_keypair (in /home/anss/random/bench/install/lib/liboqs.so.0.15.0)
             n0: 1756 0x1092FB: main (in /home/anss/random/bench/mem_kem)
      n0: 70 in 1 place, below massif's threshold (1.00%)
   n1: 1161 0x62522C7: ??? (in /usr/lib/x86_64-linux-gnu/libcrypto.so.3)
    n0: 1161 in 2 places, all below massif's threshold (1.00%)
  n0: 9 in 1 place, below massif's threshold (1.00%)
 n0: 2849 in 20 places, all below massif's threshold (1.00%)
 n0: 1234 0x109277: main (in /home/anss/random/bench/mem_kem)
#-----------
snapshot=25
#-----------
time=5109447
mem_heap_B=75212
mem_heap_extra_B=39012
mem_stacks_B=0
heap_tree=detailed
n7: 75212 (heap allocation functions) malloc/new/new[], --alloc-fns, etc.
 n4: 44040 0x6248625: OPENSSL_LH_insert (in /usr/lib/x86_64-linux-gnu/libcrypto.so.3)
  n2: 33912 0x6339B72: ??? (in /usr/lib/x86_64-linux-gnu/libcrypto.so.3)
   n9: 31944 0x6206BEF: ERR_load_strings_const (in /usr/lib/x86_64-linux-gnu/libcrypto.so.3)
    n0: 13920 in 25 places, all below massif's threshold (1.00%)
    n1: 2952 0x625972B: ??? (in /usr/lib/x86_64-linux-gnu/libcrypto.so.3)
     n1: 2952 0x5F0BEE7: __pthread_once_slow (pthread_once.c:116)
      n1: 2952 0x625E1EC: CRYPTO_THREAD_run_once (in /usr/lib/x86_64-linux-gnu/libcrypto.so.3)
       n1: 2952 0x625AEE2: OPENSSL_init_crypto (in /usr/lib/x86_64-linux-gnu/libcrypto.so.3)
        n1: 2952 0x6208686: ??? (in /usr/lib/x86_64-linux-gnu/libcrypto.so.3)
         n1: 2952 0x620904C: ERR_set_mark (in /usr/lib/x86_64-linux-gnu/libcrypto.so.3)
          n1: 2952 0x61B5451: CONF_modules_load_file_ex (in /usr/lib/x86_64-linux-gnu/libcrypto.so.3)
           n1: 2952 0x625A6EF: ??? (in /usr/lib/x86_64-linux-gnu/libcrypto.so.3)
            n1: 2952 0x5F0BEE7: __pthread_once_slow (pthread_once.c:116)
             n1: 2952 0x625E1EC: CRYPTO_THREAD_run_once (in /usr/lib/x86_64-linux-gnu/libcrypto.so.3)
              n1: 2952 0x625B155: OPENSSL_init_crypto (in /usr/lib/x86_64-linux-gnu/libcrypto.so.3)
               n1: 2952 0x63307AC: ??? (in /usr/lib/x86_64-linux-gnu/libcrypto.so.3)
                n1: 2952 0x62853A4: RAND_get_rand_method (in /usr/lib/x86_64-linux-gnu/libcrypto.so.3)
                 n1: 2952 0x6285EC9: RAND_status (in /usr/lib/x86_64-linux-gnu/libcrypto.so.3)
                  n1: 2952 0x5C962CF: OQS_randombytes_openssl (in /home/anss/random/bench/install/lib/liboqs.so.0.15.0)
                   n1: 2952 0x4906597: PQCLEAN_NTRUHPS2048677_AVX2_crypto_kem_keypair (in /home/anss/random/bench/install/lib/liboqs.so.0.15.0)
                    n0: 2952 0x1092FB: main (in /home/anss/random/bench/mem_kem)
    n1: 2760 0x6259801: ??? (in /usr/lib/x86_64-linux-gnu/libcrypto.so.3)
     n1: 2760 0x5F0BEE7: __pthread_once_slow (pthread_once.c:116)
      n1: 2760 0x625E1EC: CRYPTO_THREAD_run_once (in /usr/lib/x86_64-linux-gnu/libcrypto.so.3)
       n1: 2760 0x625AEE2: OPENSSL_init_crypto (in /usr/lib/x86_64-linux-gnu/libcrypto.so.3)
        n1: 2760 0x6208686: ??? (in /usr/lib/x86_64-linux-gnu/libcrypto.so.3)
         n1: 2760 0x620904C: ERR_set_mark (in /usr/lib/x86_64-linux-gnu/libcrypto.so.3)
          n1: 2760 0x61B5451: CONF_modules_load_file_ex (in /usr/lib/x86_64-linux-gnu/libcrypto.so.3)
           n1: 2760 0x625A6EF: ??? (in /usr/lib/x86_64-linux-gnu/libcrypto.so.3)
            n1: 2760 0x5F0BEE7: __pthread_once_slow (pthread_once.c:116)
             n1: 2760 0x625E1EC: CRYPTO_THREAD_run_once (in /usr/lib/x86_64-linux-gnu/libcrypto.so.3)
              n1: 2760 0x625B155: OPENSSL_init_crypto (in /usr/lib/x86_64-linux-gnu/libcrypto.so.3)
               n1: 2760 0x63307AC: ??? (in /usr/lib/x86_64-linux-gnu/libcrypto.so.3)
                n1: 2760 0x62853A4: RAND_get_rand_method (in /usr/lib/x86_64-linux-gnu/libcrypto.so.3)
                 n1: 2760 0x6285EC9: RAND_status (in /usr/lib/x86_64-linux-gnu/libcrypto.so.3)
                  n1: 2760 0x5C962CF: OQS_randombytes_openssl (in /home/anss/random/bench/install/lib/liboqs.so.0.15.0)
                   n1: 2760 0x4906597: PQCLEAN_NTRUHPS2048677_AVX2_crypto_kem_keypair (in /home/anss/random/bench/install/lib/liboqs.so.0.15.0)
                    n0: 2760 0x1092FB: main (in /home/anss/random/bench/mem_kem)
    n1: 2616 0x625979B: ??? (in /usr/lib/x86_64-linux-gnu/libcrypto.so.3)
     n1: 2616 0x5F0BEE7: __pthread_once_slow (pthread_once.c:116)
      n1: 2616 0x625E1EC: CRYPTO_THREAD_run_once (in /usr/lib/x86_64-linux-gnu/libcrypto.so.3)
       n1: 2616 0x625AEE2: OPENSSL_init_crypto (in /usr/lib/x86_64-linux-gnu/libcrypto.so.3)
        n1: 2616 0x6208686: ??? (in /usr/lib/x86_64-linux-gnu/libcrypto.so.3)
         n1: 2616 0x620904C: ERR_set_mark (in /usr/lib/x86_64-linux-gnu/libcrypto.so.3)
          n1: 2616 0x61B5451: CONF_modules_load_file_ex (in /usr/lib/x86_64-linux-gnu/libcrypto.so.3)
           n1: 2616 0x625A6EF: ??? (in /usr/lib/x86_64-linux-gnu/libcrypto.so.3)
            n1: 2616 0x5F0BEE7: __pthread_once_slow (pthread_once.c:116)
             n1: 2616 0x625E1EC: CRYPTO_THREAD_run_once (in /usr/lib/x86_64-linux-gnu/libcrypto.so.3)
              n1: 2616 0x625B155: OPENSSL_init_crypto (in /usr/lib/x86_64-linux-gnu/libcrypto.so.3)
               n1: 2616 0x63307AC: ??? (in /usr/lib/x86_64-linux-gnu/libcrypto.so.3)
                n1: 2616 0x62853A4: RAND_get_rand_method (in /usr/lib/x86_64-linux-gnu/libcrypto.so.3)
                 n1: 2616 0x6285EC9: RAND_status (in /usr/lib/x86_64-linux-gnu/libcrypto.so.3)
                  n1: 2616 0x5C962CF: OQS_randombytes_openssl (in /home/anss/random/bench/install/lib/liboqs.so.0.15.0)
                   n1: 2616 0x4906597: PQCLEAN_NTRUHPS2048677_AVX2_crypto_kem_keypair (in /home/anss/random/bench/install/lib/liboqs.so.0.15.0)
                    n0: 2616 0x1092FB: main (in /home/anss/random/bench/mem_kem)
    n1: 2304 0x6259845: ??? (in /usr/lib/x86_64-linux-gnu/libcrypto.so.3)
     n1: 2304 0x5F0BEE7: __pthread_once_slow (pthread_once.c:116)
      n1: 2304 0x625E1EC: CRYPTO_THREAD_run_once (in /usr/lib/x86_64-linux-gnu/libcrypto.so.3)
       n1: 2304 0x625AEE2: OPENSSL_init_crypto (in /usr/lib/x86_64-linux-gnu/libcrypto.so.3)
        n1: 2304 0x6208686: ??? (in /usr/lib/x86_64-linux-gnu/libcrypto.so.3)
         n1: 2304 0x620904C: ERR_set_mark (in /usr/lib/x86_64-linux-gnu/libcrypto.so.3)
          n1: 2304 0x61B5451: CONF_modules_load_file_ex (in /usr/lib/x86_64-linux-gnu/libcrypto.so.3)
           n1: 2304 0x625A6EF: ??? (in /usr/lib/x86_64-linux-gnu/libcrypto.so.3)
            n1: 2304 0x5F0BEE7: __pthread_once_slow (pthread_once.c:116)
             n1: 2304 0x625E1EC: CRYPTO_THREAD_run_once (in /usr/lib/x86_64-linux-gnu/libcrypto.so.3)
              n1: 2304 0x625B155: OPENSSL_init_crypto (in /usr/lib/x86_64-linux-gnu/libcrypto.so.3)
               n1: 2304 0x63307AC: ??? (in /usr/lib/x86_64-linux-gnu/libcrypto.so.3)
                n1: 2304 0x62853A4: RAND_get_rand_method (in /usr/lib/x86_64-linux-gnu/libcrypto.so.3)
                 n1: 2304 0x6285EC9: RAND_status (in /usr/lib/x86_64-linux-gnu/libcrypto.so.3)
                  n1: 2304 0x5C962CF: OQS_randombytes_openssl (in /home/anss/random/bench/install/lib/liboqs.so.0.15.0)
                   n1: 2304 0x4906597: PQCLEAN_NTRUHPS2048677_AVX2_crypto_kem_keypair (in /home/anss/random/bench/install/lib/liboqs.so.0.15.0)
                    n0: 2304 0x1092FB: main (in /home/anss/random/bench/mem_kem)
    n1: 2016 0x6259823: ??? (in /usr/lib/x86_64-linux-gnu/libcrypto.so.3)
     n1: 2016 0x5F0BEE7: __pthread_once_slow (pthread_once.c:116)
      n1: 2016 0x625E1EC: CRYPTO_THREAD_run_once (in /usr/lib/x86_64-linux-gnu/libcrypto.so.3)
       n1: 2016 0x625AEE2: OPENSSL_init_crypto (in /usr/lib/x86_64-linux-gnu/libcrypto.so.3)
        n1: 2016 0x6208686: ??? (in /usr/lib/x86_64-linux-gnu/libcrypto.so.3)
         n1: 2016 0x620904C: ERR_set_mark (in /usr/lib/x86_64-linux-gnu/libcrypto.so.3)
          n1: 2016 0x61B5451: CONF_modules_load_file_ex (in /usr/lib/x86_64-linux-gnu/libcrypto.so.3)
           n1: 2016 0x625A6EF: ??? (in /usr/lib/x86_64-linux-gnu/libcrypto.so.3)
            n1: 2016 0x5F0BEE7: __pthread_once_slow (pthread_once.c:116)
             n1: 2016 0x625E1EC: CRYPTO_THREAD_run_once (in /usr/lib/x86_64-linux-gnu/libcrypto.so.3)
              n1: 2016 0x625B155: OPENSSL_init_crypto (in /usr/lib/x86_64-linux-gnu/libcrypto.so.3)
               n1: 2016 0x63307AC: ??? (in /usr/lib/x86_64-linux-gnu/libcrypto.so.3)
                n1: 2016 0x62853A4: RAND_get_rand_method (in /usr/lib/x86_64-linux-gnu/libcrypto.so.3)
                 n1: 2016 0x6285EC9: RAND_status (in /usr/lib/x86_64-linux-gnu/libcrypto.so.3)
                  n1: 2016 0x5C962CF: OQS_randombytes_openssl (in /home/anss/random/bench/install/lib/liboqs.so.0.15.0)
                   n1: 2016 0x4906597: PQCLEAN_NTRUHPS2048677_AVX2_crypto_kem_keypair (in /home/anss/random/bench/install/lib/liboqs.so.0.15.0)
                    n0: 2016 0x1092FB: main (in /home/anss/random/bench/mem_kem)
    n1: 1968 0x6259783: ??? (in /usr/lib/x86_64-linux-gnu/libcrypto.so.3)
     n1: 1968 0x5F0BEE7: __pthread_once_slow (pthread_once.c:116)
      n1: 1968 0x625E1EC: CRYPTO_THREAD_run_once (in /usr/lib/x86_64-linux-gnu/libcrypto.so.3)
       n1: 1968 0x625AEE2: OPENSSL_init_crypto (in /usr/lib/x86_64-linux-gnu/libcrypto.so.3)
        n1: 1968 0x6208686: ??? (in /usr/lib/x86_64-linux-gnu/libcrypto.so.3)
         n1: 1968 0x620904C: ERR_set_mark (in /usr/lib/x86_64-linux-gnu/libcrypto.so.3)
          n1: 1968 0x61B5451: CONF_modules_load_file_ex (in /usr/lib/x86_64-linux-gnu/libcrypto.so.3)
           n1: 1968 0x625A6EF: ??? (in /usr/lib/x86_64-linux-gnu/libcrypto.so.3)
            n1: 1968 0x5F0BEE7: __pthread_once_slow (pthread_once.c:116)
             n1: 1968 0x625E1EC: CRYPTO_THREAD_run_once (in /usr/lib/x86_64-linux-gnu/libcrypto.so.3)
              n1: 1968 0x625B155: OPENSSL_init_crypto (in /usr/lib/x86_64-linux-gnu/libcrypto.so.3)
               n1: 1968 0x63307AC: ??? (in /usr/lib/x86_64-linux-gnu/libcrypto.so.3)
                n1: 1968 0x62853A4: RAND_get_rand_method (in /usr/lib/x86_64-linux-gnu/libcrypto.so.3)
                 n1: 1968 0x6285EC9: RAND_status (in /usr/lib/x86_64-linux-gnu/libcrypto.so.3)
                  n1: 1968 0x5C962CF: OQS_randombytes_openssl (in /home/anss/random/bench/install/lib/liboqs.so.0.15.0)
                   n1: 1968 0x4906597: PQCLEAN_NTRUHPS2048677_AVX2_crypto_kem_keypair (in /home/anss/random/bench/install/lib/liboqs.so.0.15.0)
                    n0: 1968 0x1092FB: main (in /home/anss/random/bench/mem_kem)
    n1: 1776 0x62598CD: ??? (in /usr/lib/x86_64-linux-gnu/libcrypto.so.3)
     n1: 1776 0x5F0BEE7: __pthread_once_slow (pthread_once.c:116)
      n1: 1776 0x625E1EC: CRYPTO_THREAD_run_once (in /usr/lib/x86_64-linux-gnu/libcrypto.so.3)
       n1: 1776 0x625AEE2: OPENSSL_init_crypto (in /usr/lib/x86_64-linux-gnu/libcrypto.so.3)
        n1: 1776 0x6208686: ??? (in /usr/lib/x86_64-linux-gnu/libcrypto.so.3)
         n1: 1776 0x620904C: ERR_set_mark (in /usr/lib/x86_64-linux-gnu/libcrypto.so.3)
          n1: 1776 0x61B5451: CONF_modules_load_file_ex (in /usr/lib/x86_64-linux-gnu/libcrypto.so.3)
           n1: 1776 0x625A6EF: ??? (in /usr/lib/x86_64-linux-gnu/libcrypto.so.3)
            n1: 1776 0x5F0BEE7: __pthread_once_slow (pthread_once.c:116)
             n1: 1776 0x625E1EC: CRYPTO_THREAD_run_once (in /usr/lib/x86_64-linux-gnu/libcrypto.so.3)
              n1: 1776 0x625B155: OPENSSL_init_crypto (in /usr/lib/x86_64-linux-gnu/libcrypto.so.3)
               n1: 1776 0x63307AC: ??? (in /usr/lib/x86_64-linux-gnu/libcrypto.so.3)
                n1: 1776 0x62853A4: RAND_get_rand_method (in /usr/lib/x86_64-linux-gnu/libcrypto.so.3)
                 n1: 1776 0x6285EC9: RAND_status (in /usr/lib/x86_64-linux-gnu/libcrypto.so.3)
                  n1: 1776 0x5C962CF: OQS_randombytes_openssl (in /home/anss/random/bench/install/lib/liboqs.so.0.15.0)
                   n1: 1776 0x4906597: PQCLEAN_NTRUHPS2048677_AVX2_crypto_kem_keypair (in /home/anss/random/bench/install/lib/liboqs.so.0.15.0)
                    n0: 1776 0x1092FB: main (in /home/anss/random/bench/mem_kem)
    n1: 1632 0x625989A: ??? (in /usr/lib/x86_64-linux-gnu/libcrypto.so.3)
     n1: 1632 0x5F0BEE7: __pthread_once_slow (pthread_once.c:116)
      n1: 1632 0x625E1EC: CRYPTO_THREAD_run_once (in /usr/lib/x86_64-linux-gnu/libcrypto.so.3)
       n1: 1632 0x625AEE2: OPENSSL_init_crypto (in /usr/lib/x86_64-linux-gnu/libcrypto.so.3)
        n1: 1632 0x6208686: ??? (in /usr/lib/x86_64-linux-gnu/libcrypto.so.3)
         n1: 1632 0x620904C: ERR_set_mark (in /usr/lib/x86_64-linux-gnu/libcrypto.so.3)
          n1: 1632 0x61B5451: CONF_modules_load_file_ex (in /usr/lib/x86_64-linux-gnu/libcrypto.so.3)
           n1: 1632 0x625A6EF: ??? (in /usr/lib/x86_64-linux-gnu/libcrypto.so.3)
            n1: 1632 0x5F0BEE7: __pthread_once_slow (pthread_once.c:116)
             n1: 1632 0x625E1EC: CRYPTO_THREAD_run_once (in /usr/lib/x86_64-linux-gnu/libcrypto.so.3)
              n1: 1632 0x625B155: OPENSSL_init_crypto (in /usr/lib/x86_64-linux-gnu/libcrypto.so.3)
               n1: 1632 0x63307AC: ??? (in /usr/lib/x86_64-linux-gnu/libcrypto.so.3)
                n1: 1632 0x62853A4: RAND_get_rand_method (in /usr/lib/x86_64-linux-gnu/libcrypto.so.3)
                 n1: 1632 0x6285EC9: RAND_status (in /usr/lib/x86_64-linux-gnu/libcrypto.so.3)
                  n1: 1632 0x5C962CF: OQS_randombytes_openssl (in /home/anss/random/bench/install/lib/liboqs.so.0.15.0)
                   n1: 1632 0x4906597: PQCLEAN_NTRUHPS2048677_AVX2_crypto_kem_keypair (in /home/anss/random/bench/install/lib/liboqs.so.0.15.0)
                    n0: 1632 0x1092FB: main (in /home/anss/random/bench/mem_kem)
   n0: 1968 in 2 places, all below massif's threshold (1.00%)
  n2: 5424 0x626961A: OBJ_NAME_add (in /usr/lib/x86_64-linux-gnu/libcrypto.so.3)
   n1: 3264 0x623BB24: EVP_add_cipher (in /usr/lib/x86_64-linux-gnu/libcrypto.so.3)
    n0: 3264 in 136 places, all below massif's threshold (1.00%)
   n0: 2160 in 56 places, all below massif's threshold (1.00%)
  n2: 4512 0x62559E2: ??? (in /usr/lib/x86_64-linux-gnu/libcrypto.so.3)
   n2: 2328 0x62522C7: ??? (in /usr/lib/x86_64-linux-gnu/libcrypto.so.3)
    n1: 2184 0x62523A9: ??? (in /usr/lib/x86_64-linux-gnu/libcrypto.so.3)
     n1: 2184 0x6248926: OPENSSL_LH_doall_arg (in /usr/lib/x86_64-linux-gnu/libcrypto.so.3)
      n2: 2184 0x626985A: OBJ_NAME_do_all (in /usr/lib/x86_64-linux-gnu/libcrypto.so.3)
       n1: 1968 0x6251FC9: ??? (in /usr/lib/x86_64-linux-gnu/libcrypto.so.3)
        n1: 1968 0x6330F6B: ??? (in /usr/lib/x86_64-linux-gnu/libcrypto.so.3)
         n1: 1968 0x62336C2: EVP_RAND_fetch (in /usr/lib/x86_64-linux-gnu/libcrypto.so.3)
          n1: 1968 0x6285CDB: RAND_get0_primary (in /usr/lib/x86_64-linux-gnu/libcrypto.so.3)
           n1: 1968 0x6285EF6: RAND_status (in /usr/lib/x86_64-linux-gnu/libcrypto.so.3)
            n1: 1968 0x5C962CF: OQS_randombytes_openssl (in /home/anss/random/bench/install/lib/liboqs.so.0.15.0)
             n1: 1968 0x4906597: PQCLEAN_NTRUHPS2048677_AVX2_crypto_kem_keypair (in /home/anss/random/bench/install/lib/liboqs.so.0.15.0)
              n0: 1968 0x1092FB: main (in /home/anss/random/bench/mem_kem)
       n0: 216 in 1 place, below massif's threshold (1.00%)
    n0: 144 in 1 place, below massif's threshold (1.00%)
   n1: 2184 0x6252460: ??? (in /usr/lib/x86_64-linux-gnu/libcrypto.so.3)
    n1: 2184 0x6248926: OPENSSL_LH_doall_arg (in /usr/lib/x86_64-linux-gnu/libcrypto.so.3)
     n2: 2184 0x626985A: OBJ_NAME_do_all (in /usr/lib/x86_64-linux-gnu/libcrypto.so.3)
      n1: 1968 0x6251FC9: ??? (in /usr/lib/x86_64-linux-gnu/libcrypto.so.3)
       n1: 1968 0x6330F6B: ??? (in /usr/lib/x86_64-linux-gnu/libcrypto.so.3)
        n1: 1968 0x62336C2: EVP_RAND_fetch (in /usr/lib/x86_64-linux-gnu/libcrypto.so.3)
         n1: 1968 0x6285CDB: RAND_get0_primary (in /usr/lib/x86_64-linux-gnu/libcrypto.so.3)
          n1: 1968 0x6285EF6: RAND_status (in /usr/lib/x86_64-linux-gnu/libcrypto.so.3)
           n1: 1968 0x5C962CF: OQS_randombytes_openssl (in /home/anss/random/bench/install/lib/liboqs.so.0.15.0)
            n1: 1968 0x4906597: PQCLEAN_NTRUHPS2048677_AVX2_crypto_kem_keypair (in /home/anss/random/bench/install/lib/liboqs.so.0.15.0)
             n0: 1968 0x1092FB: main (in /home/anss/random/bench/mem_kem)
      n0: 216 in 1 place, below massif's threshold (1.00%)
  n0: 192 in 3 places, all below massif's threshold (1.00%)
 n2: 10240 0x62485D3: OPENSSL_LH_insert (in /usr/lib/x86_64-linux-gnu/libcrypto.so.3)
  n2: 8192 0x6339B72: ??? (in /usr/lib/x86_64-linux-gnu/libcrypto.so.3)
   n2: 8192 0x6206BEF: ERR_load_strings_const (in /usr/lib/x86_64-linux-gnu/libcrypto.so.3)
    n1: 8192 0x62598DE: ??? (in /usr/lib/x86_64-linux-gnu/libcrypto.so.3)
     n1: 8192 0x5F0BEE7: __pthread_once_slow (pthread_once.c:116)
      n1: 8192 0x625E1EC: CRYPTO_THREAD_run_once (in /usr/lib/x86_64-linux-gnu/libcrypto.so.3)
       n1: 8192 0x625AEE2: OPENSSL_init_crypto (in /usr/lib/x86_64-linux-gnu/libcrypto.so.3)
        n1: 8192 0x6208686: ??? (in /usr/lib/x86_64-linux-gnu/libcrypto.so.3)
         n1: 8192 0x620904C: ERR_set_mark (in /usr/lib/x86_64-linux-gnu/libcrypto.so.3)
          n1: 8192 0x61B5451: CONF_modules_load_file_ex (in /usr/lib/x86_64-linux-gnu/libcrypto.so.3)
           n1: 8192 0x625A6EF: ??? (in /usr/lib/x86_64-linux-gnu/libcrypto.so.3)
            n1: 8192 0x5F0BEE7: __pthread_once_slow (pthread_once.c:116)
             n1: 8192 0x625E1EC: CRYPTO_THREAD_run_once (in /usr/lib/x86_64-linux-gnu/libcrypto.so.3)
              n1: 8192 0x625B155: OPENSSL_init_crypto (in /usr/lib/x86_64-linux-gnu/libcrypto.so.3)
               n1: 8192 0x63307AC: ??? (in /usr/lib/x86_64-linux-gnu/libcrypto.so.3)
                n1: 8192 0x62853A4: RAND_get_rand_method (in /usr/lib/x86_64-linux-gnu/libcrypto.so.3)
                 n1: 8192 0x6285EC9: RAND_status (in /usr/lib/x86_64-linux-gnu/libcrypto.so.3)
                  n1: 8192 0x5C962CF: OQS_randombytes_openssl (in /home/anss/random/bench/install/lib/liboqs.so.0.15.0)
                   n1: 8192 0x4906597: PQCLEAN_NTRUHPS2048677_AVX2_crypto_kem_keypair (in /home/anss/random/bench/install/lib/liboqs.so.0.15.0)
                    n0: 8192 0x1092FB: main (in /home/anss/random/bench/mem_kem)
    n0: 0 in 3 places, all below massif's threshold (1.00%)
   n0: 0 in 2 places, all below massif's threshold (1.00%)
  n0: 2048 in 3 places, all below massif's threshold (1.00%)
 n3: 8248 0x6252C3D: CRYPTO_zalloc (in /usr/lib/x86_64-linux-gnu/libcrypto.so.3)
  n0: 3392 in 18 places, all below massif's threshold (1.00%)
  n2: 3008 0x62559A6: ??? (in /usr/lib/x86_64-linux-gnu/libcrypto.so.3)
   n2: 1552 0x62522C7: ??? (in /usr/lib/x86_64-linux-gnu/libcrypto.so.3)
    n1: 1456 0x62523A9: ??? (in /usr/lib/x86_64-linux-gnu/libcrypto.so.3)
     n1: 1456 0x6248926: OPENSSL_LH_doall_arg (in /usr/lib/x86_64-linux-gnu/libcrypto.so.3)
      n2: 1456 0x626985A: OBJ_NAME_do_all (in /usr/lib/x86_64-linux-gnu/libcrypto.so.3)
       n1: 1312 0x6251FC9: ??? (in /usr/lib/x86_64-linux-gnu/libcrypto.so.3)
        n1: 1312 0x6330F6B: ??? (in /usr/lib/x86_64-linux-gnu/libcrypto.so.3)
         n1: 1312 0x62336C2: EVP_RAND_fetch (in /usr/lib/x86_64-linux-gnu/libcrypto.so.3)
          n1: 1312 0x6285CDB: RAND_get0_primary (in /usr/lib/x86_64-linux-gnu/libcrypto.so.3)
           n1: 1312 0x6285EF6: RAND_status (in /usr/lib/x86_64-linux-gnu/libcrypto.so.3)
            n1: 1312 0x5C962CF: OQS_randombytes_openssl (in /home/anss/random/bench/install/lib/liboqs.so.0.15.0)
             n1: 1312 0x4906597: PQCLEAN_NTRUHPS2048677_AVX2_crypto_kem_keypair (in /home/anss/random/bench/install/lib/liboqs.so.0.15.0)
              n0: 1312 0x1092FB: main (in /home/anss/random/bench/mem_kem)
       n0: 144 in 1 place, below massif's threshold (1.00%)
    n0: 96 in 1 place, below massif's threshold (1.00%)
   n1: 1456 0x6252460: ??? (in /usr/lib/x86_64-linux-gnu/libcrypto.so.3)
    n1: 1456 0x6248926: OPENSSL_LH_doall_arg (in /usr/lib/x86_64-linux-gnu/libcrypto.so.3)
     n2: 1456 0x626985A: OBJ_NAME_do_all (in /usr/lib/x86_64-linux-gnu/libcrypto.so.3)
      n1: 1312 0x6251FC9: ??? (in /usr/lib/x86_64-linux-gnu/libcrypto.so.3)
       n1: 1312 0x6330F6B: ??? (in /usr/lib/x86_64-linux-gnu/libcrypto.so.3)
        n1: 1312 0x62336C2: EVP_RAND_fetch (in /usr/lib/x86_64-linux-gnu/libcrypto.so.3)
         n1: 1312 0x6285CDB: RAND_get0_primary (in /usr/lib/x86_64-linux-gnu/libcrypto.so.3)
          n1: 1312 0x6285EF6: RAND_status (in /usr/lib/x86_64-linux-gnu/libcrypto.so.3)
           n1: 1312 0x5C962CF: OQS_randombytes_openssl (in /home/anss/random/bench/install/lib/liboqs.so.0.15.0)
            n1: 1312 0x4906597: PQCLEAN_NTRUHPS2048677_AVX2_crypto_kem_keypair (in /home/anss/random/bench/install/lib/liboqs.so.0.15.0)
             n0: 1312 0x1092FB: main (in /home/anss/random/bench/mem_kem)
      n0: 144 in 1 place, below massif's threshold (1.00%)
  n1: 1848 0x625E073: CRYPTO_THREAD_lock_new (in /usr/lib/x86_64-linux-gnu/libcrypto.so.3)
   n0: 1848 in 16 places, all below massif's threshold (1.00%)
 n1: 5424 0x62695D8: OBJ_NAME_add (in /usr/lib/x86_64-linux-gnu/libcrypto.so.3)
  n0: 5424 in 208 places, all below massif's threshold (1.00%)
 n2: 3177 0x6253C72: CRYPTO_strndup (in /usr/lib/x86_64-linux-gnu/libcrypto.so.3)
  n2: 3168 0x62559C1: ??? (in /usr/lib/x86_64-linux-gnu/libcrypto.so.3)
   n1: 1960 0x6252460: ??? (in /usr/lib/x86_64-linux-gnu/libcrypto.so.3)
    n1: 1960 0x6248926: OPENSSL_LH_doall_arg (in /usr/lib/x86_64-linux-gnu/libcrypto.so.3)
     n2: 1960 0x626985A: OBJ_NAME_do_all (in /usr/lib/x86_64-linux-gnu/libcrypto.so.3)
      n1: 1756 0x6251FC9: ??? (in /usr/lib/x86_64-linux-gnu/libcrypto.so.3)
       n1: 1756 0x6330F6B: ??? (in /usr/lib/x86_64-linux-gnu/libcrypto.so.3)
        n1: 1756 0x62336C2: EVP_RAND_fetch (in /usr/lib/x86_64-linux-gnu/libcrypto.so.3)
         n1: 1756 0x6285CDB: RAND_get0_primary (in /usr/lib/x86_64-linux-gnu/libcrypto.so.3)
          n1: 1756 0x6285EF6: RAND_status (in /usr/lib/x86_64-linux-gnu/libcrypto.so.3)
           n1: 1756 0x5C962CF: OQS_randombytes_openssl (in /home/anss/random/bench/install/lib/liboqs.so.0.15.0)
            n1: 1756 0x4906597: PQCLEAN_NTRUHPS2048677_AVX2_crypto_kem_keypair (in /home/anss/random/bench/install/lib/liboqs.so.0.15.0)
             n0: 1756 0x1092FB: main (in /home/anss/random/bench/mem_kem)
      n0: 204 in 1 place, below massif's threshold (1.00%)
   n1: 1208 0x62522C7: ??? (in /usr/lib/x86_64-linux-gnu/libcrypto.so.3)
    n0: 1208 in 2 places, all below massif's threshold (1.00%)
  n0: 9 in 1 place, below massif's threshold (1.00%)
 n0: 2849 in 20 places, all below massif's threshold (1.00%)
 n0: 1234 0x109277: main (in /home/anss/random/bench/mem_kem)
#-----------
snapshot=26
#-----------
time=5267966
mem_heap_B=76119
mem_heap_extra_B=39697
mem_stacks_B=0
heap_tree=empty
#-----------
snapshot=27
#-----------
time=5467505
mem_heap_B=76461
mem_heap_extra_B=39931
mem_stacks_B=0
heap_tree=empty
#-----------
snapshot=28
#-----------
time=5611583
mem_heap_B=77179
mem_heap_extra_B=40469
mem_stacks_B=0
heap_tree=empty
#-----------
snapshot=29
#-----------
time=5773902
mem_heap_B=147408
mem_heap_extra_B=42088
mem_stacks_B=0
heap_tree=empty
#-----------
snapshot=30
#-----------
time=5892821
mem_heap_B=186504
mem_heap_extra_B=42952
mem_stacks_B=0
heap_tree=detailed
n6: 186504 (heap allocation functions) malloc/new/new[], --alloc-fns, etc.
 n5: 112960 0x6252C3D: CRYPTO_zalloc (in /usr/lib/x86_64-linux-gnu/libcrypto.so.3)
  n1: 65536 0x625DF52: ??? (in /usr/lib/x86_64-linux-gnu/libcrypto.so.3)
   n1: 65536 0x6284365: ??? (in /usr/lib/x86_64-linux-gnu/libcrypto.so.3)
    n1: 65536 0x6227DB9: ??? (in /usr/lib/x86_64-linux-gnu/libcrypto.so.3)
     n1: 65536 0x6247CFB: ??? (in /usr/lib/x86_64-linux-gnu/libcrypto.so.3)
      n1: 65536 0x6247BBB: ??? (in /usr/lib/x86_64-linux-gnu/libcrypto.so.3)
       n1: 65536 0x62672DA: ??? (in /usr/lib/x86_64-linux-gnu/libcrypto.so.3)
        n1: 65536 0x63309E7: ??? (in /usr/lib/x86_64-linux-gnu/libcrypto.so.3)
         n1: 65536 0x633103D: ??? (in /usr/lib/x86_64-linux-gnu/libcrypto.so.3)
          n1: 65536 0x62336C2: EVP_RAND_fetch (in /usr/lib/x86_64-linux-gnu/libcrypto.so.3)
           n1: 65536 0x6285CDB: RAND_get0_primary (in /usr/lib/x86_64-linux-gnu/libcrypto.so.3)
            n1: 65536 0x6285EF6: RAND_status (in /usr/lib/x86_64-linux-gnu/libcrypto.so.3)
             n1: 65536 0x5C962CF: OQS_randombytes_openssl (in /home/anss/random/bench/install/lib/liboqs.so.0.15.0)
              n1: 65536 0x4906597: PQCLEAN_NTRUHPS2048677_AVX2_crypto_kem_keypair (in /home/anss/random/bench/install/lib/liboqs.so.0.15.0)
               n0: 65536 0x1092FB: main (in /home/anss/random/bench/mem_kem)
  n1: 32768 0x625DFC4: ??? (in /usr/lib/x86_64-linux-gnu/libcrypto.so.3)
   n1: 32768 0x6284365: ??? (in /usr/lib/x86_64-linux-gnu/libcrypto.so.3)
    n1: 32768 0x6227DB9: ??? (in /usr/lib/x86_64-linux-gnu/libcrypto.so.3)
     n1: 32768 0x6247CFB: ??? (in /usr/lib/x86_64-linux-gnu/libcrypto.so.3)
      n1: 32768 0x6247BBB: ??? (in /usr/lib/x86_64-linux-gnu/libcrypto.so.3)
       n1: 32768 0x62672DA: ??? (in /usr/lib/x86_64-linux-gnu/libcrypto.so.3)
        n1: 32768 0x63309E7: ??? (in /usr/lib/x86_64-linux-gnu/libcrypto.so.3)
         n1: 32768 0x633103D: ??? (in /usr/lib/x86_64-linux-gnu/libcrypto.so.3)
          n1: 32768 0x62336C2: EVP_RAND_fetch (in /usr/lib/x86_64-linux-gnu/libcrypto.so.3)
           n1: 32768 0x6285CDB: RAND_get0_primary (in /usr/lib/x86_64-linux-gnu/libcrypto.so.3)
            n1: 32768 0x6285EF6: RAND_status (in /usr/lib/x86_64-linux-gnu/libcrypto.so.3)
             n1: 32768 0x5C962CF: OQS_randombytes_openssl (in /home/anss/random/bench/install/lib/liboqs.so.0.15.0)
              n1: 32768 0x4906597: PQCLEAN_NTRUHPS2048677_AVX2_crypto_kem_keypair (in /home/anss/random/bench/install/lib/liboqs.so.0.15.0)
               n0: 32768 0x1092FB: main (in /home/anss/random/bench/mem_kem)
  n0: 7976 in 30 places, all below massif's threshold (1.00%)
  n1: 4160 0x62559A6: ??? (in /usr/lib/x86_64-linux-gnu/libcrypto.so.3)
   n0: 4160 in 3 places, all below massif's threshold (1.00%)
  n1: 2520 0x625E073: CRYPTO_THREAD_lock_new (in /usr/lib/x86_64-linux-gnu/libcrypto.so.3)
   n0: 2520 in 23 places, all below massif's threshold (1.00%)
 n4: 45864 0x6248625: OPENSSL_LH_insert (in /usr/lib/x86_64-linux-gnu/libcrypto.so.3)
  n2: 33912 0x6339B72: ??? (in /usr/lib/x86_64-linux-gnu/libcrypto.so.3)
   n5: 31944 0x6206BEF: ERR_load_strings_const (in /usr/lib/x86_64-linux-gnu/libcrypto.so.3)
    n0: 21312 in 29 places, all below massif's threshold (1.00%)
    n1: 2952 0x625972B: ??? (in /usr/lib/x86_64-linux-gnu/libcrypto.so.3)
     n1: 2952 0x5F0BEE7: __pthread_once_slow (pthread_once.c:116)
      n1: 2952 0x625E1EC: CRYPTO_THREAD_run_once (in /usr/lib/x86_64-linux-gnu/libcrypto.so.3)
       n1: 2952 0x625AEE2: OPENSSL_init_crypto (in /usr/lib/x86_64-linux-gnu/libcrypto.so.3)
        n1: 2952 0x6208686: ??? (in /usr/lib/x86_64-linux-gnu/libcrypto.so.3)
         n1: 2952 0x620904C: ERR_set_mark (in /usr/lib/x86_64-linux-gnu/libcrypto.so.3)
          n1: 2952 0x61B5451: CONF_modules_load_file_ex (in /usr/lib/x86_64-linux-gnu/libcrypto.so.3)
           n1: 2952 0x625A6EF: ??? (in /usr/lib/x86_64-linux-gnu/libcrypto.so.3)
            n1: 2952 0x5F0BEE7: __pthread_once_slow (pthread_once.c:116)
             n1: 2952 0x625E1EC: CRYPTO_THREAD_run_once (in /usr/lib/x86_64-linux-gnu/libcrypto.so.3)
              n1: 2952 0x625B155: OPENSSL_init_crypto (in /usr/lib/x86_64-linux-gnu/libcrypto.so.3)
               n1: 2952 0x63307AC: ??? (in /usr/lib/x86_64-linux-gnu/libcrypto.so.3)
                n1: 2952 0x62853A4: RAND_get_rand_method (in /usr/lib/x86_64-linux-gnu/libcrypto.so.3)
                 n1: 2952 0x6285EC9: RAND_status (in /usr/lib/x86_64-linux-gnu/libcrypto.so.3)
                  n1: 2952 0x5C962CF: OQS_randombytes_openssl (in /home/anss/random/bench/install/lib/liboqs.so.0.15.0)
                   n1: 2952 0x4906597: PQCLEAN_NTRUHPS2048677_AVX2_crypto_kem_keypair (in /home/anss/random/bench/install/lib/liboqs.so.0.15.0)
                    n0: 2952 0x1092FB: main (in /home/anss/random/bench/mem_kem)
    n1: 2760 0x6259801: ??? (in /usr/lib/x86_64-linux-gnu/libcrypto.so.3)
     n1: 2760 0x5F0BEE7: __pthread_once_slow (pthread_once.c:116)
      n1: 2760 0x625E1EC: CRYPTO_THREAD_run_once (in /usr/lib/x86_64-linux-gnu/libcrypto.so.3)
       n1: 2760 0x625AEE2: OPENSSL_init_crypto (in /usr/lib/x86_64-linux-gnu/libcrypto.so.3)
        n1: 2760 0x6208686: ??? (in /usr/lib/x86_64-linux-gnu/libcrypto.so.3)
         n1: 2760 0x620904C: ERR_set_mark (in /usr/lib/x86_64-linux-gnu/libcrypto.so.3)
          n1: 2760 0x61B5451: CONF_modules_load_file_ex (in /usr/lib/x86_64-linux-gnu/libcrypto.so.3)
           n1: 2760 0x625A6EF: ??? (in /usr/lib/x86_64-linux-gnu/libcrypto.so.3)
            n1: 2760 0x5F0BEE7: __pthread_once_slow (pthread_once.c:116)
             n1: 2760 0x625E1EC: CRYPTO_THREAD_run_once (in /usr/lib/x86_64-linux-gnu/libcrypto.so.3)
              n1: 2760 0x625B155: OPENSSL_init_crypto (in /usr/lib/x86_64-linux-gnu/libcrypto.so.3)
               n1: 2760 0x63307AC: ??? (in /usr/lib/x86_64-linux-gnu/libcrypto.so.3)
                n1: 2760 0x62853A4: RAND_get_rand_method (in /usr/lib/x86_64-linux-gnu/libcrypto.so.3)
                 n1: 2760 0x6285EC9: RAND_status (in /usr/lib/x86_64-linux-gnu/libcrypto.so.3)
                  n1: 2760 0x5C962CF: OQS_randombytes_openssl (in /home/anss/random/bench/install/lib/liboqs.so.0.15.0)
                   n1: 2760 0x4906597: PQCLEAN_NTRUHPS2048677_AVX2_crypto_kem_keypair (in /home/anss/random/bench/install/lib/liboqs.so.0.15.0)
                    n0: 2760 0x1092FB: main (in /home/anss/random/bench/mem_kem)
    n1: 2616 0x625979B: ??? (in /usr/lib/x86_64-linux-gnu/libcrypto.so.3)
     n1: 2616 0x5F0BEE7: __pthread_once_slow (pthread_once.c:116)
      n1: 2616 0x625E1EC: CRYPTO_THREAD_run_once (in /usr/lib/x86_64-linux-gnu/libcrypto.so.3)
       n1: 2616 0x625AEE2: OPENSSL_init_crypto (in /usr/lib/x86_64-linux-gnu/libcrypto.so.3)
        n1: 2616 0x6208686: ??? (in /usr/lib/x86_64-linux-gnu/libcrypto.so.3)
         n1: 2616 0x620904C: ERR_set_mark (in /usr/lib/x86_64-linux-gnu/libcrypto.so.3)
          n1: 2616 0x61B5451: CONF_modules_load_file_ex (in /usr/lib/x86_64-linux-gnu/libcrypto.so.3)
           n1: 2616 0x625A6EF: ??? (in /usr/lib/x86_64-linux-gnu/libcrypto.so.3)
            n1: 2616 0x5F0BEE7: __pthread_once_slow (pthread_once.c:116)
             n1: 2616 0x625E1EC: CRYPTO_THREAD_run_once (in /usr/lib/x86_64-linux-gnu/libcrypto.so.3)
              n1: 2616 0x625B155: OPENSSL_init_crypto (in /usr/lib/x86_64-linux-gnu/libcrypto.so.3)
               n1: 2616 0x63307AC: ??? (in /usr/lib/x86_64-linux-gnu/libcrypto.so.3)
                n1: 2616 0x62853A4: RAND_get_rand_method (in /usr/lib/x86_64-linux-gnu/libcrypto.so.3)
                 n1: 2616 0x6285EC9: RAND_status (in /usr/lib/x86_64-linux-gnu/libcrypto.so.3)
                  n1: 2616 0x5C962CF: OQS_randombytes_openssl (in /home/anss/random/bench/install/lib/liboqs.so.0.15.0)
                   n1: 2616 0x4906597: PQCLEAN_NTRUHPS2048677_AVX2_crypto_kem_keypair (in /home/anss/random/bench/install/lib/liboqs.so.0.15.0)
                    n0: 2616 0x1092FB: main (in /home/anss/random/bench/mem_kem)
    n1: 2304 0x6259845: ??? (in /usr/lib/x86_64-linux-gnu/libcrypto.so.3)
     n1: 2304 0x5F0BEE7: __pthread_once_slow (pthread_once.c:116)
      n1: 2304 0x625E1EC: CRYPTO_THREAD_run_once (in /usr/lib/x86_64-linux-gnu/libcrypto.so.3)
       n1: 2304 0x625AEE2: OPENSSL_init_crypto (in /usr/lib/x86_64-linux-gnu/libcrypto.so.3)
        n1: 2304 0x6208686: ??? (in /usr/lib/x86_64-linux-gnu/libcrypto.so.3)
         n1: 2304 0x620904C: ERR_set_mark (in /usr/lib/x86_64-linux-gnu/libcrypto.so.3)
          n1: 2304 0x61B5451: CONF_modules_load_file_ex (in /usr/lib/x86_64-linux-gnu/libcrypto.so.3)
           n1: 2304 0x625A6EF: ??? (in /usr/lib/x86_64-linux-gnu/libcrypto.so.3)
            n1: 2304 0x5F0BEE7: __pthread_once_slow (pthread_once.c:116)
             n1: 2304 0x625E1EC: CRYPTO_THREAD_run_once (in /usr/lib/x86_64-linux-gnu/libcrypto.so.3)
              n1: 2304 0x625B155: OPENSSL_init_crypto (in /usr/lib/x86_64-linux-gnu/libcrypto.so.3)
               n1: 2304 0x63307AC: ??? (in /usr/lib/x86_64-linux-gnu/libcrypto.so.3)
                n1: 2304 0x62853A4: RAND_get_rand_method (in /usr/lib/x86_64-linux-gnu/libcrypto.so.3)
                 n1: 2304 0x6285EC9: RAND_status (in /usr/lib/x86_64-linux-gnu/libcrypto.so.3)
                  n1: 2304 0x5C962CF: OQS_randombytes_openssl (in /home/anss/random/bench/install/lib/liboqs.so.0.15.0)
                   n1: 2304 0x4906597: PQCLEAN_NTRUHPS2048677_AVX2_crypto_kem_keypair (in /home/anss/random/bench/install/lib/liboqs.so.0.15.0)
                    n0: 2304 0x1092FB: main (in /home/anss/random/bench/mem_kem)
   n0: 1968 in 2 places, all below massif's threshold (1.00%)
  n3: 6240 0x62559E2: ??? (in /usr/lib/x86_64-linux-gnu/libcrypto.so.3)
   n2: 3264 0x62522C7: ??? (in /usr/lib/x86_64-linux-gnu/libcrypto.so.3)
    n2: 2808 0x62523A9: ??? (in /usr/lib/x86_64-linux-gnu/libcrypto.so.3)
     n1: 2472 0x6248926: OPENSSL_LH_doall_arg (in /usr/lib/x86_64-linux-gnu/libcrypto.so.3)
      n1: 2472 0x626985A: OBJ_NAME_do_all (in /usr/lib/x86_64-linux-gnu/libcrypto.so.3)
       n0: 2472 in 2 places, all below massif's threshold (1.00%)
     n0: 336 in 4 places, all below massif's threshold (1.00%)
    n0: 456 in 5 places, all below massif's threshold (1.00%)
   n2: 2832 0x6252460: ??? (in /usr/lib/x86_64-linux-gnu/libcrypto.so.3)
    n1: 2448 0x6248926: OPENSSL_LH_doall_arg (in /usr/lib/x86_64-linux-gnu/libcrypto.so.3)
     n1: 2448 0x626985A: OBJ_NAME_do_all (in /usr/lib/x86_64-linux-gnu/libcrypto.so.3)
      n0: 2448 in 2 places, all below massif's threshold (1.00%)
    n0: 384 in 4 places, all below massif's threshold (1.00%)
   n0: 144 in 1 place, below massif's threshold (1.00%)
  n2: 5424 0x626961A: OBJ_NAME_add (in /usr/lib/x86_64-linux-gnu/libcrypto.so.3)
   n1: 3264 0x623BB24: EVP_add_cipher (in /usr/lib/x86_64-linux-gnu/libcrypto.so.3)
    n0: 3264 in 136 places, all below massif's threshold (1.00%)
   n0: 2160 in 56 places, all below massif's threshold (1.00%)
  n0: 288 in 5 places, all below massif's threshold (1.00%)
 n2: 11264 0x62485D3: OPENSSL_LH_insert (in /usr/lib/x86_64-linux-gnu/libcrypto.so.3)
  n2: 8192 0x6339B72: ??? (in /usr/lib/x86_64-linux-gnu/libcrypto.so.3)
   n2: 8192 0x6206BEF: ERR_load_strings_const (in /usr/lib/x86_64-linux-gnu/libcrypto.so.3)
    n1: 8192 0x62598DE: ??? (in /usr/lib/x86_64-linux-gnu/libcrypto.so.3)
     n1: 8192 0x5F0BEE7: __pthread_once_slow (pthread_once.c:116)
      n1: 8192 0x625E1EC: CRYPTO_THREAD_run_once (in /usr/lib/x86_64-linux-gnu/libcrypto.so.3)
       n1: 8192 0x625AEE2: OPENSSL_init_crypto (in /usr/lib/x86_64-linux-gnu/libcrypto.so.3)
        n1: 8192 0x6208686: ??? (in /usr/lib/x86_64-linux-gnu/libcrypto.so.3)
         n1: 8192 0x620904C: ERR_set_mark (in /usr/lib/x86_64-linux-gnu/libcrypto.so.3)
          n1: 8192 0x61B5451: CONF_modules_load_file_ex (in /usr/lib/x86_64-linux-gnu/libcrypto.so.3)
           n1: 8192 0x625A6EF: ??? (in /usr/lib/x86_64-linux-gnu/libcrypto.so.3)
            n1: 8192 0x5F0BEE7: __pthread_once_slow (pthread_once.c:116)
             n1: 8192 0x625E1EC: CRYPTO_THREAD_run_once (in /usr/lib/x86_64-linux-gnu/libcrypto.so.3)
              n1: 8192 0x625B155: OPENSSL_init_crypto (in /usr/lib/x86_64-linux-gnu/libcrypto.so.3)
               n1: 8192 0x63307AC: ??? (in /usr/lib/x86_64-linux-gnu/libcrypto.so.3)
                n1: 8192 0x62853A4: RAND_get_rand_method (in /usr/lib/x86_64-linux-gnu/libcrypto.so.3)
                 n1: 8192 0x6285EC9: RAND_status (in /usr/lib/x86_64-linux-gnu/libcrypto.so.3)
                  n1: 8192 0x5C962CF: OQS_randombytes_openssl (in /home/anss/random/bench/install/lib/liboqs.so.0.15.0)
                   n1: 8192 0x4906597: PQCLEAN_NTRUHPS2048677_AVX2_crypto_kem_keypair (in /home/anss/random/bench/install/lib/liboqs.so.0.15.0)
                    n0: 8192 0x1092FB: main (in /home/anss/random/bench/mem_kem)
    n0: 0 in 3 places, all below massif's threshold (1.00%)
   n0: 0 in 2 places, all below massif's threshold (1.00%)
  n0: 3072 in 3 places, all below massif's threshold (1.00%)
 n0: 6870 in 32 places, all below massif's threshold (1.00%)
 n1: 5424 0x62695D8: OBJ_NAME_add (in /usr/lib/x86_64-linux-gnu/libcrypto.so.3)
  n0: 5424 in 208 places, all below massif's threshold (1.00%)
 n2: 4122 0x6253C72: CRYPTO_strndup (in /usr/lib/x86_64-linux-gnu/libcrypto.so.3)
  n2: 4062 0x62559C1: ??? (in /usr/lib/x86_64-linux-gnu/libcrypto.so.3)
   n1: 2446 0x6252460: ??? (in /usr/lib/x86_64-linux-gnu/libcrypto.so.3)
    n0: 2446 in 5 places, all below massif's threshold (1.00%)
   n0: 1616 in 2 places, all below massif's threshold (1.00%)
  n0: 60 in 3 places, all below massif's threshold (1.00%)
#-----------
snapshot=31
#-----------
time=6076553
mem_heap_B=286236
mem_heap_extra_B=43492
mem_stacks_B=0
heap_tree=empty
#-----------
snapshot=32
#-----------
time=6239700
mem_heap_B=324570
mem_heap_extra_B=44366
mem_stacks_B=0
heap_tree=empty
#-----------
snapshot=33
#-----------
time=6468459
mem_heap_B=368586
mem_heap_extra_B=45782
mem_stacks_B=0
heap_tree=detailed
n6: 368586 (heap allocation functions) malloc/new/new[], --alloc-fns, etc.
 n6: 293216 0x6252C3D: CRYPTO_zalloc (in /usr/lib/x86_64-linux-gnu/libcrypto.so.3)
  n1: 196608 0x625DFC4: ??? (in /usr/lib/x86_64-linux-gnu/libcrypto.so.3)
   n1: 196608 0x6284365: ??? (in /usr/lib/x86_64-linux-gnu/libcrypto.so.3)
    n1: 196608 0x6227DB9: ??? (in /usr/lib/x86_64-linux-gnu/libcrypto.so.3)
     n1: 196608 0x6247CFB: ??? (in /usr/lib/x86_64-linux-gnu/libcrypto.so.3)
      n1: 196608 0x6247BBB: ??? (in /usr/lib/x86_64-linux-gnu/libcrypto.so.3)
       n1: 196608 0x62672DA: ??? (in /usr/lib/x86_64-linux-gnu/libcrypto.so.3)
        n1: 196608 0x63309E7: ??? (in /usr/lib/x86_64-linux-gnu/libcrypto.so.3)
         n2: 196608 0x633103D: ??? (in /usr/lib/x86_64-linux-gnu/libcrypto.so.3)
          n1: 163840 0x6228652: EVP_CIPHER_fetch (in /usr/lib/x86_64-linux-gnu/libcrypto.so.3)
           n1: 163840 0x631B6C4: ??? (in /usr/lib/x86_64-linux-gnu/libcrypto.so.3)
            n1: 163840 0x631BB22: ??? (in /usr/lib/x86_64-linux-gnu/libcrypto.so.3)
             n1: 163840 0x6233AD7: EVP_RAND_instantiate (in /usr/lib/x86_64-linux-gnu/libcrypto.so.3)
              n1: 163840 0x6285A91: ??? (in /usr/lib/x86_64-linux-gnu/libcrypto.so.3)
               n1: 163840 0x6285C2B: RAND_get0_primary (in /usr/lib/x86_64-linux-gnu/libcrypto.so.3)
                n1: 163840 0x6285EF6: RAND_status (in /usr/lib/x86_64-linux-gnu/libcrypto.so.3)
                 n1: 163840 0x5C962CF: OQS_randombytes_openssl (in /home/anss/random/bench/install/lib/liboqs.so.0.15.0)
                  n1: 163840 0x4906597: PQCLEAN_NTRUHPS2048677_AVX2_crypto_kem_keypair (in /home/anss/random/bench/install/lib/liboqs.so.0.15.0)
                   n0: 163840 0x1092FB: main (in /home/anss/random/bench/mem_kem)
          n1: 32768 0x62336C2: EVP_RAND_fetch (in /usr/lib/x86_64-linux-gnu/libcrypto.so.3)
           n1: 32768 0x6285CDB: RAND_get0_primary (in /usr/lib/x86_64-linux-gnu/libcrypto.so.3)
            n1: 32768 0x6285EF6: RAND_status (in /usr/lib/x86_64-linux-gnu/libcrypto.so.3)
             n1: 32768 0x5C962CF: OQS_randombytes_openssl (in /home/anss/random/bench/install/lib/liboqs.so.0.15.0)
              n1: 32768 0x4906597: PQCLEAN_NTRUHPS2048677_AVX2_crypto_kem_keypair (in /home/anss/random/bench/install/lib/liboqs.so.0.15.0)
               n0: 32768 0x1092FB: main (in /home/anss/random/bench/mem_kem)
  n1: 65536 0x625DF52: ??? (in /usr/lib/x86_64-linux-gnu/libcrypto.so.3)
   n1: 65536 0x6284365: ??? (in /usr/lib/x86_64-linux-gnu/libcrypto.so.3)
    n1: 65536 0x6227DB9: ??? (in /usr/lib/x86_64-linux-gnu/libcrypto.so.3)
     n1: 65536 0x6247CFB: ??? (in /usr/lib/x86_64-linux-gnu/libcrypto.so.3)
      n1: 65536 0x6247BBB: ??? (in /usr/lib/x86_64-linux-gnu/libcrypto.so.3)
       n1: 65536 0x62672DA: ??? (in /usr/lib/x86_64-linux-gnu/libcrypto.so.3)
        n1: 65536 0x63309E7: ??? (in /usr/lib/x86_64-linux-gnu/libcrypto.so.3)
         n1: 65536 0x633103D: ??? (in /usr/lib/x86_64-linux-gnu/libcrypto.so.3)
          n1: 65536 0x62336C2: EVP_RAND_fetch (in /usr/lib/x86_64-linux-gnu/libcrypto.so.3)
           n1: 65536 0x6285CDB: RAND_get0_primary (in /usr/lib/x86_64-linux-gnu/libcrypto.so.3)
            n1: 65536 0x6285EF6: RAND_status (in /usr/lib/x86_64-linux-gnu/libcrypto.so.3)
             n1: 65536 0x5C962CF: OQS_randombytes_openssl (in /home/anss/random/bench/install/lib/liboqs.so.0.15.0)
              n1: 65536 0x4906597: PQCLEAN_NTRUHPS2048677_AVX2_crypto_kem_keypair (in /home/anss/random/bench/install/lib/liboqs.so.0.15.0)
               n0: 65536 0x1092FB: main (in /home/anss/random/bench/mem_kem)
  n0: 14560 in 29 places, all below massif's threshold (1.00%)
  n1: 6144 0x622FE73: ??? (in /usr/lib/x86_64-linux-gnu/libcrypto.so.3)
   n1: 6144 0x623119D: ??? (in /usr/lib/x86_64-linux-gnu/libcrypto.so.3)
    n1: 6144 0x6227E59: ??? (in /usr/lib/x86_64-linux-gnu/libcrypto.so.3)
     n1: 6144 0x6247C98: ??? (in /usr/lib/x86_64-linux-gnu/libcrypto.so.3)
      n1: 6144 0x6247BBB: ??? (in /usr/lib/x86_64-linux-gnu/libcrypto.so.3)
       n1: 6144 0x62672DA: ??? (in /usr/lib/x86_64-linux-gnu/libcrypto.so.3)
        n1: 6144 0x63309E7: ??? (in /usr/lib/x86_64-linux-gnu/libcrypto.so.3)
         n1: 6144 0x633103D: ??? (in /usr/lib/x86_64-linux-gnu/libcrypto.so.3)
          n1: 6144 0x6228652: EVP_CIPHER_fetch (in /usr/lib/x86_64-linux-gnu/libcrypto.so.3)
           n1: 6144 0x631B6C4: ??? (in /usr/lib/x86_64-linux-gnu/libcrypto.so.3)
            n1: 6144 0x631BB22: ??? (in /usr/lib/x86_64-linux-gnu/libcrypto.so.3)
             n1: 6144 0x6233AD7: EVP_RAND_instantiate (in /usr/lib/x86_64-linux-gnu/libcrypto.so.3)
              n1: 6144 0x6285A91: ??? (in /usr/lib/x86_64-linux-gnu/libcrypto.so.3)
               n1: 6144 0x6285C2B: RAND_get0_primary (in /usr/lib/x86_64-linux-gnu/libcrypto.so.3)
                n1: 6144 0x6285EF6: RAND_status (in /usr/lib/x86_64-linux-gnu/libcrypto.so.3)
                 n1: 6144 0x5C962CF: OQS_randombytes_openssl (in /home/anss/random/bench/install/lib/liboqs.so.0.15.0)
                  n1: 6144 0x4906597: PQCLEAN_NTRUHPS2048677_AVX2_crypto_kem_keypair (in /home/anss/random/bench/install/lib/liboqs.so.0.15.0)
                   n0: 6144 0x1092FB: main (in /home/anss/random/bench/mem_kem)
  n2: 5984 0x62482DC: OPENSSL_LH_new (in /usr/lib/x86_64-linux-gnu/libcrypto.so.3)
   n1: 4928 0x628433F: ??? (in /usr/lib/x86_64-linux-gnu/libcrypto.so.3)
    n1: 4928 0x6227DB9: ??? (in /usr/lib/x86_64-linux-gnu/libcrypto.so.3)
     n1: 4928 0x6247CFB: ??? (in /usr/lib/x86_64-linux-gnu/libcrypto.so.3)
      n1: 4928 0x6247BBB: ??? (in /usr/lib/x86_64-linux-gnu/libcrypto.so.3)
       n1: 4928 0x62672DA: ??? (in /usr/lib/x86_64-linux-gnu/libcrypto.so.3)
        n1: 4928 0x63309E7: ??? (in /usr/lib/x86_64-linux-gnu/libcrypto.so.3)
         n1: 4928 0x633103D: ??? (in /usr/lib/x86_64-linux-gnu/libcrypto.so.3)
          n0: 4928 in 2 places, all below massif's threshold (1.00%)
   n0: 1056 in 7 places, all below massif's threshold (1.00%)
  n1: 4384 0x62559A6: ??? (in /usr/lib/x86_64-linux-gnu/libcrypto.so.3)
   n0: 4384 in 3 places, all below massif's threshold (1.00%)
 n4: 46200 0x6248625: OPENSSL_LH_insert (in /usr/lib/x86_64-linux-gnu/libcrypto.so.3)
  n2: 33912 0x6339B72: ??? (in /usr/lib/x86_64-linux-gnu/libcrypto.so.3)
   n1: 31944 0x6206BEF: ERR_load_strings_const (in /usr/lib/x86_64-linux-gnu/libcrypto.so.3)
    n0: 31944 in 33 places, all below massif's threshold (1.00%)
   n0: 1968 in 2 places, all below massif's threshold (1.00%)
  n1: 6576 0x62559E2: ??? (in /usr/lib/x86_64-linux-gnu/libcrypto.so.3)
   n0: 6576 in 3 places, all below massif's threshold (1.00%)
  n1: 5424 0x626961A: OBJ_NAME_add (in /usr/lib/x86_64-linux-gnu/libcrypto.so.3)
   n0: 5424 in 57 places, all below massif's threshold (1.00%)
  n0: 288 in 5 places, all below massif's threshold (1.00%)
 n2: 11264 0x62485D3: OPENSSL_LH_insert (in /usr/lib/x86_64-linux-gnu/libcrypto.so.3)
  n2: 8192 0x6339B72: ??? (in /usr/lib/x86_64-linux-gnu/libcrypto.so.3)
   n2: 8192 0x6206BEF: ERR_load_strings_const (in /usr/lib/x86_64-linux-gnu/libcrypto.so.3)
    n1: 8192 0x62598DE: ??? (in /usr/lib/x86_64-linux-gnu/libcrypto.so.3)
     n1: 8192 0x5F0BEE7: __pthread_once_slow (pthread_once.c:116)
      n1: 8192 0x625E1EC: CRYPTO_THREAD_run_once (in /usr/lib/x86_64-linux-gnu/libcrypto.so.3)
       n1: 8192 0x625AEE2: OPENSSL_init_crypto (in /usr/lib/x86_64-linux-gnu/libcrypto.so.3)
        n1: 8192 0x6208686: ??? (in /usr/lib/x86_64-linux-gnu/libcrypto.so.3)
         n1: 8192 0x620904C: ERR_set_mark (in /usr/lib/x86_64-linux-gnu/libcrypto.so.3)
          n1: 8192 0x61B5451: CONF_modules_load_file_ex (in /usr/lib/x86_64-linux-gnu/libcrypto.so.3)
           n1: 8192 0x625A6EF: ??? (in /usr/lib/x86_64-linux-gnu/libcrypto.so.3)
            n1: 8192 0x5F0BEE7: __pthread_once_slow (pthread_once.c:116)
             n1: 8192 0x625E1EC: CRYPTO_THREAD_run_once (in /usr/lib/x86_64-linux-gnu/libcrypto.so.3)
              n1: 8192 0x625B155: OPENSSL_init_crypto (in /usr/lib/x86_64-linux-gnu/libcrypto.so.3)
               n1: 8192 0x63307AC: ??? (in /usr/lib/x86_64-linux-gnu/libcrypto.so.3)
                n1: 8192 0x62853A4: RAND_get_rand_method (in /usr/lib/x86_64-linux-gnu/libcrypto.so.3)
                 n1: 8192 0x6285EC9: RAND_status (in /usr/lib/x86_64-linux-gnu/libcrypto.so.3)
                  n1: 8192 0x5C962CF: OQS_randombytes_openssl (in /home/anss/random/bench/install/lib/liboqs.so.0.15.0)
                   n1: 8192 0x4906597: PQCLEAN_NTRUHPS2048677_AVX2_crypto_kem_keypair (in /home/anss/random/bench/install/lib/liboqs.so.0.15.0)
                    n0: 8192 0x1092FB: main (in /home/anss/random/bench/mem_kem)
    n0: 0 in 3 places, all below massif's threshold (1.00%)
   n0: 0 in 2 places, all below massif's threshold (1.00%)
  n0: 3072 in 3 places, all below massif's threshold (1.00%)
 n0: 7902 in 32 places, all below massif's threshold (1.00%)
 n1: 5424 0x62695D8: OBJ_NAME_add (in /usr/lib/x86_64-linux-gnu/libcrypto.so.3)
  n0: 5424 in 208 places, all below massif's threshold (1.00%)
 n2: 4580 0x6253C72: CRYPTO_strndup (in /usr/lib/x86_64-linux-gnu/libcrypto.so.3)
  n1: 4233 0x62559C1: ??? (in /usr/lib/x86_64-linux-gnu/libcrypto.so.3)
   n0: 4233 in 3 places, all below massif's threshold (1.00%)
  n0: 347 in 3 places, all below massif's threshold (1.00%)
#-----------
snapshot=34
#-----------
time=6692859
mem_heap_B=410090
mem_heap_extra_B=47150
mem_stacks_B=0
heap_tree=detailed
n6: 410090 (heap allocation functions) malloc/new/new[], --alloc-fns, etc.
 n6: 333840 0x6252C3D: CRYPTO_zalloc (in /usr/lib/x86_64-linux-gnu/libcrypto.so.3)
  n1: 229376 0x625DFC4: ??? (in /usr/lib/x86_64-linux-gnu/libcrypto.so.3)
   n1: 229376 0x6284365: ??? (in /usr/lib/x86_64-linux-gnu/libcrypto.so.3)
    n1: 229376 0x6227DB9: ??? (in /usr/lib/x86_64-linux-gnu/libcrypto.so.3)
     n1: 229376 0x6247CFB: ??? (in /usr/lib/x86_64-linux-gnu/libcrypto.so.3)
      n1: 229376 0x6247BBB: ??? (in /usr/lib/x86_64-linux-gnu/libcrypto.so.3)
       n1: 229376 0x62672DA: ??? (in /usr/lib/x86_64-linux-gnu/libcrypto.so.3)
        n1: 229376 0x63309E7: ??? (in /usr/lib/x86_64-linux-gnu/libcrypto.so.3)
         n2: 229376 0x633103D: ??? (in /usr/lib/x86_64-linux-gnu/libcrypto.so.3)
          n1: 196608 0x6228652: EVP_CIPHER_fetch (in /usr/lib/x86_64-linux-gnu/libcrypto.so.3)
           n1: 196608 0x631B6C4: ??? (in /usr/lib/x86_64-linux-gnu/libcrypto.so.3)
            n1: 196608 0x631BB22: ??? (in /usr/lib/x86_64-linux-gnu/libcrypto.so.3)
             n1: 196608 0x6233AD7: EVP_RAND_instantiate (in /usr/lib/x86_64-linux-gnu/libcrypto.so.3)
              n1: 196608 0x6285A91: ??? (in /usr/lib/x86_64-linux-gnu/libcrypto.so.3)
               n1: 196608 0x6285C2B: RAND_get0_primary (in /usr/lib/x86_64-linux-gnu/libcrypto.so.3)
                n1: 196608 0x6285EF6: RAND_status (in /usr/lib/x86_64-linux-gnu/libcrypto.so.3)
                 n1: 196608 0x5C962CF: OQS_randombytes_openssl (in /home/anss/random/bench/install/lib/liboqs.so.0.15.0)
                  n1: 196608 0x4906597: PQCLEAN_NTRUHPS2048677_AVX2_crypto_kem_keypair (in /home/anss/random/bench/install/lib/liboqs.so.0.15.0)
                   n0: 196608 0x1092FB: main (in /home/anss/random/bench/mem_kem)
          n1: 32768 0x62336C2: EVP_RAND_fetch (in /usr/lib/x86_64-linux-gnu/libcrypto.so.3)
           n1: 32768 0x6285CDB: RAND_get0_primary (in /usr/lib/x86_64-linux-gnu/libcrypto.so.3)
            n1: 32768 0x6285EF6: RAND_status (in /usr/lib/x86_64-linux-gnu/libcrypto.so.3)
             n1: 32768 0x5C962CF: OQS_randombytes_openssl (in /home/anss/random/bench/install/lib/liboqs.so.0.15.0)
              n1: 32768 0x4906597: PQCLEAN_NTRUHPS2048677_AVX2_crypto_kem_keypair (in /home/anss/random/bench/install/lib/liboqs.so.0.15.0)
               n0: 32768 0x1092FB: main (in /home/anss/random/bench/mem_kem)
  n1: 65536 0x625DF52: ??? (in /usr/lib/x86_64-linux-gnu/libcrypto.so.3)
   n1: 65536 0x6284365: ??? (in /usr/lib/x86_64-linux-gnu/libcrypto.so.3)
    n1: 65536 0x6227DB9: ??? (in /usr/lib/x86_64-linux-gnu/libcrypto.so.3)
     n1: 65536 0x6247CFB: ??? (in /usr/lib/x86_64-linux-gnu/libcrypto.so.3)
      n1: 65536 0x6247BBB: ??? (in /usr/lib/x86_64-linux-gnu/libcrypto.so.3)
       n1: 65536 0x62672DA: ??? (in /usr/lib/x86_64-linux-gnu/libcrypto.so.3)
        n1: 65536 0x63309E7: ??? (in /usr/lib/x86_64-linux-gnu/libcrypto.so.3)
         n1: 65536 0x633103D: ??? (in /usr/lib/x86_64-linux-gnu/libcrypto.so.3)
          n1: 65536 0x62336C2: EVP_RAND_fetch (in /usr/lib/x86_64-linux-gnu/libcrypto.so.3)
           n1: 65536 0x6285CDB: RAND_get0_primary (in /usr/lib/x86_64-linux-gnu/libcrypto.so.3)
            n1: 65536 0x6285EF6: RAND_status (in /usr/lib/x86_64-linux-gnu/libcrypto.so.3)
             n1: 65536 0x5C962CF: OQS_randombytes_openssl (in /home/anss/random/bench/install/lib/liboqs.so.0.15.0)
              n1: 65536 0x4906597: PQCLEAN_NTRUHPS2048677_AVX2_crypto_kem_keypair (in /home/anss/random/bench/install/lib/liboqs.so.0.15.0)
               n0: 65536 0x1092FB: main (in /home/anss/random/bench/mem_kem)
  n0: 16672 in 29 places, all below massif's threshold (1.00%)
  n1: 8960 0x622FE73: ??? (in /usr/lib/x86_64-linux-gnu/libcrypto.so.3)
   n1: 8960 0x623119D: ??? (in /usr/lib/x86_64-linux-gnu/libcrypto.so.3)
    n1: 8960 0x6227E59: ??? (in /usr/lib/x86_64-linux-gnu/libcrypto.so.3)
     n1: 8960 0x6247C98: ??? (in /usr/lib/x86_64-linux-gnu/libcrypto.so.3)
      n1: 8960 0x6247BBB: ??? (in /usr/lib/x86_64-linux-gnu/libcrypto.so.3)
       n1: 8960 0x62672DA: ??? (in /usr/lib/x86_64-linux-gnu/libcrypto.so.3)
        n1: 8960 0x63309E7: ??? (in /usr/lib/x86_64-linux-gnu/libcrypto.so.3)
         n1: 8960 0x633103D: ??? (in /usr/lib/x86_64-linux-gnu/libcrypto.so.3)
          n1: 8960 0x6228652: EVP_CIPHER_fetch (in /usr/lib/x86_64-linux-gnu/libcrypto.so.3)
           n1: 8960 0x631B6C4: ??? (in /usr/lib/x86_64-linux-gnu/libcrypto.so.3)
            n1: 8960 0x631BB22: ??? (in /usr/lib/x86_64-linux-gnu/libcrypto.so.3)
             n1: 8960 0x6233AD7: EVP_RAND_instantiate (in /usr/lib/x86_64-linux-gnu/libcrypto.so.3)
              n1: 8960 0x6285A91: ??? (in /usr/lib/x86_64-linux-gnu/libcrypto.so.3)
               n1: 8960 0x6285C2B: RAND_get0_primary (in /usr/lib/x86_64-linux-gnu/libcrypto.so.3)
                n1: 8960 0x6285EF6: RAND_status (in /usr/lib/x86_64-linux-gnu/libcrypto.so.3)
                 n1: 8960 0x5C962CF: OQS_randombytes_openssl (in /home/anss/random/bench/install/lib/liboqs.so.0.15.0)
                  n1: 8960 0x4906597: PQCLEAN_NTRUHPS2048677_AVX2_crypto_kem_keypair (in /home/anss/random/bench/install/lib/liboqs.so.0.15.0)
                   n0: 8960 0x1092FB: main (in /home/anss/random/bench/mem_kem)
  n2: 7920 0x62482DC: OPENSSL_LH_new (in /usr/lib/x86_64-linux-gnu/libcrypto.so.3)
   n1: 6864 0x628433F: ??? (in /usr/lib/x86_64-linux-gnu/libcrypto.so.3)
    n1: 6864 0x6227DB9: ??? (in /usr/lib/x86_64-linux-gnu/libcrypto.so.3)
     n1: 6864 0x6247CFB: ??? (in /usr/lib/x86_64-linux-gnu/libcrypto.so.3)
      n1: 6864 0x6247BBB: ??? (in /usr/lib/x86_64-linux-gnu/libcrypto.so.3)
       n1: 6864 0x62672DA: ??? (in /usr/lib/x86_64-linux-gnu/libcrypto.so.3)
        n1: 6864 0x63309E7: ??? (in /usr/lib/x86_64-linux-gnu/libcrypto.so.3)
         n2: 6864 0x633103D: ??? (in /usr/lib/x86_64-linux-gnu/libcrypto.so.3)
          n1: 5984 0x6228652: EVP_CIPHER_fetch (in /usr/lib/x86_64-linux-gnu/libcrypto.so.3)
           n1: 5984 0x631B6C4: ??? (in /usr/lib/x86_64-linux-gnu/libcrypto.so.3)
            n1: 5984 0x631BB22: ??? (in /usr/lib/x86_64-linux-gnu/libcrypto.so.3)
             n1: 5984 0x6233AD7: EVP_RAND_instantiate (in /usr/lib/x86_64-linux-gnu/libcrypto.so.3)
              n1: 5984 0x6285A91: ??? (in /usr/lib/x86_64-linux-gnu/libcrypto.so.3)
               n1: 5984 0x6285C2B: RAND_get0_primary (in /usr/lib/x86_64-linux-gnu/libcrypto.so.3)
                n1: 5984 0x6285EF6: RAND_status (in /usr/lib/x86_64-linux-gnu/libcrypto.so.3)
                 n1: 5984 0x5C962CF: OQS_randombytes_openssl (in /home/anss/random/bench/install/lib/liboqs.so.0.15.0)
                  n1: 5984 0x4906597: PQCLEAN_NTRUHPS2048677_AVX2_crypto_kem_keypair (in /home/anss/random/bench/install/lib/liboqs.so.0.15.0)
                   n0: 5984 0x1092FB: main (in /home/anss/random/bench/mem_kem)
          n0: 880 in 1 place, below massif's threshold (1.00%)
   n0: 1056 in 7 places, all below massif's threshold (1.00%)
  n2: 5376 0x62482F6: OPENSSL_LH_new (in /usr/lib/x86_64-linux-gnu/libcrypto.so.3)
   n1: 4992 0x628433F: ??? (in /usr/lib/x86_64-linux-gnu/libcrypto.so.3)
    n1: 4992 0x6227DB9: ??? (in /usr/lib/x86_64-linux-gnu/libcrypto.so.3)
     n1: 4992 0x6247CFB: ??? (in /usr/lib/x86_64-linux-gnu/libcrypto.so.3)
      n1: 4992 0x6247BBB: ??? (in /usr/lib/x86_64-linux-gnu/libcrypto.so.3)
       n1: 4992 0x62672DA: ??? (in /usr/lib/x86_64-linux-gnu/libcrypto.so.3)
        n1: 4992 0x63309E7: ??? (in /usr/lib/x86_64-linux-gnu/libcrypto.so.3)
         n1: 4992 0x633103D: ??? (in /usr/lib/x86_64-linux-gnu/libcrypto.so.3)
          n0: 4992 in 2 places, all below massif's threshold (1.00%)
   n0: 384 in 7 places, all below massif's threshold (1.00%)
 n4: 46368 0x6248625: OPENSSL_LH_insert (in /usr/lib/x86_64-linux-gnu/libcrypto.so.3)
  n2: 33912 0x6339B72: ??? (in /usr/lib/x86_64-linux-gnu/libcrypto.so.3)
   n1: 31944 0x6206BEF: ERR_load_strings_const (in /usr/lib/x86_64-linux-gnu/libcrypto.so.3)
    n0: 31944 in 33 places, all below massif's threshold (1.00%)
   n0: 1968 in 2 places, all below massif's threshold (1.00%)
  n1: 6744 0x62559E2: ??? (in /usr/lib/x86_64-linux-gnu/libcrypto.so.3)
   n0: 6744 in 3 places, all below massif's threshold (1.00%)
  n1: 5424 0x626961A: OBJ_NAME_add (in /usr/lib/x86_64-linux-gnu/libcrypto.so.3)
   n0: 5424 in 57 places, all below massif's threshold (1.00%)
  n0: 288 in 5 places, all below massif's threshold (1.00%)
 n2: 11264 0x62485D3: OPENSSL_LH_insert (in /usr/lib/x86_64-linux-gnu/libcrypto.so.3)
  n2: 8192 0x6339B72: ??? (in /usr/lib/x86_64-linux-gnu/libcrypto.so.3)
   n2: 8192 0x6206BEF: ERR_load_strings_const (in /usr/lib/x86_64-linux-gnu/libcrypto.so.3)
    n1: 8192 0x62598DE: ??? (in /usr/lib/x86_64-linux-gnu/libcrypto.so.3)
     n1: 8192 0x5F0BEE7: __pthread_once_slow (pthread_once.c:116)
      n1: 8192 0x625E1EC: CRYPTO_THREAD_run_once (in /usr/lib/x86_64-linux-gnu/libcrypto.so.3)
       n1: 8192 0x625AEE2: OPENSSL_init_crypto (in /usr/lib/x86_64-linux-gnu/libcrypto.so.3)
        n1: 8192 0x6208686: ??? (in /usr/lib/x86_64-linux-gnu/libcrypto.so.3)
         n1: 8192 0x620904C: ERR_set_mark (in /usr/lib/x86_64-linux-gnu/libcrypto.so.3)
          n1: 8192 0x61B5451: CONF_modules_load_file_ex (in /usr/lib/x86_64-linux-gnu/libcrypto.so.3)
           n1: 8192 0x625A6EF: ??? (in /usr/lib/x86_64-linux-gnu/libcrypto.so.3)
            n1: 8192 0x5F0BEE7: __pthread_once_slow (pthread_once.c:116)
             n1: 8192 0x625E1EC: CRYPTO_THREAD_run_once (in /usr/lib/x86_64-linux-gnu/libcrypto.so.3)
              n1: 8192 0x625B155: OPENSSL_init_crypto (in /usr/lib/x86_64-linux-gnu/libcrypto.so.3)
               n1: 8192 0x63307AC: ??? (in /usr/lib/x86_64-linux-gnu/libcrypto.so.3)
                n1: 8192 0x62853A4: RAND_get_rand_method (in /usr/lib/x86_64-linux-gnu/libcrypto.so.3)
                 n1: 8192 0x6285EC9: RAND_status (in /usr/lib/x86_64-linux-gnu/libcrypto.so.3)
                  n1: 8192 0x5C962CF: OQS_randombytes_openssl (in /home/anss/random/bench/install/lib/liboqs.so.0.15.0)
                   n1: 8192 0x4906597: PQCLEAN_NTRUHPS2048677_AVX2_crypto_kem_keypair (in /home/anss/random/bench/install/lib/liboqs.so.0.15.0)
                    n0: 8192 0x1092FB: main (in /home/anss/random/bench/mem_kem)
    n0: 0 in 3 places, all below massif's threshold (1.00%)
   n0: 0 in 2 places, all below massif's threshold (1.00%)
  n0: 3072 in 3 places, all below massif's threshold (1.00%)
 n0: 8398 in 32 places, all below massif's threshold (1.00%)
 n1: 5424 0x62695D8: OBJ_NAME_add (in /usr/lib/x86_64-linux-gnu/libcrypto.so.3)
  n0: 5424 in 208 places, all below massif's threshold (1.00%)
 n1: 4796 0x6253C72: CRYPTO_strndup (in /usr/lib/x86_64-linux-gnu/libcrypto.so.3)
  n0: 4796 in 4 places, all below massif's threshold (1.00%)
#-----------
snapshot=35
#-----------
time=6894775
mem_heap_B=414378
mem_heap_extra_B=48262
mem_stacks_B=0
heap_tree=empty
#-----------
snapshot=36
#-----------
time=7024682
mem_heap_B=419573
mem_heap_extra_B=49371
mem_stacks_B=0
heap_tree=empty
#-----------
snapshot=37
#-----------
time=7233384
mem_heap_B=459712
mem_heap_extra_B=50656
mem_stacks_B=0
heap_tree=empty
#-----------
snapshot=38
#-----------
time=7421320
mem_heap_B=469165
mem_heap_extra_B=51675
mem_stacks_B=0
heap_tree=detailed
n6: 469165 (heap allocation functions) malloc/new/new[], --alloc-fns, etc.
 n7: 389632 0x6252C3D: CRYPTO_zalloc (in /usr/lib/x86_64-linux-gnu/libcrypto.so.3)
  n1: 262144 0x625DFC4: ??? (in /usr/lib/x86_64-linux-gnu/libcrypto.so.3)
   n1: 262144 0x6284365: ??? (in /usr/lib/x86_64-linux-gnu/libcrypto.so.3)
    n1: 262144 0x6227DB9: ??? (in /usr/lib/x86_64-linux-gnu/libcrypto.so.3)
     n1: 262144 0x6247CFB: ??? (in /usr/lib/x86_64-linux-gnu/libcrypto.so.3)
      n1: 262144 0x6247BBB: ??? (in /usr/lib/x86_64-linux-gnu/libcrypto.so.3)
       n1: 262144 0x62672DA: ??? (in /usr/lib/x86_64-linux-gnu/libcrypto.so.3)
        n1: 262144 0x63309E7: ??? (in /usr/lib/x86_64-linux-gnu/libcrypto.so.3)
         n2: 262144 0x633103D: ??? (in /usr/lib/x86_64-linux-gnu/libcrypto.so.3)
          n1: 229376 0x6228652: EVP_CIPHER_fetch (in /usr/lib/x86_64-linux-gnu/libcrypto.so.3)
           n1: 229376 0x631B6C4: ??? (in /usr/lib/x86_64-linux-gnu/libcrypto.so.3)
            n1: 229376 0x631BB22: ??? (in /usr/lib/x86_64-linux-gnu/libcrypto.so.3)
             n1: 229376 0x6233AD7: EVP_RAND_instantiate (in /usr/lib/x86_64-linux-gnu/libcrypto.so.3)
              n1: 229376 0x6285A91: ??? (in /usr/lib/x86_64-linux-gnu/libcrypto.so.3)
               n1: 229376 0x6285C2B: RAND_get0_primary (in /usr/lib/x86_64-linux-gnu/libcrypto.so.3)
                n1: 229376 0x6285EF6: RAND_status (in /usr/lib/x86_64-linux-gnu/libcrypto.so.3)
                 n1: 229376 0x5C962CF: OQS_randombytes_openssl (in /home/anss/random/bench/install/lib/liboqs.so.0.15.0)
                  n1: 229376 0x4906597: PQCLEAN_NTRUHPS2048677_AVX2_crypto_kem_keypair (in /home/anss/random/bench/install/lib/liboqs.so.0.15.0)
                   n0: 229376 0x1092FB: main (in /home/anss/random/bench/mem_kem)
          n1: 32768 0x62336C2: EVP_RAND_fetch (in /usr/lib/x86_64-linux-gnu/libcrypto.so.3)
           n1: 32768 0x6285CDB: RAND_get0_primary (in /usr/lib/x86_64-linux-gnu/libcrypto.so.3)
            n1: 32768 0x6285EF6: RAND_status (in /usr/lib/x86_64-linux-gnu/libcrypto.so.3)
             n1: 32768 0x5C962CF: OQS_randombytes_openssl (in /home/anss/random/bench/install/lib/liboqs.so.0.15.0)
              n1: 32768 0x4906597: PQCLEAN_NTRUHPS2048677_AVX2_crypto_kem_keypair (in /home/anss/random/bench/install/lib/liboqs.so.0.15.0)
               n0: 32768 0x1092FB: main (in /home/anss/random/bench/mem_kem)
  n1: 65536 0x625DF52: ??? (in /usr/lib/x86_64-linux-gnu/libcrypto.so.3)
   n1: 65536 0x6284365: ??? (in /usr/lib/x86_64-linux-gnu/libcrypto.so.3)
    n1: 65536 0x6227DB9: ??? (in /usr/lib/x86_64-linux-gnu/libcrypto.so.3)
     n1: 65536 0x6247CFB: ??? (in /usr/lib/x86_64-linux-gnu/libcrypto.so.3)
      n1: 65536 0x6247BBB: ??? (in /usr/lib/x86_64-linux-gnu/libcrypto.so.3)
       n1: 65536 0x62672DA: ??? (in /usr/lib/x86_64-linux-gnu/libcrypto.so.3)
        n1: 65536 0x63309E7: ??? (in /usr/lib/x86_64-linux-gnu/libcrypto.so.3)
         n1: 65536 0x633103D: ??? (in /usr/lib/x86_64-linux-gnu/libcrypto.so.3)
          n1: 65536 0x62336C2: EVP_RAND_fetch (in /usr/lib/x86_64-linux-gnu/libcrypto.so.3)
           n1: 65536 0x6285CDB: RAND_get0_primary (in /usr/lib/x86_64-linux-gnu/libcrypto.so.3)
            n1: 65536 0x6285EF6: RAND_status (in /usr/lib/x86_64-linux-gnu/libcrypto.so.3)
             n1: 65536 0x5C962CF: OQS_randombytes_openssl (in /home/anss/random/bench/install/lib/liboqs.so.0.15.0)
              n1: 65536 0x4906597: PQCLEAN_NTRUHPS2048677_AVX2_crypto_kem_keypair (in /home/anss/random/bench/install/lib/liboqs.so.0.15.0)
               n0: 65536 0x1092FB: main (in /home/anss/random/bench/mem_kem)
  n1: 17152 0x622FE73: ??? (in /usr/lib/x86_64-linux-gnu/libcrypto.so.3)
   n1: 17152 0x623119D: ??? (in /usr/lib/x86_64-linux-gnu/libcrypto.so.3)
    n1: 17152 0x6227E59: ??? (in /usr/lib/x86_64-linux-gnu/libcrypto.so.3)
     n1: 17152 0x6247C98: ??? (in /usr/lib/x86_64-linux-gnu/libcrypto.so.3)
      n1: 17152 0x6247BBB: ??? (in /usr/lib/x86_64-linux-gnu/libcrypto.so.3)
       n1: 17152 0x62672DA: ??? (in /usr/lib/x86_64-linux-gnu/libcrypto.so.3)
        n1: 17152 0x63309E7: ??? (in /usr/lib/x86_64-linux-gnu/libcrypto.so.3)
         n1: 17152 0x633103D: ??? (in /usr/lib/x86_64-linux-gnu/libcrypto.so.3)
          n1: 17152 0x6228652: EVP_CIPHER_fetch (in /usr/lib/x86_64-linux-gnu/libcrypto.so.3)
           n1: 17152 0x631B6C4: ??? (in /usr/lib/x86_64-linux-gnu/libcrypto.so.3)
            n1: 17152 0x631BB22: ??? (in /usr/lib/x86_64-linux-gnu/libcrypto.so.3)
             n1: 17152 0x6233AD7: EVP_RAND_instantiate (in /usr/lib/x86_64-linux-gnu/libcrypto.so.3)
              n1: 17152 0x6285A91: ??? (in /usr/lib/x86_64-linux-gnu/libcrypto.so.3)
               n1: 17152 0x6285C2B: RAND_get0_primary (in /usr/lib/x86_64-linux-gnu/libcrypto.so.3)
                n1: 17152 0x6285EF6: RAND_status (in /usr/lib/x86_64-linux-gnu/libcrypto.so.3)
                 n1: 17152 0x5C962CF: OQS_randombytes_openssl (in /home/anss/random/bench/install/lib/liboqs.so.0.15.0)
                  n1: 17152 0x4906597: PQCLEAN_NTRUHPS2048677_AVX2_crypto_kem_keypair (in /home/anss/random/bench/install/lib/liboqs.so.0.15.0)
                   n0: 17152 0x1092FB: main (in /home/anss/random/bench/mem_kem)
  n0: 15560 in 28 places, all below massif's threshold (1.00%)
  n2: 13552 0x62482DC: OPENSSL_LH_new (in /usr/lib/x86_64-linux-gnu/libcrypto.so.3)
   n1: 12496 0x628433F: ??? (in /usr/lib/x86_64-linux-gnu/libcrypto.so.3)
    n1: 12496 0x6227DB9: ??? (in /usr/lib/x86_64-linux-gnu/libcrypto.so.3)
     n1: 12496 0x6247CFB: ??? (in /usr/lib/x86_64-linux-gnu/libcrypto.so.3)
      n1: 12496 0x6247BBB: ??? (in /usr/lib/x86_64-linux-gnu/libcrypto.so.3)
       n1: 12496 0x62672DA: ??? (in /usr/lib/x86_64-linux-gnu/libcrypto.so.3)
        n1: 12496 0x63309E7: ??? (in /usr/lib/x86_64-linux-gnu/libcrypto.so.3)
         n2: 12496 0x633103D: ??? (in /usr/lib/x86_64-linux-gnu/libcrypto.so.3)
          n1: 11616 0x6228652: EVP_CIPHER_fetch (in /usr/lib/x86_64-linux-gnu/libcrypto.so.3)
           n1: 11616 0x631B6C4: ??? (in /usr/lib/x86_64-linux-gnu/libcrypto.so.3)
            n1: 11616 0x631BB22: ??? (in /usr/lib/x86_64-linux-gnu/libcrypto.so.3)
             n1: 11616 0x6233AD7: EVP_RAND_instantiate (in /usr/lib/x86_64-linux-gnu/libcrypto.so.3)
              n1: 11616 0x6285A91: ??? (in /usr/lib/x86_64-linux-gnu/libcrypto.so.3)
               n1: 11616 0x6285C2B: RAND_get0_primary (in /usr/lib/x86_64-linux-gnu/libcrypto.so.3)
                n1: 11616 0x6285EF6: RAND_status (in /usr/lib/x86_64-linux-gnu/libcrypto.so.3)
                 n1: 11616 0x5C962CF: OQS_randombytes_openssl (in /home/anss/random/bench/install/lib/liboqs.so.0.15.0)
                  n1: 11616 0x4906597: PQCLEAN_NTRUHPS2048677_AVX2_crypto_kem_keypair (in /home/anss/random/bench/install/lib/liboqs.so.0.15.0)
                   n0: 11616 0x1092FB: main (in /home/anss/random/bench/mem_kem)
          n0: 880 in 1 place, below massif's threshold (1.00%)
   n0: 1056 in 7 places, all below massif's threshold (1.00%)
  n2: 9472 0x62482F6: OPENSSL_LH_new (in /usr/lib/x86_64-linux-gnu/libcrypto.so.3)
   n1: 9088 0x628433F: ??? (in /usr/lib/x86_64-linux-gnu/libcrypto.so.3)
    n1: 9088 0x6227DB9: ??? (in /usr/lib/x86_64-linux-gnu/libcrypto.so.3)
     n1: 9088 0x6247CFB: ??? (in /usr/lib/x86_64-linux-gnu/libcrypto.so.3)
      n1: 9088 0x6247BBB: ??? (in /usr/lib/x86_64-linux-gnu/libcrypto.so.3)
       n1: 9088 0x62672DA: ??? (in /usr/lib/x86_64-linux-gnu/libcrypto.so.3)
        n1: 9088 0x63309E7: ??? (in /usr/lib/x86_64-linux-gnu/libcrypto.so.3)
         n2: 9088 0x633103D: ??? (in /usr/lib/x86_64-linux-gnu/libcrypto.so.3)
          n1: 8448 0x6228652: EVP_CIPHER_fetch (in /usr/lib/x86_64-linux-gnu/libcrypto.so.3)
           n1: 8448 0x631B6C4: ??? (in /usr/lib/x86_64-linux-gnu/libcrypto.so.3)
            n1: 8448 0x631BB22: ??? (in /usr/lib/x86_64-linux-gnu/libcrypto.so.3)
             n1: 8448 0x6233AD7: EVP_RAND_instantiate (in /usr/lib/x86_64-linux-gnu/libcrypto.so.3)
              n1: 8448 0x6285A91: ??? (in /usr/lib/x86_64-linux-gnu/libcrypto.so.3)
               n1: 8448 0x6285C2B: RAND_get0_primary (in /usr/lib/x86_64-linux-gnu/libcrypto.so.3)
                n1: 8448 0x6285EF6: RAND_status (in /usr/lib/x86_64-linux-gnu/libcrypto.so.3)
                 n1: 8448 0x5C962CF: OQS_randombytes_openssl (in /home/anss/random/bench/install/lib/liboqs.so.0.15.0)
                  n1: 8448 0x4906597: PQCLEAN_NTRUHPS2048677_AVX2_crypto_kem_keypair (in /home/anss/random/bench/install/lib/liboqs.so.0.15.0)
                   n0: 8448 0x1092FB: main (in /home/anss/random/bench/mem_kem)
          n0: 640 in 1 place, below massif's threshold (1.00%)
   n0: 384 in 7 places, all below massif's threshold (1.00%)
  n1: 6216 0x625E073: CRYPTO_THREAD_lock_new (in /usr/lib/x86_64-linux-gnu/libcrypto.so.3)
   n0: 6216 in 23 places, all below massif's threshold (1.00%)
 n4: 47112 0x6248625: OPENSSL_LH_insert (in /usr/lib/x86_64-linux-gnu/libcrypto.so.3)
  n2: 33912 0x6339B72: ??? (in /usr/lib/x86_64-linux-gnu/libcrypto.so.3)
   n1: 31944 0x6206BEF: ERR_load_strings_const (in /usr/lib/x86_64-linux-gnu/libcrypto.so.3)
    n0: 31944 in 33 places, all below massif's threshold (1.00%)
   n0: 1968 in 2 places, all below massif's threshold (1.00%)
  n1: 7488 0x62559E2: ??? (in /usr/lib/x86_64-linux-gnu/libcrypto.so.3)
   n0: 7488 in 3 places, all below massif's threshold (1.00%)
  n1: 5424 0x626961A: OBJ_NAME_add (in /usr/lib/x86_64-linux-gnu/libcrypto.so.3)
   n0: 5424 in 57 places, all below massif's threshold (1.00%)
  n0: 288 in 5 places, all below massif's threshold (1.00%)
 n2: 11264 0x62485D3: OPENSSL_LH_insert (in /usr/lib/x86_64-linux-gnu/libcrypto.so.3)
  n2: 8192 0x6339B72: ??? (in /usr/lib/x86_64-linux-gnu/libcrypto.so.3)
   n2: 8192 0x6206BEF: ERR_load_strings_const (in /usr/lib/x86_64-linux-gnu/libcrypto.so.3)
    n1: 8192 0x62598DE: ??? (in /usr/lib/x86_64-linux-gnu/libcrypto.so.3)
     n1: 8192 0x5F0BEE7: __pthread_once_slow (pthread_once.c:116)
      n1: 8192 0x625E1EC: CRYPTO_THREAD_run_once (in /usr/lib/x86_64-linux-gnu/libcrypto.so.3)
       n1: 8192 0x625AEE2: OPENSSL_init_crypto (in /usr/lib/x86_64-linux-gnu/libcrypto.so.3)
        n1: 8192 0x6208686: ??? (in /usr/lib/x86_64-linux-gnu/libcrypto.so.3)
         n1: 8192 0x620904C: ERR_set_mark (in /usr/lib/x86_64-linux-gnu/libcrypto.so.3)
          n1: 8192 0x61B5451: CONF_modules_load_file_ex (in /usr/lib/x86_64-linux-gnu/libcrypto.so.3)
           n1: 8192 0x625A6EF: ??? (in /usr/lib/x86_64-linux-gnu/libcrypto.so.3)
            n1: 8192 0x5F0BEE7: __pthread_once_slow (pthread_once.c:116)
             n1: 8192 0x625E1EC: CRYPTO_THREAD_run_once (in /usr/lib/x86_64-linux-gnu/libcrypto.so.3)
              n1: 8192 0x625B155: OPENSSL_init_crypto (in /usr/lib/x86_64-linux-gnu/libcrypto.so.3)
               n1: 8192 0x63307AC: ??? (in /usr/lib/x86_64-linux-gnu/libcrypto.so.3)
                n1: 8192 0x62853A4: RAND_get_rand_method (in /usr/lib/x86_64-linux-gnu/libcrypto.so.3)
                 n1: 8192 0x6285EC9: RAND_status (in /usr/lib/x86_64-linux-gnu/libcrypto.so.3)
                  n1: 8192 0x5C962CF: OQS_randombytes_openssl (in /home/anss/random/bench/install/lib/liboqs.so.0.15.0)
                   n1: 8192 0x4906597: PQCLEAN_NTRUHPS2048677_AVX2_crypto_kem_keypair (in /home/anss/random/bench/install/lib/liboqs.so.0.15.0)
                    n0: 8192 0x1092FB: main (in /home/anss/random/bench/mem_kem)
    n0: 0 in 3 places, all below massif's threshold (1.00%)
   n0: 0 in 2 places, all below massif's threshold (1.00%)
  n0: 3072 in 3 places, all below massif's threshold (1.00%)
 n0: 9926 in 32 places, all below massif's threshold (1.00%)
 n1: 5807 0x6253C72: CRYPTO_strndup (in /usr/lib/x86_64-linux-gnu/libcrypto.so.3)
  n0: 5807 in 4 places, all below massif's threshold (1.00%)
 n1: 5424 0x62695D8: OBJ_NAME_add (in /usr/lib/x86_64-linux-gnu/libcrypto.so.3)
  n0: 5424 in 208 places, all below massif's threshold (1.00%)
#-----------
snapshot=39
#-----------
time=7540345
mem_heap_B=471211
mem_heap_extra_B=52261
mem_stacks_B=0
heap_tree=empty
#-----------
snapshot=40
#-----------
time=7720708
mem_heap_B=479111
mem_heap_extra_B=53449
mem_stacks_B=0
heap_tree=empty
#-----------
snapshot=41
#-----------
time=7873145
mem_heap_B=484720
mem_heap_extra_B=54416
mem_stacks_B=0
heap_tree=empty
#-----------
snapshot=42
#-----------
time=7994310
mem_heap_B=489355
mem_heap_extra_B=55117
mem_stacks_B=0
heap_tree=empty
#-----------
snapshot=43
#-----------
time=8108984
mem_heap_B=525811
mem_heap_extra_B=55813
mem_stacks_B=0
heap_tree=detailed
n5: 525811 (heap allocation functions) malloc/new/new[], --alloc-fns, etc.
 n7: 446264 0x6252C3D: CRYPTO_zalloc (in /usr/lib/x86_64-linux-gnu/libcrypto.so.3)
  n1: 294912 0x625DFC4: ??? (in /usr/lib/x86_64-linux-gnu/libcrypto.so.3)
   n1: 294912 0x6284365: ??? (in /usr/lib/x86_64-linux-gnu/libcrypto.so.3)
    n1: 294912 0x6227DB9: ??? (in /usr/lib/x86_64-linux-gnu/libcrypto.so.3)
     n1: 294912 0x6247CFB: ??? (in /usr/lib/x86_64-linux-gnu/libcrypto.so.3)
      n1: 294912 0x6247BBB: ??? (in /usr/lib/x86_64-linux-gnu/libcrypto.so.3)
       n1: 294912 0x62672DA: ??? (in /usr/lib/x86_64-linux-gnu/libcrypto.so.3)
        n1: 294912 0x63309E7: ??? (in /usr/lib/x86_64-linux-gnu/libcrypto.so.3)
         n2: 294912 0x633103D: ??? (in /usr/lib/x86_64-linux-gnu/libcrypto.so.3)
          n1: 262144 0x6228652: EVP_CIPHER_fetch (in /usr/lib/x86_64-linux-gnu/libcrypto.so.3)
           n1: 262144 0x631B6C4: ??? (in /usr/lib/x86_64-linux-gnu/libcrypto.so.3)
            n1: 262144 0x631BB22: ??? (in /usr/lib/x86_64-linux-gnu/libcrypto.so.3)
             n1: 262144 0x6233AD7: EVP_RAND_instantiate (in /usr/lib/x86_64-linux-gnu/libcrypto.so.3)
              n1: 262144 0x6285A91: ??? (in /usr/lib/x86_64-linux-gnu/libcrypto.so.3)
               n1: 262144 0x6285C2B: RAND_get0_primary (in /usr/lib/x86_64-linux-gnu/libcrypto.so.3)
                n1: 262144 0x6285EF6: RAND_status (in /usr/lib/x86_64-linux-gnu/libcrypto.so.3)
                 n1: 262144 0x5C962CF: OQS_randombytes_openssl (in /home/anss/random/bench/install/lib/liboqs.so.0.15.0)
                  n1: 262144 0x4906597: PQCLEAN_NTRUHPS2048677_AVX2_crypto_kem_keypair (in /home/anss/random/bench/install/lib/liboqs.so.0.15.0)
                   n0: 262144 0x1092FB: main (in /home/anss/random/bench/mem_kem)
          n1: 32768 0x62336C2: EVP_RAND_fetch (in /usr/lib/x86_64-linux-gnu/libcrypto.so.3)
           n1: 32768 0x6285CDB: RAND_get0_primary (in /usr/lib/x86_64-linux-gnu/libcrypto.so.3)
            n1: 32768 0x6285EF6: RAND_status (in /usr/lib/x86_64-linux-gnu/libcrypto.so.3)
             n1: 32768 0x5C962CF: OQS_randombytes_openssl (in /home/anss/random/bench/install/lib/liboqs.so.0.15.0)
              n1: 32768 0x4906597: PQCLEAN_NTRUHPS2048677_AVX2_crypto_kem_keypair (in /home/anss/random/bench/install/lib/liboqs.so.0.15.0)
               n0: 32768 0x1092FB: main (in /home/anss/random/bench/mem_kem)
  n1: 65536 0x625DF52: ??? (in /usr/lib/x86_64-linux-gnu/libcrypto.so.3)
   n1: 65536 0x6284365: ??? (in /usr/lib/x86_64-linux-gnu/libcrypto.so.3)
    n1: 65536 0x6227DB9: ??? (in /usr/lib/x86_64-linux-gnu/libcrypto.so.3)
     n1: 65536 0x6247CFB: ??? (in /usr/lib/x86_64-linux-gnu/libcrypto.so.3)
      n1: 65536 0x6247BBB: ??? (in /usr/lib/x86_64-linux-gnu/libcrypto.so.3)
       n1: 65536 0x62672DA: ??? (in /usr/lib/x86_64-linux-gnu/libcrypto.so.3)
        n1: 65536 0x63309E7: ??? (in /usr/lib/x86_64-linux-gnu/libcrypto.so.3)
         n1: 65536 0x633103D: ??? (in /usr/lib/x86_64-linux-gnu/libcrypto.so.3)
          n1: 65536 0x62336C2: EVP_RAND_fetch (in /usr/lib/x86_64-linux-gnu/libcrypto.so.3)
           n1: 65536 0x6285CDB: RAND_get0_primary (in /usr/lib/x86_64-linux-gnu/libcrypto.so.3)
            n1: 65536 0x6285EF6: RAND_status (in /usr/lib/x86_64-linux-gnu/libcrypto.so.3)
             n1: 65536 0x5C962CF: OQS_randombytes_openssl (in /home/anss/random/bench/install/lib/liboqs.so.0.15.0)
              n1: 65536 0x4906597: PQCLEAN_NTRUHPS2048677_AVX2_crypto_kem_keypair (in /home/anss/random/bench/install/lib/liboqs.so.0.15.0)
               n0: 65536 0x1092FB: main (in /home/anss/random/bench/mem_kem)
  n1: 25600 0x622FE73: ??? (in /usr/lib/x86_64-linux-gnu/libcrypto.so.3)
   n1: 25600 0x623119D: ??? (in /usr/lib/x86_64-linux-gnu/libcrypto.so.3)
    n1: 25600 0x6227E59: ??? (in /usr/lib/x86_64-linux-gnu/libcrypto.so.3)
     n1: 25600 0x6247C98: ??? (in /usr/lib/x86_64-linux-gnu/libcrypto.so.3)
      n1: 25600 0x6247BBB: ??? (in /usr/lib/x86_64-linux-gnu/libcrypto.so.3)
       n1: 25600 0x62672DA: ??? (in /usr/lib/x86_64-linux-gnu/libcrypto.so.3)
        n1: 25600 0x63309E7: ??? (in /usr/lib/x86_64-linux-gnu/libcrypto.so.3)
         n1: 25600 0x633103D: ??? (in /usr/lib/x86_64-linux-gnu/libcrypto.so.3)
          n1: 25600 0x6228652: EVP_CIPHER_fetch (in /usr/lib/x86_64-linux-gnu/libcrypto.so.3)
           n1: 25600 0x631B6C4: ??? (in /usr/lib/x86_64-linux-gnu/libcrypto.so.3)
            n1: 25600 0x631BB22: ??? (in /usr/lib/x86_64-linux-gnu/libcrypto.so.3)
             n1: 25600 0x6233AD7: EVP_RAND_instantiate (in /usr/lib/x86_64-linux-gnu/libcrypto.so.3)
              n1: 25600 0x6285A91: ??? (in /usr/lib/x86_64-linux-gnu/libcrypto.so.3)
               n1: 25600 0x6285C2B: RAND_get0_primary (in /usr/lib/x86_64-linux-gnu/libcrypto.so.3)
                n1: 25600 0x6285EF6: RAND_status (in /usr/lib/x86_64-linux-gnu/libcrypto.so.3)
                 n1: 25600 0x5C962CF: OQS_randombytes_openssl (in /home/anss/random/bench/install/lib/liboqs.so.0.15.0)
                  n1: 25600 0x4906597: PQCLEAN_NTRUHPS2048677_AVX2_crypto_kem_keypair (in /home/anss/random/bench/install/lib/liboqs.so.0.15.0)
                   n0: 25600 0x1092FB: main (in /home/anss/random/bench/mem_kem)
  n2: 19536 0x62482DC: OPENSSL_LH_new (in /usr/lib/x86_64-linux-gnu/libcrypto.so.3)
   n1: 18480 0x628433F: ??? (in /usr/lib/x86_64-linux-gnu/libcrypto.so.3)
    n1: 18480 0x6227DB9: ??? (in /usr/lib/x86_64-linux-gnu/libcrypto.so.3)
     n1: 18480 0x6247CFB: ??? (in /usr/lib/x86_64-linux-gnu/libcrypto.so.3)
      n1: 18480 0x6247BBB: ??? (in /usr/lib/x86_64-linux-gnu/libcrypto.so.3)
       n1: 18480 0x62672DA: ??? (in /usr/lib/x86_64-linux-gnu/libcrypto.so.3)
        n1: 18480 0x63309E7: ??? (in /usr/lib/x86_64-linux-gnu/libcrypto.so.3)
         n2: 18480 0x633103D: ??? (in /usr/lib/x86_64-linux-gnu/libcrypto.so.3)
          n1: 17600 0x6228652: EVP_CIPHER_fetch (in /usr/lib/x86_64-linux-gnu/libcrypto.so.3)
           n1: 17600 0x631B6C4: ??? (in /usr/lib/x86_64-linux-gnu/libcrypto.so.3)
            n1: 17600 0x631BB22: ??? (in /usr/lib/x86_64-linux-gnu/libcrypto.so.3)
             n1: 17600 0x6233AD7: EVP_RAND_instantiate (in /usr/lib/x86_64-linux-gnu/libcrypto.so.3)
              n1: 17600 0x6285A91: ??? (in /usr/lib/x86_64-linux-gnu/libcrypto.so.3)
               n1: 17600 0x6285C2B: RAND_get0_primary (in /usr/lib/x86_64-linux-gnu/libcrypto.so.3)
                n1: 17600 0x6285EF6: RAND_status (in /usr/lib/x86_64-linux-gnu/libcrypto.so.3)
                 n1: 17600 0x5C962CF: OQS_randombytes_openssl (in /home/anss/random/bench/install/lib/liboqs.so.0.15.0)
                  n1: 17600 0x4906597: PQCLEAN_NTRUHPS2048677_AVX2_crypto_kem_keypair (in /home/anss/random/bench/install/lib/liboqs.so.0.15.0)
                   n0: 17600 0x1092FB: main (in /home/anss/random/bench/mem_kem)
          n0: 880 in 1 place, below massif's threshold (1.00%)
   n0: 1056 in 7 places, all below massif's threshold (1.00%)
  n0: 18792 in 28 places, all below massif's threshold (1.00%)
  n2: 13824 0x62482F6: OPENSSL_LH_new (in /usr/lib/x86_64-linux-gnu/libcrypto.so.3)
   n1: 13440 0x628433F: ??? (in /usr/lib/x86_64-linux-gnu/libcrypto.so.3)
    n1: 13440 0x6227DB9: ??? (in /usr/lib/x86_64-linux-gnu/libcrypto.so.3)
     n1: 13440 0x6247CFB: ??? (in /usr/lib/x86_64-linux-gnu/libcrypto.so.3)
      n1: 13440 0x6247BBB: ??? (in /usr/lib/x86_64-linux-gnu/libcrypto.so.3)
       n1: 13440 0x62672DA: ??? (in /usr/lib/x86_64-linux-gnu/libcrypto.so.3)
        n1: 13440 0x63309E7: ??? (in /usr/lib/x86_64-linux-gnu/libcrypto.so.3)
         n2: 13440 0x633103D: ??? (in /usr/lib/x86_64-linux-gnu/libcrypto.so.3)
          n1: 12800 0x6228652: EVP_CIPHER_fetch (in /usr/lib/x86_64-linux-gnu/libcrypto.so.3)
           n1: 12800 0x631B6C4: ??? (in /usr/lib/x86_64-linux-gnu/libcrypto.so.3)
            n1: 12800 0x631BB22: ??? (in /usr/lib/x86_64-linux-gnu/libcrypto.so.3)
             n1: 12800 0x6233AD7: EVP_RAND_instantiate (in /usr/lib/x86_64-linux-gnu/libcrypto.so.3)
              n1: 12800 0x6285A91: ??? (in /usr/lib/x86_64-linux-gnu/libcrypto.so.3)
               n1: 12800 0x6285C2B: RAND_get0_primary (in /usr/lib/x86_64-linux-gnu/libcrypto.so.3)
                n1: 12800 0x6285EF6: RAND_status (in /usr/lib/x86_64-linux-gnu/libcrypto.so.3)
                 n1: 12800 0x5C962CF: OQS_randombytes_openssl (in /home/anss/random/bench/install/lib/liboqs.so.0.15.0)
                  n1: 12800 0x4906597: PQCLEAN_NTRUHPS2048677_AVX2_crypto_kem_keypair (in /home/anss/random/bench/install/lib/liboqs.so.0.15.0)
                   n0: 12800 0x1092FB: main (in /home/anss/random/bench/mem_kem)
          n0: 640 in 1 place, below massif's threshold (1.00%)
   n0: 384 in 7 places, all below massif's threshold (1.00%)
  n1: 8064 0x625E073: CRYPTO_THREAD_lock_new (in /usr/lib/x86_64-linux-gnu/libcrypto.so.3)
   n0: 8064 in 23 places, all below massif's threshold (1.00%)
 n3: 47472 0x6248625: OPENSSL_LH_insert (in /usr/lib/x86_64-linux-gnu/libcrypto.so.3)
  n2: 33912 0x6339B72: ??? (in /usr/lib/x86_64-linux-gnu/libcrypto.so.3)
   n1: 31944 0x6206BEF: ERR_load_strings_const (in /usr/lib/x86_64-linux-gnu/libcrypto.so.3)
    n0: 31944 in 33 places, all below massif's threshold (1.00%)
   n0: 1968 in 2 places, all below massif's threshold (1.00%)
  n1: 7848 0x62559E2: ??? (in /usr/lib/x86_64-linux-gnu/libcrypto.so.3)
   n0: 7848 in 3 places, all below massif's threshold (1.00%)
  n0: 5712 in 6 places, all below massif's threshold (1.00%)
 n0: 14214 in 33 places, all below massif's threshold (1.00%)
 n2: 11264 0x62485D3: OPENSSL_LH_insert (in /usr/lib/x86_64-linux-gnu/libcrypto.so.3)
  n2: 8192 0x6339B72: ??? (in /usr/lib/x86_64-linux-gnu/libcrypto.so.3)
   n2: 8192 0x6206BEF: ERR_load_strings_const (in /usr/lib/x86_64-linux-gnu/libcrypto.so.3)
    n1: 8192 0x62598DE: ??? (in /usr/lib/x86_64-linux-gnu/libcrypto.so.3)
     n1: 8192 0x5F0BEE7: __pthread_once_slow (pthread_once.c:116)
      n1: 8192 0x625E1EC: CRYPTO_THREAD_run_once (in /usr/lib/x86_64-linux-gnu/libcrypto.so.3)
       n1: 8192 0x625AEE2: OPENSSL_init_crypto (in /usr/lib/x86_64-linux-gnu/libcrypto.so.3)
        n1: 8192 0x6208686: ??? (in /usr/lib/x86_64-linux-gnu/libcrypto.so.3)
         n1: 8192 0x620904C: ERR_set_mark (in /usr/lib/x86_64-linux-gnu/libcrypto.so.3)
          n1: 8192 0x61B5451: CONF_modules_load_file_ex (in /usr/lib/x86_64-linux-gnu/libcrypto.so.3)
           n1: 8192 0x625A6EF: ??? (in /usr/lib/x86_64-linux-gnu/libcrypto.so.3)
            n1: 8192 0x5F0BEE7: __pthread_once_slow (pthread_once.c:116)
             n1: 8192 0x625E1EC: CRYPTO_THREAD_run_once (in /usr/lib/x86_64-linux-gnu/libcrypto.so.3)
              n1: 8192 0x625B155: OPENSSL_init_crypto (in /usr/lib/x86_64-linux-gnu/libcrypto.so.3)
               n1: 8192 0x63307AC: ??? (in /usr/lib/x86_64-linux-gnu/libcrypto.so.3)
                n1: 8192 0x62853A4: RAND_get_rand_method (in /usr/lib/x86_64-linux-gnu/libcrypto.so.3)
                 n1: 8192 0x6285EC9: RAND_status (in /usr/lib/x86_64-linux-gnu/libcrypto.so.3)
                  n1: 8192 0x5C962CF: OQS_randombytes_openssl (in /home/anss/random/bench/install/lib/liboqs.so.0.15.0)
                   n1: 8192 0x4906597: PQCLEAN_NTRUHPS2048677_AVX2_crypto_kem_keypair (in /home/anss/random/bench/install/lib/liboqs.so.0.15.0)
                    n0: 8192 0x1092FB: main (in /home/anss/random/bench/mem_kem)
    n0: 0 in 3 places, all below massif's threshold (1.00%)
   n0: 0 in 2 places, all below massif's threshold (1.00%)
  n0: 3072 in 3 places, all below massif's threshold (1.00%)
 n1: 6597 0x6253C72: CRYPTO_strndup (in /usr/lib/x86_64-linux-gnu/libcrypto.so.3)
  n0: 6597 in 4 places, all below massif's threshold (1.00%)
#-----------
snapshot=44
#-----------
time=8236186
mem_heap_B=530950
mem_heap_extra_B=56690
mem_stacks_B=0
heap_tree=empty
#-----------
snapshot=45
#-----------
time=8375094
mem_heap_B=536609
mem_heap_extra_B=57639
mem_stacks_B=0
heap_tree=empty
#-----------
snapshot=46
#-----------
time=8603803
mem_heap_B=547649
mem_heap_extra_B=59255
mem_stacks_B=0
heap_tree=peak
n5: 547649 (heap allocation functions) malloc/new/new[], --alloc-fns, etc.
 n7: 466000 0x6252C3D: CRYPTO_zalloc (in /usr/lib/x86_64-linux-gnu/libcrypto.so.3)
  n1: 294912 0x625DFC4: ??? (in /usr/lib/x86_64-linux-gnu/libcrypto.so.3)
   n1: 294912 0x6284365: ??? (in /usr/lib/x86_64-linux-gnu/libcrypto.so.3)
    n1: 294912 0x6227DB9: ??? (in /usr/lib/x86_64-linux-gnu/libcrypto.so.3)
     n1: 294912 0x6247CFB: ??? (in /usr/lib/x86_64-linux-gnu/libcrypto.so.3)
      n1: 294912 0x6247BBB: ??? (in /usr/lib/x86_64-linux-gnu/libcrypto.so.3)
       n1: 294912 0x62672DA: ??? (in /usr/lib/x86_64-linux-gnu/libcrypto.so.3)
        n1: 294912 0x63309E7: ??? (in /usr/lib/x86_64-linux-gnu/libcrypto.so.3)
         n2: 294912 0x633103D: ??? (in /usr/lib/x86_64-linux-gnu/libcrypto.so.3)
          n1: 262144 0x6228652: EVP_CIPHER_fetch (in /usr/lib/x86_64-linux-gnu/libcrypto.so.3)
           n1: 262144 0x631B6C4: ??? (in /usr/lib/x86_64-linux-gnu/libcrypto.so.3)
            n1: 262144 0x631BB22: ??? (in /usr/lib/x86_64-linux-gnu/libcrypto.so.3)
             n1: 262144 0x6233AD7: EVP_RAND_instantiate (in /usr/lib/x86_64-linux-gnu/libcrypto.so.3)
              n1: 262144 0x6285A91: ??? (in /usr/lib/x86_64-linux-gnu/libcrypto.so.3)
               n1: 262144 0x6285C2B: RAND_get0_primary (in /usr/lib/x86_64-linux-gnu/libcrypto.so.3)
                n1: 262144 0x6285EF6: RAND_status (in /usr/lib/x86_64-linux-gnu/libcrypto.so.3)
                 n1: 262144 0x5C962CF: OQS_randombytes_openssl (in /home/anss/random/bench/install/lib/liboqs.so.0.15.0)
                  n1: 262144 0x4906597: PQCLEAN_NTRUHPS2048677_AVX2_crypto_kem_keypair (in /home/anss/random/bench/install/lib/liboqs.so.0.15.0)
                   n0: 262144 0x1092FB: main (in /home/anss/random/bench/mem_kem)
          n1: 32768 0x62336C2: EVP_RAND_fetch (in /usr/lib/x86_64-linux-gnu/libcrypto.so.3)
           n1: 32768 0x6285CDB: RAND_get0_primary (in /usr/lib/x86_64-linux-gnu/libcrypto.so.3)
            n1: 32768 0x6285EF6: RAND_status (in /usr/lib/x86_64-linux-gnu/libcrypto.so.3)
             n1: 32768 0x5C962CF: OQS_randombytes_openssl (in /home/anss/random/bench/install/lib/liboqs.so.0.15.0)
              n1: 32768 0x4906597: PQCLEAN_NTRUHPS2048677_AVX2_crypto_kem_keypair (in /home/anss/random/bench/install/lib/liboqs.so.0.15.0)
               n0: 32768 0x1092FB: main (in /home/anss/random/bench/mem_kem)
  n1: 65536 0x625DF52: ??? (in /usr/lib/x86_64-linux-gnu/libcrypto.so.3)
   n1: 65536 0x6284365: ??? (in /usr/lib/x86_64-linux-gnu/libcrypto.so.3)
    n1: 65536 0x6227DB9: ??? (in /usr/lib/x86_64-linux-gnu/libcrypto.so.3)
     n1: 65536 0x6247CFB: ??? (in /usr/lib/x86_64-linux-gnu/libcrypto.so.3)
      n1: 65536 0x6247BBB: ??? (in /usr/lib/x86_64-linux-gnu/libcrypto.so.3)
       n1: 65536 0x62672DA: ??? (in /usr/lib/x86_64-linux-gnu/libcrypto.so.3)
        n1: 65536 0x63309E7: ??? (in /usr/lib/x86_64-linux-gnu/libcrypto.so.3)
         n1: 65536 0x633103D: ??? (in /usr/lib/x86_64-linux-gnu/libcrypto.so.3)
          n1: 65536 0x62336C2: EVP_RAND_fetch (in /usr/lib/x86_64-linux-gnu/libcrypto.so.3)
           n1: 65536 0x6285CDB: RAND_get0_primary (in /usr/lib/x86_64-linux-gnu/libcrypto.so.3)
            n1: 65536 0x6285EF6: RAND_status (in /usr/lib/x86_64-linux-gnu/libcrypto.so.3)
             n1: 65536 0x5C962CF: OQS_randombytes_openssl (in /home/anss/random/bench/install/lib/liboqs.so.0.15.0)
              n1: 65536 0x4906597: PQCLEAN_NTRUHPS2048677_AVX2_crypto_kem_keypair (in /home/anss/random/bench/install/lib/liboqs.so.0.15.0)
               n0: 65536 0x1092FB: main (in /home/anss/random/bench/mem_kem)
  n1: 31744 0x622FE73: ??? (in /usr/lib/x86_64-linux-gnu/libcrypto.so.3)
   n1: 31744 0x623119D: ??? (in /usr/lib/x86_64-linux-gnu/libcrypto.so.3)
    n1: 31744 0x6227E59: ??? (in /usr/lib/x86_64-linux-gnu/libcrypto.so.3)
     n1: 31744 0x6247C98: ??? (in /usr/lib/x86_64-linux-gnu/libcrypto.so.3)
      n1: 31744 0x6247BBB: ??? (in /usr/lib/x86_64-linux-gnu/libcrypto.so.3)
       n1: 31744 0x62672DA: ??? (in /usr/lib/x86_64-linux-gnu/libcrypto.so.3)
        n1: 31744 0x63309E7: ??? (in /usr/lib/x86_64-linux-gnu/libcrypto.so.3)
         n1: 31744 0x633103D: ??? (in /usr/lib/x86_64-linux-gnu/libcrypto.so.3)
          n1: 31744 0x6228652: EVP_CIPHER_fetch (in /usr/lib/x86_64-linux-gnu/libcrypto.so.3)
           n1: 31744 0x631B6C4: ??? (in /usr/lib/x86_64-linux-gnu/libcrypto.so.3)
            n1: 31744 0x631BB22: ??? (in /usr/lib/x86_64-linux-gnu/libcrypto.so.3)
             n1: 31744 0x6233AD7: EVP_RAND_instantiate (in /usr/lib/x86_64-linux-gnu/libcrypto.so.3)
              n1: 31744 0x6285A91: ??? (in /usr/lib/x86_64-linux-gnu/libcrypto.so.3)
               n1: 31744 0x6285C2B: RAND_get0_primary (in /usr/lib/x86_64-linux-gnu/libcrypto.so.3)
                n1: 31744 0x6285EF6: RAND_status (in /usr/lib/x86_64-linux-gnu/libcrypto.so.3)
                 n1: 31744 0x5C962CF: OQS_randombytes_openssl (in /home/anss/random/bench/install/lib/liboqs.so.0.15.0)
                  n1: 31744 0x4906597: PQCLEAN_NTRUHPS2048677_AVX2_crypto_kem_keypair (in /home/anss/random/bench/install/lib/liboqs.so.0.15.0)
                   n0: 31744 0x1092FB: main (in /home/anss/random/bench/mem_kem)
  n2: 23760 0x62482DC: OPENSSL_LH_new (in /usr/lib/x86_64-linux-gnu/libcrypto.so.3)
   n1: 22704 0x628433F: ??? (in /usr/lib/x86_64-linux-gnu/libcrypto.so.3)
    n1: 22704 0x6227DB9: ??? (in /usr/lib/x86_64-linux-gnu/libcrypto.so.3)
     n1: 22704 0x6247CFB: ??? (in /usr/lib/x86_64-linux-gnu/libcrypto.so.3)
      n1: 22704 0x6247BBB: ??? (in /usr/lib/x86_64-linux-gnu/libcrypto.so.3)
       n1: 22704 0x62672DA: ??? (in /usr/lib/x86_64-linux-gnu/libcrypto.so.3)
        n1: 22704 0x63309E7: ??? (in /usr/lib/x86_64-linux-gnu/libcrypto.so.3)
         n2: 22704 0x633103D: ??? (in /usr/lib/x86_64-linux-gnu/libcrypto.so.3)
          n1: 21824 0x6228652: EVP_CIPHER_fetch (in /usr/lib/x86_64-linux-gnu/libcrypto.so.3)
           n1: 21824 0x631B6C4: ??? (in /usr/lib/x86_64-linux-gnu/libcrypto.so.3)
            n1: 21824 0x631BB22: ??? (in /usr/lib/x86_64-linux-gnu/libcrypto.so.3)
             n1: 21824 0x6233AD7: EVP_RAND_instantiate (in /usr/lib/x86_64-linux-gnu/libcrypto.so.3)
              n1: 21824 0x6285A91: ??? (in /usr/lib/x86_64-linux-gnu/libcrypto.so.3)
               n1: 21824 0x6285C2B: RAND_get0_primary (in /usr/lib/x86_64-linux-gnu/libcrypto.so.3)
                n1: 21824 0x6285EF6: RAND_status (in /usr/lib/x86_64-linux-gnu/libcrypto.so.3)
                 n1: 21824 0x5C962CF: OQS_randombytes_openssl (in /home/anss/random/bench/install/lib/liboqs.so.0.15.0)
                  n1: 21824 0x4906597: PQCLEAN_NTRUHPS2048677_AVX2_crypto_kem_keypair (in /home/anss/random/bench/install/lib/liboqs.so.0.15.0)
                   n0: 21824 0x1092FB: main (in /home/anss/random/bench/mem_kem)
          n0: 880 in 1 place, below massif's threshold (1.00%)
   n0: 1056 in 7 places, all below massif's threshold (1.00%)
  n0: 23632 in 35 places, all below massif's threshold (1.00%)
  n2: 16896 0x62482F6: OPENSSL_LH_new (in /usr/lib/x86_64-linux-gnu/libcrypto.so.3)
   n1: 16512 0x628433F: ??? (in /usr/lib/x86_64-linux-gnu/libcrypto.so.3)
    n1: 16512 0x6227DB9: ??? (in /usr/lib/x86_64-linux-gnu/libcrypto.so.3)
     n1: 16512 0x6247CFB: ??? (in /usr/lib/x86_64-linux-gnu/libcrypto.so.3)
      n1: 16512 0x6247BBB: ??? (in /usr/lib/x86_64-linux-gnu/libcrypto.so.3)
       n1: 16512 0x62672DA: ??? (in /usr/lib/x86_64-linux-gnu/libcrypto.so.3)
        n1: 16512 0x63309E7: ??? (in /usr/lib/x86_64-linux-gnu/libcrypto.so.3)
         n2: 16512 0x633103D: ??? (in /usr/lib/x86_64-linux-gnu/libcrypto.so.3)
          n1: 15872 0x6228652: EVP_CIPHER_fetch (in /usr/lib/x86_64-linux-gnu/libcrypto.so.3)
           n1: 15872 0x631B6C4: ??? (in /usr/lib/x86_64-linux-gnu/libcrypto.so.3)
            n1: 15872 0x631BB22: ??? (in /usr/lib/x86_64-linux-gnu/libcrypto.so.3)
             n1: 15872 0x6233AD7: EVP_RAND_instantiate (in /usr/lib/x86_64-linux-gnu/libcrypto.so.3)
              n1: 15872 0x6285A91: ??? (in /usr/lib/x86_64-linux-gnu/libcrypto.so.3)
               n1: 15872 0x6285C2B: RAND_get0_primary (in /usr/lib/x86_64-linux-gnu/libcrypto.so.3)
                n1: 15872 0x6285EF6: RAND_status (in /usr/lib/x86_64-linux-gnu/libcrypto.so.3)
                 n1: 15872 0x5C962CF: OQS_randombytes_openssl (in /home/anss/random/bench/install/lib/liboqs.so.0.15.0)
                  n1: 15872 0x4906597: PQCLEAN_NTRUHPS2048677_AVX2_crypto_kem_keypair (in /home/anss/random/bench/install/lib/liboqs.so.0.15.0)
                   n0: 15872 0x1092FB: main (in /home/anss/random/bench/mem_kem)
          n0: 640 in 1 place, below massif's threshold (1.00%)
   n0: 384 in 7 places, all below massif's threshold (1.00%)
  n2: 9520 0x625E073: CRYPTO_THREAD_lock_new (in /usr/lib/x86_64-linux-gnu/libcrypto.so.3)
   n1: 6944 0x622FE80: ??? (in /usr/lib/x86_64-linux-gnu/libcrypto.so.3)
    n1: 6944 0x623119D: ??? (in /usr/lib/x86_64-linux-gnu/libcrypto.so.3)
     n1: 6944 0x6227E59: ??? (in /usr/lib/x86_64-linux-gnu/libcrypto.so.3)
      n1: 6944 0x6247C98: ??? (in /usr/lib/x86_64-linux-gnu/libcrypto.so.3)
       n1: 6944 0x6247BBB: ??? (in /usr/lib/x86_64-linux-gnu/libcrypto.so.3)
        n1: 6944 0x62672DA: ??? (in /usr/lib/x86_64-linux-gnu/libcrypto.so.3)
         n1: 6944 0x63309E7: ??? (in /usr/lib/x86_64-linux-gnu/libcrypto.so.3)
          n1: 6944 0x633103D: ??? (in /usr/lib/x86_64-linux-gnu/libcrypto.so.3)
           n1: 6944 0x6228652: EVP_CIPHER_fetch (in /usr/lib/x86_64-linux-gnu/libcrypto.so.3)
            n1: 6944 0x631B6C4: ??? (in /usr/lib/x86_64-linux-gnu/libcrypto.so.3)
             n1: 6944 0x631BB22: ??? (in /usr/lib/x86_64-linux-gnu/libcrypto.so.3)
              n1: 6944 0x6233AD7: EVP_RAND_instantiate (in /usr/lib/x86_64-linux-gnu/libcrypto.so.3)
               n1: 6944 0x6285A91: ??? (in /usr/lib/x86_64-linux-gnu/libcrypto.so.3)
                n1: 6944 0x6285C2B: RAND_get0_primary (in /usr/lib/x86_64-linux-gnu/libcrypto.so.3)
                 n1: 6944 0x6285EF6: RAND_status (in /usr/lib/x86_64-linux-gnu/libcrypto.so.3)
                  n1: 6944 0x5C962CF: OQS_randombytes_openssl (in /home/anss/random/bench/install/lib/liboqs.so.0.15.0)
                   n1: 6944 0x4906597: PQCLEAN_NTRUHPS2048677_AVX2_crypto_kem_keypair (in /home/anss/random/bench/install/lib/liboqs.so.0.15.0)
                    n0: 6944 0x1092FB: main (in /home/anss/random/bench/mem_kem)
   n0: 2576 in 23 places, all below massif's threshold (1.00%)
 n3: 48000 0x6248625: OPENSSL_LH_insert (in /usr/lib/x86_64-linux-gnu/libcrypto.so.3)
  n2: 33912 0x6339B72: ??? (in /usr/lib/x86_64-linux-gnu/libcrypto.so.3)
   n1: 31944 0x6206BEF: ERR_load_strings_const (in /usr/lib/x86_64-linux-gnu/libcrypto.so.3)
    n0: 31944 in 33 places, all below massif's threshold (1.00%)
   n0: 1968 in 2 places, all below massif's threshold (1.00%)
  n1: 8328 0x62559E2: ??? (in /usr/lib/x86_64-linux-gnu/libcrypto.so.3)
   n0: 8328 in 3 places, all below massif's threshold (1.00%)
  n0: 5760 in 6 places, all below massif's threshold (1.00%)
 n0: 15238 in 34 places, all below massif's threshold (1.00%)
 n2: 11264 0x62485D3: OPENSSL_LH_insert (in /usr/lib/x86_64-linux-gnu/libcrypto.so.3)
  n2: 8192 0x6339B72: ??? (in /usr/lib/x86_64-linux-gnu/libcrypto.so.3)
   n2: 8192 0x6206BEF: ERR_load_strings_const (in /usr/lib/x86_64-linux-gnu/libcrypto.so.3)
    n1: 8192 0x62598DE: ??? (in /usr/lib/x86_64-linux-gnu/libcrypto.so.3)
     n1: 8192 0x5F0BEE7: __pthread_once_slow (pthread_once.c:116)
      n1: 8192 0x625E1EC: CRYPTO_THREAD_run_once (in /usr/lib/x86_64-linux-gnu/libcrypto.so.3)
       n1: 8192 0x625AEE2: OPENSSL_init_crypto (in /usr/lib/x86_64-linux-gnu/libcrypto.so.3)
        n1: 8192 0x6208686: ??? (in /usr/lib/x86_64-linux-gnu/libcrypto.so.3)
         n1: 8192 0x620904C: ERR_set_mark (in /usr/lib/x86_64-linux-gnu/libcrypto.so.3)
          n1: 8192 0x61B5451: CONF_modules_load_file_ex (in /usr/lib/x86_64-linux-gnu/libcrypto.so.3)
           n1: 8192 0x625A6EF: ??? (in /usr/lib/x86_64-linux-gnu/libcrypto.so.3)
            n1: 8192 0x5F0BEE7: __pthread_once_slow (pthread_once.c:116)
             n1: 8192 0x625E1EC: CRYPTO_THREAD_run_once (in /usr/lib/x86_64-linux-gnu/libcrypto.so.3)
              n1: 8192 0x625B155: OPENSSL_init_crypto (in /usr/lib/x86_64-linux-gnu/libcrypto.so.3)
               n1: 8192 0x63307AC: ??? (in /usr/lib/x86_64-linux-gnu/libcrypto.so.3)
                n1: 8192 0x62853A4: RAND_get_rand_method (in /usr/lib/x86_64-linux-gnu/libcrypto.so.3)
                 n1: 8192 0x6285EC9: RAND_status (in /usr/lib/x86_64-linux-gnu/libcrypto.so.3)
                  n1: 8192 0x5C962CF: OQS_randombytes_openssl (in /home/anss/random/bench/install/lib/liboqs.so.0.15.0)
                   n1: 8192 0x4906597: PQCLEAN_NTRUHPS2048677_AVX2_crypto_kem_keypair (in /home/anss/random/bench/install/lib/liboqs.so.0.15.0)
                    n0: 8192 0x1092FB: main (in /home/anss/random/bench/mem_kem)
    n0: 0 in 3 places, all below massif's threshold (1.00%)
   n0: 0 in 2 places, all below massif's threshold (1.00%)
  n0: 3072 in 3 places, all below massif's threshold (1.00%)
 n1: 7147 0x6253C72: CRYPTO_strndup (in /usr/lib/x86_64-linux-gnu/libcrypto.so.3)
  n0: 7147 in 4 places, all below massif's threshold (1.00%)
#-----------
snapshot=47
#-----------
time=9367841
mem_heap_B=549777
mem_heap_extra_B=59311
mem_stacks_B=0
heap_tree=empty
#-----------
snapshot=48
#-----------
time=9515661
mem_heap_B=549777
mem_heap_extra_B=59311
mem_stacks_B=0
heap_tree=empty
#-----------
snapshot=49
#-----------
time=9698370
mem_heap_B=516544
mem_heap_extra_B=55352
mem_stacks_B=0
heap_tree=empty
#-----------
snapshot=50
#-----------
time=9785003
mem_heap_B=502841
mem_heap_extra_B=53487
mem_stacks_B=0
heap_tree=empty
#-----------
snapshot=51
#-----------
time=9868191
mem_heap_B=489204
mem_heap_extra_B=51620
mem_stacks_B=0
heap_tree=empty
#-----------
snapshot=52
#-----------
time=9954175
mem_heap_B=483248
mem_heap_extra_B=50760
mem_stacks_B=0
heap_tree=empty
#-----------
snapshot=53
#-----------
time=10039755
mem_heap_B=467373
mem_heap_extra_B=48611
mem_stacks_B=0
heap_tree=empty
#-----------
snapshot=54
#-----------
time=10125188
mem_heap_B=451359
mem_heap_extra_B=46409
mem_stacks_B=0
heap_tree=detailed
n6: 451359 (heap allocation functions) malloc/new/new[], --alloc-fns, etc.
 n4: 379904 0x6252C3D: CRYPTO_zalloc (in /usr/lib/x86_64-linux-gnu/libcrypto.so.3)
  n1: 294912 0x625DFC4: ??? (in /usr/lib/x86_64-linux-gnu/libcrypto.so.3)
   n1: 294912 0x6284365: ??? (in /usr/lib/x86_64-linux-gnu/libcrypto.so.3)
    n1: 294912 0x6227DB9: ??? (in /usr/lib/x86_64-linux-gnu/libcrypto.so.3)
     n1: 294912 0x6247CFB: ??? (in /usr/lib/x86_64-linux-gnu/libcrypto.so.3)
      n1: 294912 0x6247BBB: ??? (in /usr/lib/x86_64-linux-gnu/libcrypto.so.3)
       n1: 294912 0x62672DA: ??? (in /usr/lib/x86_64-linux-gnu/libcrypto.so.3)
        n1: 294912 0x63309E7: ??? (in /usr/lib/x86_64-linux-gnu/libcrypto.so.3)
         n2: 294912 0x633103D: ??? (in /usr/lib/x86_64-linux-gnu/libcrypto.so.3)
          n1: 262144 0x6228652: EVP_CIPHER_fetch (in /usr/lib/x86_64-linux-gnu/libcrypto.so.3)
           n1: 262144 0x631B6C4: ??? (in /usr/lib/x86_64-linux-gnu/libcrypto.so.3)
            n1: 262144 0x631BB22: ??? (in /usr/lib/x86_64-linux-gnu/libcrypto.so.3)
             n1: 262144 0x6233AD7: EVP_RAND_instantiate (in /usr/lib/x86_64-linux-gnu/libcrypto.so.3)
              n1: 262144 0x6285A91: ??? (in /usr/lib/x86_64-linux-gnu/libcrypto.so.3)
               n1: 262144 0x6285C2B: RAND_get0_primary (in /usr/lib/x86_64-linux-gnu/libcrypto.so.3)
                n1: 262144 0x6285EF6: RAND_status (in /usr/lib/x86_64-linux-gnu/libcrypto.so.3)
                 n1: 262144 0x5C962CF: OQS_randombytes_openssl (in /home/anss/random/bench/install/lib/liboqs.so.0.15.0)
                  n1: 262144 0x4906597: PQCLEAN_NTRUHPS2048677_AVX2_crypto_kem_keypair (in /home/anss/random/bench/install/lib/liboqs.so.0.15.0)
                   n0: 262144 0x1092FB: main (in /home/anss/random/bench/mem_kem)
          n1: 32768 0x62336C2: EVP_RAND_fetch (in /usr/lib/x86_64-linux-gnu/libcrypto.so.3)
           n1: 32768 0x6285CDB: RAND_get0_primary (in /usr/lib/x86_64-linux-gnu/libcrypto.so.3)
            n1: 32768 0x6285EF6: RAND_status (in /usr/lib/x86_64-linux-gnu/libcrypto.so.3)
             n1: 32768 0x5C962CF: OQS_randombytes_openssl (in /home/anss/random/bench/install/lib/liboqs.so.0.15.0)
              n1: 32768 0x4906597: PQCLEAN_NTRUHPS2048677_AVX2_crypto_kem_keypair (in /home/anss/random/bench/install/lib/liboqs.so.0.15.0)
               n0: 32768 0x1092FB: main (in /home/anss/random/bench/mem_kem)
  n1: 65536 0x625DF52: ??? (in /usr/lib/x86_64-linux-gnu/libcrypto.so.3)
   n1: 65536 0x6284365: ??? (in /usr/lib/x86_64-linux-gnu/libcrypto.so.3)
    n1: 65536 0x6227DB9: ??? (in /usr/lib/x86_64-linux-gnu/libcrypto.so.3)
     n1: 65536 0x6247CFB: ??? (in /usr/lib/x86_64-linux-gnu/libcrypto.so.3)
      n1: 65536 0x6247BBB: ??? (in /usr/lib/x86_64-linux-gnu/libcrypto.so.3)
       n1: 65536 0x62672DA: ??? (in /usr/lib/x86_64-linux-gnu/libcrypto.so.3)
        n1: 65536 0x63309E7: ??? (in /usr/lib/x86_64-linux-gnu/libcrypto.so.3)
         n1: 65536 0x633103D: ??? (in /usr/lib/x86_64-linux-gnu/libcrypto.so.3)
          n1: 65536 0x62336C2: EVP_RAND_fetch (in /usr/lib/x86_64-linux-gnu/libcrypto.so.3)
           n1: 65536 0x6285CDB: RAND_get0_primary (in /usr/lib/x86_64-linux-gnu/libcrypto.so.3)
            n1: 65536 0x6285EF6: RAND_status (in /usr/lib/x86_64-linux-gnu/libcrypto.so.3)
             n1: 65536 0x5C962CF: OQS_randombytes_openssl (in /home/anss/random/bench/install/lib/liboqs.so.0.15.0)
              n1: 65536 0x4906597: PQCLEAN_NTRUHPS2048677_AVX2_crypto_kem_keypair (in /home/anss/random/bench/install/lib/liboqs.so.0.15.0)
               n0: 65536 0x1092FB: main (in /home/anss/random/bench/mem_kem)
  n0: 13904 in 38 places, all below massif's threshold (1.00%)
  n1: 5552 0x62559A6: ??? (in /usr/lib/x86_64-linux-gnu/libcrypto.so.3)
   n0: 5552 in 3 places, all below massif's threshold (1.00%)
 n4: 47904 0x6248625: OPENSSL_LH_insert (in /usr/lib/x86_64-linux-gnu/libcrypto.so.3)
  n2: 33912 0x6339B72: ??? (in /usr/lib/x86_64-linux-gnu/libcrypto.so.3)
   n1: 31944 0x6206BEF: ERR_load_strings_const (in /usr/lib/x86_64-linux-gnu/libcrypto.so.3)
    n0: 31944 in 33 places, all below massif's threshold (1.00%)
   n0: 1968 in 2 places, all below massif's threshold (1.00%)
  n1: 8328 0x62559E2: ??? (in /usr/lib/x86_64-linux-gnu/libcrypto.so.3)
   n0: 8328 in 3 places, all below massif's threshold (1.00%)
  n1: 5424 0x626961A: OBJ_NAME_add (in /usr/lib/x86_64-linux-gnu/libcrypto.so.3)
   n0: 5424 in 57 places, all below massif's threshold (1.00%)
  n0: 240 in 5 places, all below massif's threshold (1.00%)
 n2: 11264 0x62485D3: OPENSSL_LH_insert (in /usr/lib/x86_64-linux-gnu/libcrypto.so.3)
  n2: 8192 0x6339B72: ??? (in /usr/lib/x86_64-linux-gnu/libcrypto.so.3)
   n2: 8192 0x6206BEF: ERR_load_strings_const (in /usr/lib/x86_64-linux-gnu/libcrypto.so.3)
    n1: 8192 0x62598DE: ??? (in /usr/lib/x86_64-linux-gnu/libcrypto.so.3)
     n1: 8192 0x5F0BEE7: __pthread_once_slow (pthread_once.c:116)
      n1: 8192 0x625E1EC: CRYPTO_THREAD_run_once (in /usr/lib/x86_64-linux-gnu/libcrypto.so.3)
       n1: 8192 0x625AEE2: OPENSSL_init_crypto (in /usr/lib/x86_64-linux-gnu/libcrypto.so.3)
        n1: 8192 0x6208686: ??? (in /usr/lib/x86_64-linux-gnu/libcrypto.so.3)
         n1: 8192 0x620904C: ERR_set_mark (in /usr/lib/x86_64-linux-gnu/libcrypto.so.3)
          n1: 8192 0x61B5451: CONF_modules_load_file_ex (in /usr/lib/x86_64-linux-gnu/libcrypto.so.3)
           n1: 8192 0x625A6EF: ??? (in /usr/lib/x86_64-linux-gnu/libcrypto.so.3)
            n1: 8192 0x5F0BEE7: __pthread_once_slow (pthread_once.c:116)
             n1: 8192 0x625E1EC: CRYPTO_THREAD_run_once (in /usr/lib/x86_64-linux-gnu/libcrypto.so.3)
              n1: 8192 0x625B155: OPENSSL_init_crypto (in /usr/lib/x86_64-linux-gnu/libcrypto.so.3)
               n1: 8192 0x63307AC: ??? (in /usr/lib/x86_64-linux-gnu/libcrypto.so.3)
                n1: 8192 0x62853A4: RAND_get_rand_method (in /usr/lib/x86_64-linux-gnu/libcrypto.so.3)
                 n1: 8192 0x6285EC9: RAND_status (in /usr/lib/x86_64-linux-gnu/libcrypto.so.3)
                  n1: 8192 0x5C962CF: OQS_randombytes_openssl (in /home/anss/random/bench/install/lib/liboqs.so.0.15.0)
                   n1: 8192 0x4906597: PQCLEAN_NTRUHPS2048677_AVX2_crypto_kem_keypair (in /home/anss/random/bench/install/lib/liboqs.so.0.15.0)
                    n0: 8192 0x1092FB: main (in /home/anss/random/bench/mem_kem)
    n0: 0 in 3 places, all below massif's threshold (1.00%)
   n0: 0 in 2 places, all below massif's threshold (1.00%)
  n0: 3072 in 3 places, all below massif's threshold (1.00%)
 n2: 5496 0x6253C72: CRYPTO_strndup (in /usr/lib/x86_64-linux-gnu/libcrypto.so.3)
  n1: 5312 0x62559C1: ??? (in /usr/lib/x86_64-linux-gnu/libcrypto.so.3)
   n0: 5312 in 3 places, all below massif's threshold (1.00%)
  n0: 184 in 3 places, all below massif's threshold (1.00%)
 n1: 5424 0x62695D8: OBJ_NAME_add (in /usr/lib/x86_64-linux-gnu/libcrypto.so.3)
  n0: 5424 in 208 places, all below massif's threshold (1.00%)
 n0: 1367 in 35 places, all below massif's threshold (1.00%)
#-----------
snapshot=55
#-----------
time=10295093
mem_heap_B=407991
mem_heap_extra_B=44977
mem_stacks_B=0
heap_tree=empty
#-----------
snapshot=56
#-----------
time=10401733
mem_heap_B=342455
mem_heap_extra_B=44961
mem_stacks_B=0
heap_tree=empty
#-----------
snapshot=57
#-----------
time=10508373
mem_heap_B=276919
mem_heap_extra_B=44945
mem_stacks_B=0
heap_tree=empty
#-----------
snapshot=58
#-----------
time=10615026
mem_heap_B=211383
mem_heap_extra_B=44929
mem_stacks_B=0
heap_tree=empty
#-----------
snapshot=59
#-----------
time=10721666
mem_heap_B=145847
mem_heap_extra_B=44913
mem_stacks_B=0
heap_tree=empty
#-----------
snapshot=60
#-----------
time=10828143
mem_heap_B=80311
mem_heap_extra_B=44897
mem_stacks_B=0
heap_tree=empty
#-----------
snapshot=61
#-----------
time=10911353
mem_heap_B=53360
mem_heap_extra_B=29184
mem_stacks_B=0
heap_tree=empty
#-----------
snapshot=62
#-----------
time=10994560
mem_heap_B=49328
mem_heap_extra_B=26496
mem_stacks_B=0
heap_tree=empty
#-----------
snapshot=63
#-----------
time=11078452
mem_heap_B=45296
mem_heap_extra_B=23808
mem_stacks_B=0
heap_tree=empty
#-----------
snapshot=64
#-----------
time=11161606
mem_heap_B=17104
mem_heap_extra_B=5840
mem_stacks_B=0
heap_tree=detailed
n3: 17104 (heap allocation functions) malloc/new/new[], --alloc-fns, etc.
 n2: 8736 0x6248625: OPENSSL_LH_insert (in /usr/lib/x86_64-linux-gnu/libcrypto.so.3)
  n3: 8736 0x6339B72: ??? (in /usr/lib/x86_64-linux-gnu/libcrypto.so.3)
   n16: 7992 0x6206BEF: ERR_load_strings_const (in /usr/lib/x86_64-linux-gnu/libcrypto.so.3)
    n0: 2016 in 18 places, all below massif's threshold (1.00%)
    n1: 624 0x6259801: ??? (in /usr/lib/x86_64-linux-gnu/libcrypto.so.3)
     n1: 624 0x5F0BEE7: __pthread_once_slow (pthread_once.c:116)
      n1: 624 0x625E1EC: CRYPTO_THREAD_run_once (in /usr/lib/x86_64-linux-gnu/libcrypto.so.3)
       n1: 624 0x625AEE2: OPENSSL_init_crypto (in /usr/lib/x86_64-linux-gnu/libcrypto.so.3)
        n1: 624 0x6208686: ??? (in /usr/lib/x86_64-linux-gnu/libcrypto.so.3)
         n1: 624 0x620904C: ERR_set_mark (in /usr/lib/x86_64-linux-gnu/libcrypto.so.3)
          n1: 624 0x61B5451: CONF_modules_load_file_ex (in /usr/lib/x86_64-linux-gnu/libcrypto.so.3)
           n1: 624 0x625A6EF: ??? (in /usr/lib/x86_64-linux-gnu/libcrypto.so.3)
            n1: 624 0x5F0BEE7: __pthread_once_slow (pthread_once.c:116)
             n1: 624 0x625E1EC: CRYPTO_THREAD_run_once (in /usr/lib/x86_64-linux-gnu/libcrypto.so.3)
              n1: 624 0x625B155: OPENSSL_init_crypto (in /usr/lib/x86_64-linux-gnu/libcrypto.so.3)
               n1: 624 0x63307AC: ??? (in /usr/lib/x86_64-linux-gnu/libcrypto.so.3)
                n1: 624 0x62853A4: RAND_get_rand_method (in /usr/lib/x86_64-linux-gnu/libcrypto.so.3)
                 n1: 624 0x6285EC9: RAND_status (in /usr/lib/x86_64-linux-gnu/libcrypto.so.3)
                  n1: 624 0x5C962CF: OQS_randombytes_openssl (in /home/anss/random/bench/install/lib/liboqs.so.0.15.0)
                   n1: 624 0x4906597: PQCLEAN_NTRUHPS2048677_AVX2_crypto_kem_keypair (in /home/anss/random/bench/install/lib/liboqs.so.0.15.0)
                    n0: 624 0x1092FB: main (in /home/anss/random/bench/mem_kem)
    n1: 600 0x625972B: ??? (in /usr/lib/x86_64-linux-gnu/libcrypto.so.3)
     n1: 600 0x5F0BEE7: __pthread_once_slow (pthread_once.c:116)
      n1: 600 0x625E1EC: CRYPTO_THREAD_run_once (in /usr/lib/x86_64-linux-gnu/libcrypto.so.3)
       n1: 600 0x625AEE2: OPENSSL_init_crypto (in /usr/lib/x86_64-linux-gnu/libcrypto.so.3)
        n1: 600 0x6208686: ??? (in /usr/lib/x86_64-linux-gnu/libcrypto.so.3)
         n1: 600 0x620904C: ERR_set_mark (in /usr/lib/x86_64-linux-gnu/libcrypto.so.3)
          n1: 600 0x61B5451: CONF_modules_load_file_ex (in /usr/lib/x86_64-linux-gnu/libcrypto.so.3)
           n1: 600 0x625A6EF: ??? (in /usr/lib/x86_64-linux-gnu/libcrypto.so.3)
            n1: 600 0x5F0BEE7: __pthread_once_slow (pthread_once.c:116)
             n1: 600 0x625E1EC: CRYPTO_THREAD_run_once (in /usr/lib/x86_64-linux-gnu/libcrypto.so.3)
              n1: 600 0x625B155: OPENSSL_init_crypto (in /usr/lib/x86_64-linux-gnu/libcrypto.so.3)
               n1: 600 0x63307AC: ??? (in /usr/lib/x86_64-linux-gnu/libcrypto.so.3)
                n1: 600 0x62853A4: RAND_get_rand_method (in /usr/lib/x86_64-linux-gnu/libcrypto.so.3)
                 n1: 600 0x6285EC9: RAND_status (in /usr/lib/x86_64-linux-gnu/libcrypto.so.3)
                  n1: 600 0x5C962CF: OQS_randombytes_openssl (in /home/anss/random/bench/install/lib/liboqs.so.0.15.0)
                   n1: 600 0x4906597: PQCLEAN_NTRUHPS2048677_AVX2_crypto_kem_keypair (in /home/anss/random/bench/install/lib/liboqs.so.0.15.0)
                    n0: 600 0x1092FB: main (in /home/anss/random/bench/mem_kem)
    n1: 600 0x625979B: ??? (in /usr/lib/x86_64-linux-gnu/libcrypto.so.3)
     n1: 600 0x5F0BEE7: __pthread_once_slow (pthread_once.c:116)
      n1: 600 0x625E1EC: CRYPTO_THREAD_run_once (in /usr/lib/x86_64-linux-gnu/libcrypto.so.3)
       n1: 600 0x625AEE2: OPENSSL_init_crypto (in /usr/lib/x86_64-linux-gnu/libcrypto.so.3)
        n1: 600 0x6208686: ??? (in /usr/lib/x86_64-linux-gnu/libcrypto.so.3)
         n1: 600 0x620904C: ERR_set_mark (in /usr/lib/x86_64-linux-gnu/libcrypto.so.3)
          n1: 600 0x61B5451: CONF_modules_load_file_ex (in /usr/lib/x86_64-linux-gnu/libcrypto.so.3)
           n1: 600 0x625A6EF: ??? (in /usr/lib/x86_64-linux-gnu/libcrypto.so.3)
            n1: 600 0x5F0BEE7: __pthread_once_slow (pthread_once.c:116)
             n1: 600 0x625E1EC: CRYPTO_THREAD_run_once (in /usr/lib/x86_64-linux-gnu/libcrypto.so.3)
              n1: 600 0x625B155: OPENSSL_init_crypto (in /usr/lib/x86_64-linux-gnu/libcrypto.so.3)
               n1: 600 0x63307AC: ??? (in /usr/lib/x86_64-linux-gnu/libcrypto.so.3)
                n1: 600 0x62853A4: RAND_get_rand_method (in /usr/lib/x86_64-linux-gnu/libcrypto.so.3)
                 n1: 600 0x6285EC9: RAND_status (in /usr/lib/x86_64-linux-gnu/libcrypto.so.3)
                  n1: 600 0x5C962CF: OQS_randombytes_openssl (in /home/anss/random/bench/install/lib/liboqs.so.0.15.0)
                   n1: 600 0x4906597: PQCLEAN_NTRUHPS2048677_AVX2_crypto_kem_keypair (in /home/anss/random/bench/install/lib/liboqs.so.0.15.0)
                    n0: 600 0x1092FB: main (in /home/anss/random/bench/mem_kem)
    n1: 552 0x6259823: ??? (in /usr/lib/x86_64-linux-gnu/libcrypto.so.3)
     n1: 552 0x5F0BEE7: __pthread_once_slow (pthread_once.c:116)
      n1: 552 0x625E1EC: CRYPTO_THREAD_run_once (in /usr/lib/x86_64-linux-gnu/libcrypto.so.3)
       n1: 552 0x625AEE2: OPENSSL_init_crypto (in /usr/lib/x86_64-linux-gnu/libcrypto.so.3)
        n1: 552 0x6208686: ??? (in /usr/lib/x86_64-linux-gnu/libcrypto.so.3)
         n1: 552 0x620904C: ERR_set_mark (in /usr/lib/x86_64-linux-gnu/libcrypto.so.3)
          n1: 552 0x61B5451: CONF_modules_load_file_ex (in /usr/lib/x86_64-linux-gnu/libcrypto.so.3)
           n1: 552 0x625A6EF: ??? (in /usr/lib/x86_64-linux-gnu/libcrypto.so.3)
            n1: 552 0x5F0BEE7: __pthread_once_slow (pthread_once.c:116)
             n1: 552 0x625E1EC: CRYPTO_THREAD_run_once (in /usr/lib/x86_64-linux-gnu/libcrypto.so.3)
              n1: 552 0x625B155: OPENSSL_init_crypto (in /usr/lib/x86_64-linux-gnu/libcrypto.so.3)
               n1: 552 0x63307AC: ??? (in /usr/lib/x86_64-linux-gnu/libcrypto.so.3)
                n1: 552 0x62853A4: RAND_get_rand_method (in /usr/lib/x86_64-linux-gnu/libcrypto.so.3)
                 n1: 552 0x6285EC9: RAND_status (in /usr/lib/x86_64-linux-gnu/libcrypto.so.3)
                  n1: 552 0x5C962CF: OQS_randombytes_openssl (in /home/anss/random/bench/install/lib/liboqs.so.0.15.0)
                   n1: 552 0x4906597: PQCLEAN_NTRUHPS2048677_AVX2_crypto_kem_keypair (in /home/anss/random/bench/install/lib/liboqs.so.0.15.0)
                    n0: 552 0x1092FB: main (in /home/anss/random/bench/mem_kem)
    n1: 552 0x6259845: ??? (in /usr/lib/x86_64-linux-gnu/libcrypto.so.3)
     n1: 552 0x5F0BEE7: __pthread_once_slow (pthread_once.c:116)
      n1: 552 0x625E1EC: CRYPTO_THREAD_run_once (in /usr/lib/x86_64-linux-gnu/libcrypto.so.3)
       n1: 552 0x625AEE2: OPENSSL_init_crypto (in /usr/lib/x86_64-linux-gnu/libcrypto.so.3)
        n1: 552 0x6208686: ??? (in /usr/lib/x86_64-linux-gnu/libcrypto.so.3)
         n1: 552 0x620904C: ERR_set_mark (in /usr/lib/x86_64-linux-gnu/libcrypto.so.3)
          n1: 552 0x61B5451: CONF_modules_load_file_ex (in /usr/lib/x86_64-linux-gnu/libcrypto.so.3)
           n1: 552 0x625A6EF: ??? (in /usr/lib/x86_64-linux-gnu/libcrypto.so.3)
            n1: 552 0x5F0BEE7: __pthread_once_slow (pthread_once.c:116)
             n1: 552 0x625E1EC: CRYPTO_THREAD_run_once (in /usr/lib/x86_64-linux-gnu/libcrypto.so.3)
              n1: 552 0x625B155: OPENSSL_init_crypto (in /usr/lib/x86_64-linux-gnu/libcrypto.so.3)
               n1: 552 0x63307AC: ??? (in /usr/lib/x86_64-linux-gnu/libcrypto.so.3)
                n1: 552 0x62853A4: RAND_get_rand_method (in /usr/lib/x86_64-linux-gnu/libcrypto.so.3)
                 n1: 552 0x6285EC9: RAND_status (in /usr/lib/x86_64-linux-gnu/libcrypto.so.3)
                  n1: 552 0x5C962CF: OQS_randombytes_openssl (in /home/anss/random/bench/install/lib/liboqs.so.0.15.0)
                   n1: 552 0x4906597: PQCLEAN_NTRUHPS2048677_AVX2_crypto_kem_keypair (in /home/anss/random/bench/install/lib/liboqs.so.0.15.0)
                    n0: 552 0x1092FB: main (in /home/anss/random/bench/mem_kem)
    n1: 432 0x6259783: ??? (in /usr/lib/x86_64-linux-gnu/libcrypto.so.3)
     n1: 432 0x5F0BEE7: __pthread_once_slow (pthread_once.c:116)
      n1: 432 0x625E1EC: CRYPTO_THREAD_run_once (in /usr/lib/x86_64-linux-gnu/libcrypto.so.3)
       n1: 432 0x625AEE2: OPENSSL_init_crypto (in /usr/lib/x86_64-linux-gnu/libcrypto.so.3)
        n1: 432 0x6208686: ??? (in /usr/lib/x86_64-linux-gnu/libcrypto.so.3)
         n1: 432 0x620904C: ERR_set_mark (in /usr/lib/x86_64-linux-gnu/libcrypto.so.3)
          n1: 432 0x61B5451: CONF_modules_load_file_ex (in /usr/lib/x86_64-linux-gnu/libcrypto.so.3)
           n1: 432 0x625A6EF: ??? (in /usr/lib/x86_64-linux-gnu/libcrypto.so.3)
            n1: 432 0x5F0BEE7: __pthread_once_slow (pthread_once.c:116)
             n1: 432 0x625E1EC: CRYPTO_THREAD_run_once (in /usr/lib/x86_64-linux-gnu/libcrypto.so.3)
              n1: 432 0x625B155: OPENSSL_init_crypto (in /usr/lib/x86_64-linux-gnu/libcrypto.so.3)
               n1: 432 0x63307AC: ??? (in /usr/lib/x86_64-linux-gnu/libcrypto.so.3)
                n1: 432 0x62853A4: RAND_get_rand_method (in /usr/lib/x86_64-linux-gnu/libcrypto.so.3)
                 n1: 432 0x6285EC9: RAND_status (in /usr/lib/x86_64-linux-gnu/libcrypto.so.3)
                  n1: 432 0x5C962CF: OQS_randombytes_openssl (in /home/anss/random/bench/install/lib/liboqs.so.0.15.0)
                   n1: 432 0x4906597: PQCLEAN_NTRUHPS2048677_AVX2_crypto_kem_keypair (in /home/anss/random/bench/install/lib/liboqs.so.0.15.0)
                    n0: 432 0x1092FB: main (in /home/anss/random/bench/mem_kem)
    n1: 408 0x62598CD: ??? (in /usr/lib/x86_64-linux-gnu/libcrypto.so.3)
     n1: 408 0x5F0BEE7: __pthread_once_slow (pthread_once.c:116)
      n1: 408 0x625E1EC: CRYPTO_THREAD_run_once (in /usr/lib/x86_64-linux-gnu/libcrypto.so.3)
       n1: 408 0x625AEE2: OPENSSL_init_crypto (in /usr/lib/x86_64-linux-gnu/libcrypto.so.3)
        n1: 408 0x6208686: ??? (in /usr/lib/x86_64-linux-gnu/libcrypto.so.3)
         n1: 408 0x620904C: ERR_set_mark (in /usr/lib/x86_64-linux-gnu/libcrypto.so.3)
          n1: 408 0x61B5451: CONF_modules_load_file_ex (in /usr/lib/x86_64-linux-gnu/libcrypto.so.3)
           n1: 408 0x625A6EF: ??? (in /usr/lib/x86_64-linux-gnu/libcrypto.so.3)
            n1: 408 0x5F0BEE7: __pthread_once_slow (pthread_once.c:116)
             n1: 408 0x625E1EC: CRYPTO_THREAD_run_once (in /usr/lib/x86_64-linux-gnu/libcrypto.so.3)
              n1: 408 0x625B155: OPENSSL_init_crypto (in /usr/lib/x86_64-linux-gnu/libcrypto.so.3)
               n1: 408 0x63307AC: ??? (in /usr/lib/x86_64-linux-gnu/libcrypto.so.3)
                n1: 408 0x62853A4: RAND_get_rand_method (in /usr/lib/x86_64-linux-gnu/libcrypto.so.3)
                 n1: 408 0x6285EC9: RAND_status (in /usr/lib/x86_64-linux-gnu/libcrypto.so.3)
                  n1: 408 0x5C962CF: OQS_randombytes_openssl (in /home/anss/random/bench/install/lib/liboqs.so.0.15.0)
                   n1: 408 0x4906597: PQCLEAN_NTRUHPS2048677_AVX2_crypto_kem_keypair (in /home/anss/random/bench/install/lib/liboqs.so.0.15.0)
                    n0: 408 0x1092FB: main (in /home/anss/random/bench/mem_kem)
    n1: 384 0x62598BC: ??? (in /usr/lib/x86_64-linux-gnu/libcrypto.so.3)
     n1: 384 0x5F0BEE7: __pthread_once_slow (pthread_once.c:116)
      n1: 384 0x625E1EC: CRYPTO_THREAD_run_once (in /usr/lib/x86_64-linux-gnu/libcrypto.so.3)
       n1: 384 0x625AEE2: OPENSSL_init_crypto (in /usr/lib/x86_64-linux-gnu/libcrypto.so.3)
        n1: 384 0x6208686: ??? (in /usr/lib/x86_64-linux-gnu/libcrypto.so.3)
         n1: 384 0x620904C: ERR_set_mark (in /usr/lib/x86_64-linux-gnu/libcrypto.so.3)
          n1: 384 0x61B5451: CONF_modules_load_file_ex (in /usr/lib/x86_64-linux-gnu/libcrypto.so.3)
           n1: 384 0x625A6EF: ??? (in /usr/lib/x86_64-linux-gnu/libcrypto.so.3)
            n1: 384 0x5F0BEE7: __pthread_once_slow (pthread_once.c:116)
             n1: 384 0x625E1EC: CRYPTO_THREAD_run_once (in /usr/lib/x86_64-linux-gnu/libcrypto.so.3)
              n1: 384 0x625B155: OPENSSL_init_crypto (in /usr/lib/x86_64-linux-gnu/libcrypto.so.3)
               n1: 384 0x63307AC: ??? (in /usr/lib/x86_64-linux-gnu/libcrypto.so.3)
                n1: 384 0x62853A4: RAND_get_rand_method (in /usr/lib/x86_64-linux-gnu/libcrypto.so.3)
                 n1: 384 0x6285EC9: RAND_status (in /usr/lib/x86_64-linux-gnu/libcrypto.so.3)
                  n1: 384 0x5C962CF: OQS_randombytes_openssl (in /home/anss/random/bench/install/lib/liboqs.so.0.15.0)
                   n1: 384 0x4906597: PQCLEAN_NTRUHPS2048677_AVX2_crypto_kem_keypair (in /home/anss/random/bench/install/lib/liboqs.so.0.15.0)
                    n0: 384 0x1092FB: main (in /home/anss/random/bench/mem_kem)
    n1: 288 0x62597DF: ??? (in /usr/lib/x86_64-linux-gnu/libcrypto.so.3)
     n1: 288 0x5F0BEE7: __pthread_once_slow (pthread_once.c:116)
      n1: 288 0x625E1EC: CRYPTO_THREAD_run_once (in /usr/lib/x86_64-linux-gnu/libcrypto.so.3)
       n1: 288 0x625AEE2: OPENSSL_init_crypto (in /usr/lib/x86_64-linux-gnu/libcrypto.so.3)
        n1: 288 0x6208686: ??? (in /usr/lib/x86_64-linux-gnu/libcrypto.so.3)
         n1: 288 0x620904C: ERR_set_mark (in /usr/lib/x86_64-linux-gnu/libcrypto.so.3)
          n1: 288 0x61B5451: CONF_modules_load_file_ex (in /usr/lib/x86_64-linux-gnu/libcrypto.so.3)
           n1: 288 0x625A6EF: ??? (in /usr/lib/x86_64-linux-gnu/libcrypto.so.3)
            n1: 288 0x5F0BEE7: __pthread_once_slow (pthread_once.c:116)
             n1: 288 0x625E1EC: CRYPTO_THREAD_run_once (in /usr/lib/x86_64-linux-gnu/libcrypto.so.3)
              n1: 288 0x625B155: OPENSSL_init_crypto (in /usr/lib/x86_64-linux-gnu/libcrypto.so.3)
               n1: 288 0x63307AC: ??? (in /usr/lib/x86_64-linux-gnu/libcrypto.so.3)
                n1: 288 0x62853A4: RAND_get_rand_method (in /usr/lib/x86_64-linux-gnu/libcrypto.so.3)
                 n1: 288 0x6285EC9: RAND_status (in /usr/lib/x86_64-linux-gnu/libcrypto.so.3)
                  n1: 288 0x5C962CF: OQS_randombytes_openssl (in /home/anss/random/bench/install/lib/liboqs.so.0.15.0)
                   n1: 288 0x4906597: PQCLEAN_NTRUHPS2048677_AVX2_crypto_kem_keypair (in /home/anss/random/bench/install/lib/liboqs.so.0.15.0)
                    n0: 288 0x1092FB: main (in /home/anss/random/bench/mem_kem)
    n1: 288 0x625989A: ??? (in /usr/lib/x86_64-linux-gnu/libcrypto.so.3)
     n1: 288 0x5F0BEE7: __pthread_once_slow (pthread_once.c:116)
      n1: 288 0x625E1EC: CRYPTO_THREAD_run_once (in /usr/lib/x86_64-linux-gnu/libcrypto.so.3)
       n1: 288 0x625AEE2: OPENSSL_init_crypto (in /usr/lib/x86_64-linux-gnu/libcrypto.so.3)
        n1: 288 0x6208686: ??? (in /usr/lib/x86_64-linux-gnu/libcrypto.so.3)
         n1: 288 0x620904C: ERR_set_mark (in /usr/lib/x86_64-linux-gnu/libcrypto.so.3)
          n1: 288 0x61B5451: CONF_modules_load_file_ex (in /usr/lib/x86_64-linux-gnu/libcrypto.so.3)
           n1: 288 0x625A6EF: ??? (in /usr/lib/x86_64-linux-gnu/libcrypto.so.3)
            n1: 288 0x5F0BEE7: __pthread_once_slow (pthread_once.c:116)
             n1: 288 0x625E1EC: CRYPTO_THREAD_run_once (in /usr/lib/x86_64-linux-gnu/libcrypto.so.3)
              n1: 288 0x625B155: OPENSSL_init_crypto (in /usr/lib/x86_64-linux-gnu/libcrypto.so.3)
               n1: 288 0x63307AC: ??? (in /usr/lib/x86_64-linux-gnu/libcrypto.so.3)
                n1: 288 0x62853A4: RAND_get_rand_method (in /usr/lib/x86_64-linux-gnu/libcrypto.so.3)
                 n1: 288 0x6285EC9: RAND_status (in /usr/lib/x86_64-linux-gnu/libcrypto.so.3)
                  n1: 288 0x5C962CF: OQS_randombytes_openssl (in /home/anss/random/bench/install/lib/liboqs.so.0.15.0)
                   n1: 288 0x4906597: PQCLEAN_NTRUHPS2048677_AVX2_crypto_kem_keypair (in /home/anss/random/bench/install/lib/liboqs.so.0.15.0)
                    n0: 288 0x1092FB: main (in /home/anss/random/bench/mem_kem)
    n1: 264 0x6259922: ??? (in /usr/lib/x86_64-linux-gnu/libcrypto.so.3)
     n1: 264 0x5F0BEE7: __pthread_once_slow (pthread_once.c:116)
      n1: 264 0x625E1EC: CRYPTO_THREAD_run_once (in /usr/lib/x86_64-linux-gnu/libcrypto.so.3)
       n1: 264 0x625AEE2: OPENSSL_init_crypto (in /usr/lib/x86_64-linux-gnu/libcrypto.so.3)
        n1: 264 0x6208686: ??? (in /usr/lib/x86_64-linux-gnu/libcrypto.so.3)
         n1: 264 0x620904C: ERR_set_mark (in /usr/lib/x86_64-linux-gnu/libcrypto.so.3)
          n1: 264 0x61B5451: CONF_modules_load_file_ex (in /usr/lib/x86_64-linux-gnu/libcrypto.so.3)
           n1: 264 0x625A6EF: ??? (in /usr/lib/x86_64-linux-gnu/libcrypto.so.3)
            n1: 264 0x5F0BEE7: __pthread_once_slow (pthread_once.c:116)
             n1: 264 0x625E1EC: CRYPTO_THREAD_run_once (in /usr/lib/x86_64-linux-gnu/libcrypto.so.3)
              n1: 264 0x625B155: OPENSSL_init_crypto (in /usr/lib/x86_64-linux-gnu/libcrypto.so.3)
               n1: 264 0x63307AC: ??? (in /usr/lib/x86_64-linux-gnu/libcrypto.so.3)
                n1: 264 0x62853A4: RAND_get_rand_method (in /usr/lib/x86_64-linux-gnu/libcrypto.so.3)
                 n1: 264 0x6285EC9: RAND_status (in /usr/lib/x86_64-linux-gnu/libcrypto.so.3)
                  n1: 264 0x5C962CF: OQS_randombytes_openssl (in /home/anss/random/bench/install/lib/liboqs.so.0.15.0)
                   n1: 264 0x4906597: PQCLEAN_NTRUHPS2048677_AVX2_crypto_kem_keypair (in /home/anss/random/bench/install/lib/liboqs.so.0.15.0)
                    n0: 264 0x1092FB: main (in /home/anss/random/bench/mem_kem)
    n1: 264 0x6259944: ??? (in /usr/lib/x86_64-linux-gnu/libcrypto.so.3)
     n1: 264 0x5F0BEE7: __pthread_once_slow (pthread_once.c:116)
      n1: 264 0x625E1EC: CRYPTO_THREAD_run_once (in /usr/lib/x86_64-linux-gnu/libcrypto.so.3)
       n1: 264 0x625AEE2: OPENSSL_init_crypto (in /usr/lib/x86_64-linux-gnu/libcrypto.so.3)
        n1: 264 0x6208686: ??? (in /usr/lib/x86_64-linux-gnu/libcrypto.so.3)
         n1: 264 0x620904C: ERR_set_mark (in /usr/lib/x86_64-linux-gnu/libcrypto.so.3)
          n1: 264 0x61B5451: CONF_modules_load_file_ex (in /usr/lib/x86_64-linux-gnu/libcrypto.so.3)
           n1: 264 0x625A6EF: ??? (in /usr/lib/x86_64-linux-gnu/libcrypto.so.3)
            n1: 264 0x5F0BEE7: __pthread_once_slow (pthread_once.c:116)
             n1: 264 0x625E1EC: CRYPTO_THREAD_run_once (in /usr/lib/x86_64-linux-gnu/libcrypto.so.3)
              n1: 264 0x625B155: OPENSSL_init_crypto (in /usr/lib/x86_64-linux-gnu/libcrypto.so.3)
               n1: 264 0x63307AC: ??? (in /usr/lib/x86_64-linux-gnu/libcrypto.so.3)
                n1: 264 0x62853A4: RAND_get_rand_method (in /usr/lib/x86_64-linux-gnu/libcrypto.so.3)
                 n1: 264 0x6285EC9: RAND_status (in /usr/lib/x86_64-linux-gnu/libcrypto.so.3)
                  n1: 264 0x5C962CF: OQS_randombytes_openssl (in /home/anss/random/bench/install/lib/liboqs.so.0.15.0)
                   n1: 264 0x4906597: PQCLEAN_NTRUHPS2048677_AVX2_crypto_kem_keypair (in /home/anss/random/bench/install/lib/liboqs.so.0.15.0)
                    n0: 264 0x1092FB: main (in /home/anss/random/bench/mem_kem)
    n1: 240 0x62597BD: ??? (in /usr/lib/x86_64-linux-gnu/libcrypto.so.3)
     n1: 240 0x5F0BEE7: __pthread_once_slow (pthread_once.c:116)
      n1: 240 0x625E1EC: CRYPTO_THREAD_run_once (in /usr/lib/x86_64-linux-gnu/libcrypto.so.3)
       n1: 240 0x625AEE2: OPENSSL_init_crypto (in /usr/lib/x86_64-linux-gnu/libcrypto.so.3)
        n1: 240 0x6208686: ??? (in /usr/lib/x86_64-linux-gnu/libcrypto.so.3)
         n1: 240 0x620904C: ERR_set_mark (in /usr/lib/x86_64-linux-gnu/libcrypto.so.3)
          n1: 240 0x61B5451: CONF_modules_load_file_ex (in /usr/lib/x86_64-linux-gnu/libcrypto.so.3)
           n1: 240 0x625A6EF: ??? (in /usr/lib/x86_64-linux-gnu/libcrypto.so.3)
            n1: 240 0x5F0BEE7: __pthread_once_slow (pthread_once.c:116)
             n1: 240 0x625E1EC: CRYPTO_THREAD_run_once (in /usr/lib/x86_64-linux-gnu/libcrypto.so.3)
              n1: 240 0x625B155: OPENSSL_init_crypto (in /usr/lib/x86_64-linux-gnu/libcrypto.so.3)
               n1: 240 0x63307AC: ??? (in /usr/lib/x86_64-linux-gnu/libcrypto.so.3)
                n1: 240 0x62853A4: RAND_get_rand_method (in /usr/lib/x86_64-linux-gnu/libcrypto.so.3)
                 n1: 240 0x6285EC9: RAND_status (in /usr/lib/x86_64-linux-gnu/libcrypto.so.3)
                  n1: 240 0x5C962CF: OQS_randombytes_openssl (in /home/anss/random/bench/install/lib/liboqs.so.0.15.0)
                   n1: 240 0x4906597: PQCLEAN_NTRUHPS2048677_AVX2_crypto_kem_keypair (in /home/anss/random/bench/install/lib/liboqs.so.0.15.0)
                    n0: 240 0x1092FB: main (in /home/anss/random/bench/mem_kem)
    n1: 240 0x6259889: ??? (in /usr/lib/x86_64-linux-gnu/libcrypto.so.3)
     n1: 240 0x5F0BEE7: __pthread_once_slow (pthread_once.c:116)
      n1: 240 0x625E1EC: CRYPTO_THREAD_run_once (in /usr/lib/x86_64-linux-gnu/libcrypto.so.3)
       n1: 240 0x625AEE2: OPENSSL_init_crypto (in /usr/lib/x86_64-linux-gnu/libcrypto.so.3)
        n1: 240 0x6208686: ??? (in /usr/lib/x86_64-linux-gnu/libcrypto.so.3)
         n1: 240 0x620904C: ERR_set_mark (in /usr/lib/x86_64-linux-gnu/libcrypto.so.3)
          n1: 240 0x61B5451: CONF_modules_load_file_ex (in /usr/lib/x86_64-linux-gnu/libcrypto.so.3)
           n1: 240 0x625A6EF: ??? (in /usr/lib/x86_64-linux-gnu/libcrypto.so.3)
            n1: 240 0x5F0BEE7: __pthread_once_slow (pthread_once.c:116)
             n1: 240 0x625E1EC: CRYPTO_THREAD_run_once (in /usr/lib/x86_64-linux-gnu/libcrypto.so.3)
              n1: 240 0x625B155: OPENSSL_init_crypto (in /usr/lib/x86_64-linux-gnu/libcrypto.so.3)
               n1: 240 0x63307AC: ??? (in /usr/lib/x86_64-linux-gnu/libcrypto.so.3)
                n1: 240 0x62853A4: RAND_get_rand_method (in /usr/lib/x86_64-linux-gnu/libcrypto.so.3)
                 n1: 240 0x6285EC9: RAND_status (in /usr/lib/x86_64-linux-gnu/libcrypto.so.3)
                  n1: 240 0x5C962CF: OQS_randombytes_openssl (in /home/anss/random/bench/install/lib/liboqs.so.0.15.0)
                   n1: 240 0x4906597: PQCLEAN_NTRUHPS2048677_AVX2_crypto_kem_keypair (in /home/anss/random/bench/install/lib/liboqs.so.0.15.0)
                    n0: 240 0x1092FB: main (in /home/anss/random/bench/mem_kem)
    n1: 240 0x62598EF: ??? (in /usr/lib/x86_64-linux-gnu/libcrypto.so.3)
     n1: 240 0x5F0BEE7: __pthread_once_slow (pthread_once.c:116)
      n1: 240 0x625E1EC: CRYPTO_THREAD_run_once (in /usr/lib/x86_64-linux-gnu/libcrypto.so.3)
       n1: 240 0x625AEE2: OPENSSL_init_crypto (in /usr/lib/x86_64-linux-gnu/libcrypto.so.3)
        n1: 240 0x6208686: ??? (in /usr/lib/x86_64-linux-gnu/libcrypto.so.3)
         n1: 240 0x620904C: ERR_set_mark (in /usr/lib/x86_64-linux-gnu/libcrypto.so.3)
          n1: 240 0x61B5451: CONF_modules_load_file_ex (in /usr/lib/x86_64-linux-gnu/libcrypto.so.3)
           n1: 240 0x625A6EF: ??? (in /usr/lib/x86_64-linux-gnu/libcrypto.so.3)
            n1: 240 0x5F0BEE7: __pthread_once_slow (pthread_once.c:116)
             n1: 240 0x625E1EC: CRYPTO_THREAD_run_once (in /usr/lib/x86_64-linux-gnu/libcrypto.so.3)
              n1: 240 0x625B155: OPENSSL_init_crypto (in /usr/lib/x86_64-linux-gnu/libcrypto.so.3)
               n1: 240 0x63307AC: ??? (in /usr/lib/x86_64-linux-gnu/libcrypto.so.3)
                n1: 240 0x62853A4: RAND_get_rand_method (in /usr/lib/x86_64-linux-gnu/libcrypto.so.3)
                 n1: 240 0x6285EC9: RAND_status (in /usr/lib/x86_64-linux-gnu/libcrypto.so.3)
                  n1: 240 0x5C962CF: OQS_randombytes_openssl (in /home/anss/random/bench/install/lib/liboqs.so.0.15.0)
                   n1: 240 0x4906597: PQCLEAN_NTRUHPS2048677_AVX2_crypto_kem_keypair (in /home/anss/random/bench/install/lib/liboqs.so.0.15.0)
                    n0: 240 0x1092FB: main (in /home/anss/random/bench/mem_kem)
   n1: 552 0x6259487: ??? (in /usr/lib/x86_64-linux-gnu/libcrypto.so.3)
    n1: 552 0x5F0BEE7: __pthread_once_slow (pthread_once.c:116)
     n1: 552 0x625E1EC: CRYPTO_THREAD_run_once (in /usr/lib/x86_64-linux-gnu/libcrypto.so.3)
      n1: 552 0x625AEE2: OPENSSL_init_crypto (in /usr/lib/x86_64-linux-gnu/libcrypto.so.3)
       n1: 552 0x6208686: ??? (in /usr/lib/x86_64-linux-gnu/libcrypto.so.3)
        n1: 552 0x620904C: ERR_set_mark (in /usr/lib/x86_64-linux-gnu/libcrypto.so.3)
         n1: 552 0x61B5451: CONF_modules_load_file_ex (in /usr/lib/x86_64-linux-gnu/libcrypto.so.3)
          n1: 552 0x625A6EF: ??? (in /usr/lib/x86_64-linux-gnu/libcrypto.so.3)
           n1: 552 0x5F0BEE7: __pthread_once_slow (pthread_once.c:116)
            n1: 552 0x625E1EC: CRYPTO_THREAD_run_once (in /usr/lib/x86_64-linux-gnu/libcrypto.so.3)
             n1: 552 0x625B155: OPENSSL_init_crypto (in /usr/lib/x86_64-linux-gnu/libcrypto.so.3)
              n1: 552 0x63307AC: ??? (in /usr/lib/x86_64-linux-gnu/libcrypto.so.3)
               n1: 552 0x62853A4: RAND_get_rand_method (in /usr/lib/x86_64-linux-gnu/libcrypto.so.3)
                n1: 552 0x6285EC9: RAND_status (in /usr/lib/x86_64-linux-gnu/libcrypto.so.3)
                 n1: 552 0x5C962CF: OQS_randombytes_openssl (in /home/anss/random/bench/install/lib/liboqs.so.0.15.0)
                  n1: 552 0x4906597: PQCLEAN_NTRUHPS2048677_AVX2_crypto_kem_keypair (in /home/anss/random/bench/install/lib/liboqs.so.0.15.0)
                   n0: 552 0x1092FB: main (in /home/anss/random/bench/mem_kem)
   n0: 192 in 1 place, below massif's threshold (1.00%)
  n0: 0 in 7 places, all below massif's threshold (1.00%)
 n2: 8192 0x62485D3: OPENSSL_LH_insert (in /usr/lib/x86_64-linux-gnu/libcrypto.so.3)
  n2: 8192 0x6339B72: ??? (in /usr/lib/x86_64-linux-gnu/libcrypto.so.3)
   n2: 8192 0x6206BEF: ERR_load_strings_const (in /usr/lib/x86_64-linux-gnu/libcrypto.so.3)
    n1: 8192 0x62598DE: ??? (in /usr/lib/x86_64-linux-gnu/libcrypto.so.3)
     n1: 8192 0x5F0BEE7: __pthread_once_slow (pthread_once.c:116)
      n1: 8192 0x625E1EC: CRYPTO_THREAD_run_once (in /usr/lib/x86_64-linux-gnu/libcrypto.so.3)
       n1: 8192 0x625AEE2: OPENSSL_init_crypto (in /usr/lib/x86_64-linux-gnu/libcrypto.so.3)
        n1: 8192 0x6208686: ??? (in /usr/lib/x86_64-linux-gnu/libcrypto.so.3)
         n1: 8192 0x620904C: ERR_set_mark (in /usr/lib/x86_64-linux-gnu/libcrypto.so.3)
          n1: 8192 0x61B5451: CONF_modules_load_file_ex (in /usr/lib/x86_64-linux-gnu/libcrypto.so.3)
           n1: 8192 0x625A6EF: ??? (in /usr/lib/x86_64-linux-gnu/libcrypto.so.3)
            n1: 8192 0x5F0BEE7: __pthread_once_slow (pthread_once.c:116)
             n1: 8192 0x625E1EC: CRYPTO_THREAD_run_once (in /usr/lib/x86_64-linux-gnu/libcrypto.so.3)
              n1: 8192 0x625B155: OPENSSL_init_crypto (in /usr/lib/x86_64-linux-gnu/libcrypto.so.3)
               n1: 8192 0x63307AC: ??? (in /usr/lib/x86_64-linux-gnu/libcrypto.so.3)
                n1: 8192 0x62853A4: RAND_get_rand_method (in /usr/lib/x86_64-linux-gnu/libcrypto.so.3)
                 n1: 8192 0x6285EC9: RAND_status (in /usr/lib/x86_64-linux-gnu/libcrypto.so.3)
                  n1: 8192 0x5C962CF: OQS_randombytes_openssl (in /home/anss/random/bench/install/lib/liboqs.so.0.15.0)
                   n1: 8192 0x4906597: PQCLEAN_NTRUHPS2048677_AVX2_crypto_kem_keypair (in /home/anss/random/bench/install/lib/liboqs.so.0.15.0)
                    n0: 8192 0x1092FB: main (in /home/anss/random/bench/mem_kem)
    n0: 0 in 3 places, all below massif's threshold (1.00%)
   n0: 0 in 2 places, all below massif's threshold (1.00%)
  n0: 0 in 3 places, all below massif's threshold (1.00%)
 n0: 176 in 38 places, all below massif's threshold (1.00%)
