scheme,set,category,pk,ct,rtt_ms,trial,seconds
ML-KEM,ML-KEM-512,1,800,768,50,0,0.101655
ML-KEM,ML-KEM-512,1,800,768,50,1,0.100709
ML-KEM,ML-KEM-512,1,800,768,50,2,1.117719
ML-KEM,ML-KEM-512,1,800,768,50,3,0.100803
ML-KEM,ML-KEM-512,1,800,768,50,4,0.100733
ML-KEM,ML-KEM-512,1,800,768,50,5,0.100760
ML-KEM,ML-KEM-512,1,800,768,50,6,0.100847
ML-KEM,ML-KEM-512,1,800,768,50,7,0.100907
ML-KEM,ML-KEM-512,1,800,768,50,8,0.100865
ML-KEM,ML-KEM-512,1,800,768,50,9,0.101059
ML-KEM,ML-KEM-512,1,800,768,50,10,0.101070
ML-KEM,ML-KEM-512,1,800,768,50,11,0.100719
ML-KEM,ML-KEM-512,1,800,768,50,12,0.100693
ML-KEM,ML-KEM-512,1,800,768,50,13,0.100783
ML-KEM,ML-KEM-512,1,800,768,50,14,0.100780
ML-KEM,ML-KEM-512,1,800,768,50,15,0.100838
ML-KEM,ML-KEM-512,1,800,768,50,16,0.100895
ML-KEM,ML-KEM-512,1,800,768,50,17,0.101501
ML-KEM,ML-KEM-512,1,800,768,50,18,0.101156
ML-KEM,ML-KEM-512,1,800,768,50,19,0.101038
ML-KEM,ML-KEM-512,1,800,768,50,20,0.100917
ML-KEM,ML-KEM-512,1,800,768,50,21,0.100911
ML-KEM,ML-KEM-512,1,800,768,50,22,0.101315
ML-KEM,ML-KEM-512,1,800,768,50,23,0.100872
ML-KEM,ML-KEM-512,1,800,768,50,24,0.100905
ML-KEM,ML-KEM-512,1,800,768,50,25,0.100806
ML-KEM,ML-KEM-512,1,800,768,50,26,0.100709
ML-KEM,ML-KEM-512,1,800,768,50,27,0.100592
ML-KEM,ML-KEM-512,1,800,768,50,28,0.100904
ML-KEM,ML-KEM-512,1,800,768,50,29,0.100766
ML-KEM,ML-KEM-512,1,800,768,50,30,0.100901
ML-KEM,ML-KEM-512,1,800,768,50,31,0.100906
ML-KEM,ML-KEM-512,1,800,768,50,32,0.100885
ML-KEM,ML-KEM-512,1,800,768,50,33,0.100762
ML-KEM,ML-KEM-512,1,800,768,50,34,0.100740
ML-KEM,ML-KEM-512,1,800,768,50,35,0.100838
ML-KEM,ML-KEM-512,1,800,768,50,36,0.100975
ML-KEM,ML-KEM-512,1,800,768,50,37,0.100772
ML-KEM,ML-KEM-512,1,800,768,50,38,0.100684
ML-KEM,ML-KEM-512,1,800,768,50,39,1.110372
ML-KEM,ML-KEM-512,1,800,768,50,40,0.100773
ML-KEM,ML-KEM-512,1,800,768,50,41,0.100900
ML-KEM,ML-KEM-512,1,800,768,50,42,0.100824
ML-KEM,ML-KEM-512,1,800,768,50,43,0.101069
ML-KEM,ML-KEM-512,1,800,768,50,44,0.100843
ML-KEM,ML-KEM-512,1,800,768,50,45,0.100690
ML-KEM,ML-KEM-512,1,800,768,50,46,0.100757
ML-KEM,ML-KEM-512,1,800,768,50,47,0.100673
ML-KEM,ML-KEM-512,1,800,768,50,48,0.100562
ML-KEM,ML-KEM-512,1,800,768,50,49,0.100684
ML-KEM,ML-KEM-512,1,800,768,50,50,0.100734
ML-KEM,ML-KEM-512,1,800,768,50,51,0.100680
ML-KEM,ML-KEM-512,1,800,768,50,52,1.156743
ML-KEM,ML-KEM-512,1,800,768,50,53,0.101013
ML-KEM,ML-KEM-512,1,800,768,50,54,0.101012
ML-KEM,ML-KEM-512,1,800,768,50,55,0.100870
ML-KEM,ML-KEM-512,1,800,768,50,56,0.100949
ML-KEM,ML-KEM-512,1,800,768,50,57,0.100997
ML-KEM,ML-KEM-512,1,800,768,50,58,0.100866
ML-KEM,ML-KEM-512,1,800,768,50,59,0.100872
ML-KEM,ML-KEM-512,1,800,768,50,60,0.100727
ML-KEM,ML-KEM-512,1,800,768,50,61,0.100731
ML-KEM,ML-KEM-512,1,800,768,50,62,0.100711
ML-KEM,ML-KEM-512,1,800,768,50,63,0.166888
ML-KEM,ML-KEM-512,1,800,768,50,64,0.101022
ML-KEM,ML-KEM-512,1,800,768,50,65,0.100639
ML-KEM,ML-KEM-512,1,800,768,50,66,0.100682
ML-KEM,ML-KEM-512,1,800,768,50,67,0.100631
ML-KEM,ML-KEM-512,1,800,768,50,68,0.100766
ML-KEM,ML-KEM-512,1,800,768,50,69,0.100646
ML-KEM,ML-KEM-512,1,800,768,50,70,0.100839
ML-KEM,ML-KEM-512,1,800,768,50,71,0.100939
ML-KEM,ML-KEM-512,1,800,768,50,72,0.101011
ML-KEM,ML-KEM-512,1,800,768,50,73,0.100958
ML-KEM,ML-KEM-512,1,800,768,50,74,0.100919
ML-KEM,ML-KEM-512,1,800,768,50,75,0.100938
ML-KEM,ML-KEM-512,1,800,768,50,76,0.100891
ML-KEM,ML-KEM-512,1,800,768,50,77,0.101146
ML-KEM,ML-KEM-512,1,800,768,50,78,0.100902
ML-KEM,ML-KEM-512,1,800,768,50,79,0.100758
ML-KEM,ML-KEM-512,1,800,768,50,80,0.100711
ML-KEM,ML-KEM-512,1,800,768,50,81,0.100740
ML-KEM,ML-KEM-512,1,800,768,50,82,0.354147
ML-KEM,ML-KEM-512,1,800,768,50,83,0.101010
ML-KEM,ML-KEM-512,1,800,768,50,84,0.100870
ML-KEM,ML-KEM-512,1,800,768,50,85,0.101120
ML-KEM,ML-KEM-512,1,800,768,50,86,0.100966
ML-KEM,ML-KEM-512,1,800,768,50,87,0.100907
ML-KEM,ML-KEM-512,1,800,768,50,88,0.100997
ML-KEM,ML-KEM-512,1,800,768,50,89,0.100854
ML-KEM,ML-KEM-512,1,800,768,50,90,0.101203
ML-KEM,ML-KEM-512,1,800,768,50,91,0.100990
ML-KEM,ML-KEM-512,1,800,768,50,92,0.100760
ML-KEM,ML-KEM-512,1,800,768,50,93,0.100802
ML-KEM,ML-KEM-512,1,800,768,50,94,0.100684
ML-KEM,ML-KEM-512,1,800,768,50,95,0.100583
ML-KEM,ML-KEM-512,1,800,768,50,96,0.100745
ML-KEM,ML-KEM-512,1,800,768,50,97,0.100894
ML-KEM,ML-KEM-512,1,800,768,50,98,0.100659
ML-KEM,ML-KEM-512,1,800,768,50,99,0.100774
ML-KEM,ML-KEM-512,1,800,768,50,100,0.101029
ML-KEM,ML-KEM-512,1,800,768,50,101,0.100888
ML-KEM,ML-KEM-512,1,800,768,50,102,0.100852
ML-KEM,ML-KEM-512,1,800,768,50,103,0.100709
ML-KEM,ML-KEM-512,1,800,768,50,104,0.100913
ML-KEM,ML-KEM-512,1,800,768,50,105,0.100746
ML-KEM,ML-KEM-512,1,800,768,50,106,0.100812
ML-KEM,ML-KEM-512,1,800,768,50,107,0.100798
ML-KEM,ML-KEM-512,1,800,768,50,108,0.100767
ML-KEM,ML-KEM-512,1,800,768,50,109,0.100834
ML-KEM,ML-KEM-512,1,800,768,50,110,0.100859
ML-KEM,ML-KEM-512,1,800,768,50,111,0.100783
ML-KEM,ML-KEM-512,1,800,768,50,112,0.100680
ML-KEM,ML-KEM-512,1,800,768,50,113,0.101005
ML-KEM,ML-KEM-512,1,800,768,50,114,0.100667
ML-KEM,ML-KEM-512,1,800,768,50,115,0.100690
ML-KEM,ML-KEM-512,1,800,768,50,116,0.100778
ML-KEM,ML-KEM-512,1,800,768,50,117,0.100793
ML-KEM,ML-KEM-512,1,800,768,50,118,0.100828
ML-KEM,ML-KEM-512,1,800,768,50,119,0.100858
ML-KEM,ML-KEM-512,1,800,768,50,120,0.100767
ML-KEM,ML-KEM-512,1,800,768,50,121,0.100857
ML-KEM,ML-KEM-512,1,800,768,50,122,0.100910
ML-KEM,ML-KEM-512,1,800,768,50,123,0.100718
ML-KEM,ML-KEM-512,1,800,768,50,124,0.100752
ML-KEM,ML-KEM-512,1,800,768,50,125,0.167420
ML-KEM,ML-KEM-512,1,800,768,50,126,0.100936
ML-KEM,ML-KEM-512,1,800,768,50,127,0.100939
ML-KEM,ML-KEM-512,1,800,768,50,128,0.100730
ML-KEM,ML-KEM-512,1,800,768,50,129,0.100900
ML-KEM,ML-KEM-512,1,800,768,50,130,0.100968
ML-KEM,ML-KEM-512,1,800,768,50,131,0.100839
ML-KEM,ML-KEM-512,1,800,768,50,132,0.100843
ML-KEM,ML-KEM-512,1,800,768,50,133,0.100861
ML-KEM,ML-KEM-512,1,800,768,50,134,0.166538
ML-KEM,ML-KEM-512,1,800,768,50,135,0.100757
ML-KEM,ML-KEM-512,1,800,768,50,136,0.100853
ML-KEM,ML-KEM-512,1,800,768,50,137,0.100836
ML-KEM,ML-KEM-512,1,800,768,50,138,0.100792
ML-KEM,ML-KEM-512,1,800,768,50,139,0.100867
ML-KEM,ML-KEM-512,1,800,768,50,140,0.100762
ML-KEM,ML-KEM-512,1,800,768,50,141,0.100870
ML-KEM,ML-KEM-512,1,800,768,50,142,0.100900
ML-KEM,ML-KEM-512,1,800,768,50,143,0.101146
ML-KEM,ML-KEM-512,1,800,768,50,144,0.101116
ML-KEM,ML-KEM-512,1,800,768,50,145,0.100829
ML-KEM,ML-KEM-512,1,800,768,50,146,0.100876
ML-KEM,ML-KEM-512,1,800,768,50,147,0.100533
ML-KEM,ML-KEM-512,1,800,768,50,148,0.100826
ML-KEM,ML-KEM-512,1,800,768,50,149,0.100954
ML-KEM,ML-KEM-512,1,800,768,50,150,0.100983
ML-KEM,ML-KEM-512,1,800,768,50,151,0.100850
ML-KEM,ML-KEM-512,1,800,768,50,152,0.100876
ML-KEM,ML-KEM-512,1,800,768,50,153,0.100922
ML-KEM,ML-KEM-512,1,800,768,50,154,0.100763
ML-KEM,ML-KEM-512,1,800,768,50,155,0.100679
ML-KEM,ML-KEM-512,1,800,768,50,156,0.100734
ML-KEM,ML-KEM-512,1,800,768,50,157,0.100643
ML-KEM,ML-KEM-512,1,800,768,50,158,0.100590
ML-KEM,ML-KEM-512,1,800,768,50,159,0.100795
ML-KEM,ML-KEM-512,1,800,768,50,160,0.100791
ML-KEM,ML-KEM-512,1,800,768,50,161,0.100835
ML-KEM,ML-KEM-512,1,800,768,50,162,0.100886
ML-KEM,ML-KEM-512,1,800,768,50,163,0.100657
ML-KEM,ML-KEM-512,1,800,768,50,164,0.100666
ML-KEM,ML-KEM-512,1,800,768,50,165,0.100637
ML-KEM,ML-KEM-512,1,800,768,50,166,0.100690
ML-KEM,ML-KEM-512,1,800,768,50,167,0.100682
ML-KEM,ML-KEM-512,1,800,768,50,168,0.100934
ML-KEM,ML-KEM-512,1,800,768,50,169,0.100849
ML-KEM,ML-KEM-512,1,800,768,50,170,0.100915
ML-KEM,ML-KEM-512,1,800,768,50,171,0.101030
ML-KEM,ML-KEM-512,1,800,768,50,172,0.100783
ML-KEM,ML-KEM-512,1,800,768,50,173,0.101049
ML-KEM,ML-KEM-512,1,800,768,50,174,0.100894
ML-KEM,ML-KEM-512,1,800,768,50,175,0.100924
ML-KEM,ML-KEM-512,1,800,768,50,176,0.100798
ML-KEM,ML-KEM-512,1,800,768,50,177,0.100767
ML-KEM,ML-KEM-512,1,800,768,50,178,0.100780
ML-KEM,ML-KEM-512,1,800,768,50,179,0.101050
ML-KEM,ML-KEM-512,1,800,768,50,180,0.100886
ML-KEM,ML-KEM-512,1,800,768,50,181,0.100853
ML-KEM,ML-KEM-512,1,800,768,50,182,0.100776
ML-KEM,ML-KEM-512,1,800,768,50,183,0.100976
ML-KEM,ML-KEM-512,1,800,768,50,184,0.419555
ML-KEM,ML-KEM-512,1,800,768,50,185,0.100853
ML-KEM,ML-KEM-512,1,800,768,50,186,0.100645
ML-KEM,ML-KEM-512,1,800,768,50,187,0.100692
ML-KEM,ML-KEM-512,1,800,768,50,188,0.100688
ML-KEM,ML-KEM-512,1,800,768,50,189,0.100652
ML-KEM,ML-KEM-512,1,800,768,50,190,0.100789
ML-KEM,ML-KEM-512,1,800,768,50,191,0.100630
ML-KEM,ML-KEM-512,1,800,768,50,192,0.100552
ML-KEM,ML-KEM-512,1,800,768,50,193,0.100701
ML-KEM,ML-KEM-512,1,800,768,50,194,0.100704
ML-KEM,ML-KEM-512,1,800,768,50,195,0.100703
ML-KEM,ML-KEM-512,1,800,768,50,196,0.100819
ML-KEM,ML-KEM-512,1,800,768,50,197,0.101024
ML-KEM,ML-KEM-512,1,800,768,50,198,0.100936
ML-KEM,ML-KEM-512,1,800,768,50,199,0.100895
ML-KEM,ML-KEM-512,1,800,768,50,200,0.100764
ML-KEM,ML-KEM-512,1,800,768,50,201,0.100763
ML-KEM,ML-KEM-512,1,800,768,50,202,0.100716
ML-KEM,ML-KEM-512,1,800,768,50,203,0.100734
ML-KEM,ML-KEM-512,1,800,768,50,204,0.100757
ML-KEM,ML-KEM-512,1,800,768,50,205,0.100817
ML-KEM,ML-KEM-512,1,800,768,50,206,0.100738
ML-KEM,ML-KEM-512,1,800,768,50,207,0.100746
ML-KEM,ML-KEM-512,1,800,768,50,208,0.100781
ML-KEM,ML-KEM-512,1,800,768,50,209,0.100706
ML-KEM,ML-KEM-512,1,800,768,50,210,0.100875
ML-KEM,ML-KEM-512,1,800,768,50,211,0.100680
ML-KEM,ML-KEM-512,1,800,768,50,212,0.100615
ML-KEM,ML-KEM-512,1,800,768,50,213,0.100469
ML-KEM,ML-KEM-512,1,800,768,50,214,0.100738
ML-KEM,ML-KEM-512,1,800,768,50,215,0.100721
ML-KEM,ML-KEM-512,1,800,768,50,216,0.100474
ML-KEM,ML-KEM-512,1,800,768,50,217,0.100653
ML-KEM,ML-KEM-512,1,800,768,50,218,0.100662
ML-KEM,ML-KEM-512,1,800,768,50,219,0.100554
ML-KEM,ML-KEM-512,1,800,768,50,220,1.118002
ML-KEM,ML-KEM-512,1,800,768,50,221,0.100792
ML-KEM,ML-KEM-512,1,800,768,50,222,0.100906
ML-KEM,ML-KEM-512,1,800,768,50,223,0.100686
ML-KEM,ML-KEM-512,1,800,768,50,224,0.100465
ML-KEM,ML-KEM-512,1,800,768,50,225,0.100767
ML-KEM,ML-KEM-512,1,800,768,50,226,0.100919
ML-KEM,ML-KEM-512,1,800,768,50,227,0.100843
ML-KEM,ML-KEM-512,1,800,768,50,228,0.100871
ML-KEM,ML-KEM-512,1,800,768,50,229,0.100813
ML-KEM,ML-KEM-512,1,800,768,50,230,0.100987
ML-KEM,ML-KEM-512,1,800,768,50,231,0.100802
ML-KEM,ML-KEM-512,1,800,768,50,232,0.100878
ML-KEM,ML-KEM-512,1,800,768,50,233,0.100770
ML-KEM,ML-KEM-512,1,800,768,50,234,0.100861
ML-KEM,ML-KEM-512,1,800,768,50,235,0.100837
ML-KEM,ML-KEM-512,1,800,768,50,236,0.100894
ML-KEM,ML-KEM-512,1,800,768,50,237,0.100841
ML-KEM,ML-KEM-512,1,800,768,50,238,0.100727
ML-KEM,ML-KEM-512,1,800,768,50,239,0.100742
ML-KEM,ML-KEM-512,1,800,768,50,240,0.100799
ML-KEM,ML-KEM-512,1,800,768,50,241,0.100772
ML-KEM,ML-KEM-512,1,800,768,50,242,0.100633
ML-KEM,ML-KEM-512,1,800,768,50,243,0.100935
ML-KEM,ML-KEM-512,1,800,768,50,244,0.100878
ML-KEM,ML-KEM-512,1,800,768,50,245,0.100831
ML-KEM,ML-KEM-512,1,800,768,50,246,0.100815
ML-KEM,ML-KEM-512,1,800,768,50,247,0.100759
ML-KEM,ML-KEM-512,1,800,768,50,248,0.101084
ML-KEM,ML-KEM-512,1,800,768,50,249,0.100948
ML-KEM,ML-KEM-512,1,800,768,50,250,0.100902
ML-KEM,ML-KEM-512,1,800,768,50,251,0.100601
ML-KEM,ML-KEM-512,1,800,768,50,252,0.101100
ML-KEM,ML-KEM-512,1,800,768,50,253,0.100751
ML-KEM,ML-KEM-512,1,800,768,50,254,0.100743
ML-KEM,ML-KEM-512,1,800,768,50,255,0.100741
ML-KEM,ML-KEM-512,1,800,768,50,256,0.100688
ML-KEM,ML-KEM-512,1,800,768,50,257,0.100873
ML-KEM,ML-KEM-512,1,800,768,50,258,0.100977
ML-KEM,ML-KEM-512,1,800,768,50,259,0.100871
ML-KEM,ML-KEM-512,1,800,768,50,260,0.100915
ML-KEM,ML-KEM-512,1,800,768,50,261,0.100929
ML-KEM,ML-KEM-512,1,800,768,50,262,0.100838
ML-KEM,ML-KEM-512,1,800,768,50,263,0.100820
ML-KEM,ML-KEM-512,1,800,768,50,264,0.100654
ML-KEM,ML-KEM-512,1,800,768,50,265,0.100909
ML-KEM,ML-KEM-512,1,800,768,50,266,0.101039
ML-KEM,ML-KEM-512,1,800,768,50,267,0.100871
ML-KEM,ML-KEM-512,1,800,768,50,268,0.100688
ML-KEM,ML-KEM-512,1,800,768,50,269,0.100953
ML-KEM,ML-KEM-512,1,800,768,50,270,0.100543
ML-KEM,ML-KEM-512,1,800,768,50,271,0.100623
ML-KEM,ML-KEM-512,1,800,768,50,272,0.100536
ML-KEM,ML-KEM-512,1,800,768,50,273,0.100779
ML-KEM,ML-KEM-512,1,800,768,50,274,0.100793
ML-KEM,ML-KEM-512,1,800,768,50,275,0.100792
ML-KEM,ML-KEM-512,1,800,768,50,276,0.100785
ML-KEM,ML-KEM-512,1,800,768,50,277,0.100960
ML-KEM,ML-KEM-512,1,800,768,50,278,0.100890
ML-KEM,ML-KEM-512,1,800,768,50,279,0.100842
ML-KEM,ML-KEM-512,1,800,768,50,280,0.100843
ML-KEM,ML-KEM-512,1,800,768,50,281,0.100670
ML-KEM,ML-KEM-512,1,800,768,50,282,0.100860
ML-KEM,ML-KEM-512,1,800,768,50,283,0.100805
ML-KEM,ML-KEM-512,1,800,768,50,284,0.100737
ML-KEM,ML-KEM-512,1,800,768,50,285,0.100654
ML-KEM,ML-KEM-512,1,800,768,50,286,0.100765
ML-KEM,ML-KEM-512,1,800,768,50,287,0.100792
ML-KEM,ML-KEM-512,1,800,768,50,288,0.100721
ML-KEM,ML-KEM-512,1,800,768,50,289,0.100663
ML-KEM,ML-KEM-512,1,800,768,50,290,0.100668
ML-KEM,ML-KEM-512,1,800,768,50,291,0.100630
ML-KEM,ML-KEM-512,1,800,768,50,292,0.100652
ML-KEM,ML-KEM-512,1,800,768,50,293,0.100571
ML-KEM,ML-KEM-512,1,800,768,50,294,0.100730
ML-KEM,ML-KEM-512,1,800,768,50,295,0.100705
ML-KEM,ML-KEM-512,1,800,768,50,296,0.100667
ML-KEM,ML-KEM-512,1,800,768,50,297,0.100844
ML-KEM,ML-KEM-512,1,800,768,50,298,0.100638
ML-KEM,ML-KEM-512,1,800,768,50,299,0.100619
ML-KEM,ML-KEM-768,3,1184,1088,50,0,0.100775
ML-KEM,ML-KEM-768,3,1184,1088,50,1,0.101065
ML-KEM,ML-KEM-768,3,1184,1088,50,2,0.100678
ML-KEM,ML-KEM-768,3,1184,1088,50,3,0.101011
ML-KEM,ML-KEM-768,3,1184,1088,50,4,0.100781
ML-KEM,ML-KEM-768,3,1184,1088,50,5,0.100715
ML-KEM,ML-KEM-768,3,1184,1088,50,6,0.100663
ML-KEM,ML-KEM-768,3,1184,1088,50,7,0.100685
ML-KEM,ML-KEM-768,3,1184,1088,50,8,0.100709
ML-KEM,ML-KEM-768,3,1184,1088,50,9,0.100705
ML-KEM,ML-KEM-768,3,1184,1088,50,10,0.100576
ML-KEM,ML-KEM-768,3,1184,1088,50,11,0.100675
ML-KEM,ML-KEM-768,3,1184,1088,50,12,0.100709
ML-KEM,ML-KEM-768,3,1184,1088,50,13,1.120326
ML-KEM,ML-KEM-768,3,1184,1088,50,14,0.100806
ML-KEM,ML-KEM-768,3,1184,1088,50,15,0.100917
ML-KEM,ML-KEM-768,3,1184,1088,50,16,0.100789
ML-KEM,ML-KEM-768,3,1184,1088,50,17,0.100700
ML-KEM,ML-KEM-768,3,1184,1088,50,18,0.100594
ML-KEM,ML-KEM-768,3,1184,1088,50,19,0.100707
ML-KEM,ML-KEM-768,3,1184,1088,50,20,0.100672
ML-KEM,ML-KEM-768,3,1184,1088,50,21,0.100621
ML-KEM,ML-KEM-768,3,1184,1088,50,22,0.100703
ML-KEM,ML-KEM-768,3,1184,1088,50,23,0.100726
ML-KEM,ML-KEM-768,3,1184,1088,50,24,0.100720
ML-KEM,ML-KEM-768,3,1184,1088,50,25,0.100899
ML-KEM,ML-KEM-768,3,1184,1088,50,26,0.100890
ML-KEM,ML-KEM-768,3,1184,1088,50,27,0.100879
ML-KEM,ML-KEM-768,3,1184,1088,50,28,0.100874
ML-KEM,ML-KEM-768,3,1184,1088,50,29,0.100938
ML-KEM,ML-KEM-768,3,1184,1088,50,30,0.100920
ML-KEM,ML-KEM-768,3,1184,1088,50,31,0.100922
ML-KEM,ML-KEM-768,3,1184,1088,50,32,0.100895
ML-KEM,ML-KEM-768,3,1184,1088,50,33,0.100869
ML-KEM,ML-KEM-768,3,1184,1088,50,34,0.100872
ML-KEM,ML-KEM-768,3,1184,1088,50,35,0.100824
ML-KEM,ML-KEM-768,3,1184,1088,50,36,0.100850
ML-KEM,ML-KEM-768,3,1184,1088,50,37,0.100716
ML-KEM,ML-KEM-768,3,1184,1088,50,38,0.100748
ML-KEM,ML-KEM-768,3,1184,1088,50,39,0.100730
ML-KEM,ML-KEM-768,3,1184,1088,50,40,0.100747
ML-KEM,ML-KEM-768,3,1184,1088,50,41,0.100748
ML-KEM,ML-KEM-768,3,1184,1088,50,42,0.100892
ML-KEM,ML-KEM-768,3,1184,1088,50,43,1.103189
ML-KEM,ML-KEM-768,3,1184,1088,50,44,0.100754
ML-KEM,ML-KEM-768,3,1184,1088,50,45,0.100882
ML-KEM,ML-KEM-768,3,1184,1088,50,46,0.100602
ML-KEM,ML-KEM-768,3,1184,1088,50,47,0.100767
ML-KEM,ML-KEM-768,3,1184,1088,50,48,0.100755
ML-KEM,ML-KEM-768,3,1184,1088,50,49,0.100502
ML-KEM,ML-KEM-768,3,1184,1088,50,50,0.100584
ML-KEM,ML-KEM-768,3,1184,1088,50,51,0.100684
ML-KEM,ML-KEM-768,3,1184,1088,50,52,0.100730
ML-KEM,ML-KEM-768,3,1184,1088,50,53,0.100707
ML-KEM,ML-KEM-768,3,1184,1088,50,54,0.100718
ML-KEM,ML-KEM-768,3,1184,1088,50,55,0.100719
ML-KEM,ML-KEM-768,3,1184,1088,50,56,0.100701
ML-KEM,ML-KEM-768,3,1184,1088,50,57,0.100509
ML-KEM,ML-KEM-768,3,1184,1088,50,58,0.100651
ML-KEM,ML-KEM-768,3,1184,1088,50,59,0.100662
ML-KEM,ML-KEM-768,3,1184,1088,50,60,0.100576
ML-KEM,ML-KEM-768,3,1184,1088,50,61,0.100655
ML-KEM,ML-KEM-768,3,1184,1088,50,62,0.100650
ML-KEM,ML-KEM-768,3,1184,1088,50,63,0.100682
ML-KEM,ML-KEM-768,3,1184,1088,50,64,0.100685
ML-KEM,ML-KEM-768,3,1184,1088,50,65,0.100689
ML-KEM,ML-KEM-768,3,1184,1088,50,66,0.100769
ML-KEM,ML-KEM-768,3,1184,1088,50,67,0.100501
ML-KEM,ML-KEM-768,3,1184,1088,50,68,0.100637
ML-KEM,ML-KEM-768,3,1184,1088,50,69,0.100692
ML-KEM,ML-KEM-768,3,1184,1088,50,70,0.100704
ML-KEM,ML-KEM-768,3,1184,1088,50,71,0.100683
ML-KEM,ML-KEM-768,3,1184,1088,50,72,0.100715
ML-KEM,ML-KEM-768,3,1184,1088,50,73,0.100697
ML-KEM,ML-KEM-768,3,1184,1088,50,74,0.100592
ML-KEM,ML-KEM-768,3,1184,1088,50,75,0.100579
ML-KEM,ML-KEM-768,3,1184,1088,50,76,0.100583
ML-KEM,ML-KEM-768,3,1184,1088,50,77,0.100745
ML-KEM,ML-KEM-768,3,1184,1088,50,78,0.100827
ML-KEM,ML-KEM-768,3,1184,1088,50,79,0.100880
ML-KEM,ML-KEM-768,3,1184,1088,50,80,0.100619
ML-KEM,ML-KEM-768,3,1184,1088,50,81,0.100670
ML-KEM,ML-KEM-768,3,1184,1088,50,82,0.101091
ML-KEM,ML-KEM-768,3,1184,1088,50,83,0.100911
ML-KEM,ML-KEM-768,3,1184,1088,50,84,0.100807
ML-KEM,ML-KEM-768,3,1184,1088,50,85,0.100785
ML-KEM,ML-KEM-768,3,1184,1088,50,86,0.100791
ML-KEM,ML-KEM-768,3,1184,1088,50,87,0.100620
ML-KEM,ML-KEM-768,3,1184,1088,50,88,0.100658
ML-KEM,ML-KEM-768,3,1184,1088,50,89,0.100578
ML-KEM,ML-KEM-768,3,1184,1088,50,90,0.100597
ML-KEM,ML-KEM-768,3,1184,1088,50,91,0.100708
ML-KEM,ML-KEM-768,3,1184,1088,50,92,0.100678
ML-KEM,ML-KEM-768,3,1184,1088,50,93,0.100733
ML-KEM,ML-KEM-768,3,1184,1088,50,94,0.100743
ML-KEM,ML-KEM-768,3,1184,1088,50,95,0.100718
ML-KEM,ML-KEM-768,3,1184,1088,50,96,0.100760
ML-KEM,ML-KEM-768,3,1184,1088,50,97,1.144424
ML-KEM,ML-KEM-768,3,1184,1088,50,98,0.100713
ML-KEM,ML-KEM-768,3,1184,1088,50,99,0.100693
ML-KEM,ML-KEM-768,3,1184,1088,50,100,0.100661
ML-KEM,ML-KEM-768,3,1184,1088,50,101,0.100732
ML-KEM,ML-KEM-768,3,1184,1088,50,102,0.100579
ML-KEM,ML-KEM-768,3,1184,1088,50,103,0.100691
ML-KEM,ML-KEM-768,3,1184,1088,50,104,0.100735
ML-KEM,ML-KEM-768,3,1184,1088,50,105,0.100678
ML-KEM,ML-KEM-768,3,1184,1088,50,106,0.100950
ML-KEM,ML-KEM-768,3,1184,1088,50,107,0.100634
ML-KEM,ML-KEM-768,3,1184,1088,50,108,0.100576
ML-KEM,ML-KEM-768,3,1184,1088,50,109,0.100682
ML-KEM,ML-KEM-768,3,1184,1088,50,110,0.100681
ML-KEM,ML-KEM-768,3,1184,1088,50,111,0.100725
ML-KEM,ML-KEM-768,3,1184,1088,50,112,0.100776
ML-KEM,ML-KEM-768,3,1184,1088,50,113,0.100659
ML-KEM,ML-KEM-768,3,1184,1088,50,114,0.100732
ML-KEM,ML-KEM-768,3,1184,1088,50,115,0.100868
ML-KEM,ML-KEM-768,3,1184,1088,50,116,0.100853
ML-KEM,ML-KEM-768,3,1184,1088,50,117,0.100950
ML-KEM,ML-KEM-768,3,1184,1088,50,118,0.100793
ML-KEM,ML-KEM-768,3,1184,1088,50,119,0.100800
ML-KEM,ML-KEM-768,3,1184,1088,50,120,0.100652
ML-KEM,ML-KEM-768,3,1184,1088,50,121,0.100646
ML-KEM,ML-KEM-768,3,1184,1088,50,122,0.100695
ML-KEM,ML-KEM-768,3,1184,1088,50,123,0.100780
ML-KEM,ML-KEM-768,3,1184,1088,50,124,0.100663
ML-KEM,ML-KEM-768,3,1184,1088,50,125,0.100786
ML-KEM,ML-KEM-768,3,1184,1088,50,126,0.166980
ML-KEM,ML-KEM-768,3,1184,1088,50,127,0.100672
ML-KEM,ML-KEM-768,3,1184,1088,50,128,0.100763
ML-KEM,ML-KEM-768,3,1184,1088,50,129,0.100747
ML-KEM,ML-KEM-768,3,1184,1088,50,130,0.100728
ML-KEM,ML-KEM-768,3,1184,1088,50,131,0.100730
ML-KEM,ML-KEM-768,3,1184,1088,50,132,0.100660
ML-KEM,ML-KEM-768,3,1184,1088,50,133,0.100781
ML-KEM,ML-KEM-768,3,1184,1088,50,134,0.100589
ML-KEM,ML-KEM-768,3,1184,1088,50,135,0.100592
ML-KEM,ML-KEM-768,3,1184,1088,50,136,0.100635
ML-KEM,ML-KEM-768,3,1184,1088,50,137,0.100483
ML-KEM,ML-KEM-768,3,1184,1088,50,138,0.100443
ML-KEM,ML-KEM-768,3,1184,1088,50,139,0.100588
ML-KEM,ML-KEM-768,3,1184,1088,50,140,0.100866
ML-KEM,ML-KEM-768,3,1184,1088,50,141,0.100861
ML-KEM,ML-KEM-768,3,1184,1088,50,142,0.100787
ML-KEM,ML-KEM-768,3,1184,1088,50,143,0.100950
ML-KEM,ML-KEM-768,3,1184,1088,50,144,0.100947
ML-KEM,ML-KEM-768,3,1184,1088,50,145,0.100941
ML-KEM,ML-KEM-768,3,1184,1088,50,146,0.101017
ML-KEM,ML-KEM-768,3,1184,1088,50,147,0.101011
ML-KEM,ML-KEM-768,3,1184,1088,50,148,0.100848
ML-KEM,ML-KEM-768,3,1184,1088,50,149,0.100627
ML-KEM,ML-KEM-768,3,1184,1088,50,150,0.100620
ML-KEM,ML-KEM-768,3,1184,1088,50,151,0.100640
ML-KEM,ML-KEM-768,3,1184,1088,50,152,0.100655
ML-KEM,ML-KEM-768,3,1184,1088,50,153,0.101006
ML-KEM,ML-KEM-768,3,1184,1088,50,154,0.100632
ML-KEM,ML-KEM-768,3,1184,1088,50,155,0.100716
ML-KEM,ML-KEM-768,3,1184,1088,50,156,0.100625
ML-KEM,ML-KEM-768,3,1184,1088,50,157,0.100751
ML-KEM,ML-KEM-768,3,1184,1088,50,158,0.100924
ML-KEM,ML-KEM-768,3,1184,1088,50,159,0.101196
ML-KEM,ML-KEM-768,3,1184,1088,50,160,0.100888
ML-KEM,ML-KEM-768,3,1184,1088,50,161,0.100872
ML-KEM,ML-KEM-768,3,1184,1088,50,162,0.100881
ML-KEM,ML-KEM-768,3,1184,1088,50,163,0.101032
ML-KEM,ML-KEM-768,3,1184,1088,50,164,0.100697
ML-KEM,ML-KEM-768,3,1184,1088,50,165,0.100884
ML-KEM,ML-KEM-768,3,1184,1088,50,166,0.100650
ML-KEM,ML-KEM-768,3,1184,1088,50,167,0.100718
ML-KEM,ML-KEM-768,3,1184,1088,50,168,0.100610
ML-KEM,ML-KEM-768,3,1184,1088,50,169,0.100824
ML-KEM,ML-KEM-768,3,1184,1088,50,170,0.100735
ML-KEM,ML-KEM-768,3,1184,1088,50,171,0.100904
ML-KEM,ML-KEM-768,3,1184,1088,50,172,0.100796
ML-KEM,ML-KEM-768,3,1184,1088,50,173,1.108808
ML-KEM,ML-KEM-768,3,1184,1088,50,174,0.100905
ML-KEM,ML-KEM-768,3,1184,1088,50,175,0.100616
ML-KEM,ML-KEM-768,3,1184,1088,50,176,0.100700
ML-KEM,ML-KEM-768,3,1184,1088,50,177,0.100704
ML-KEM,ML-KEM-768,3,1184,1088,50,178,0.100755
ML-KEM,ML-KEM-768,3,1184,1088,50,179,0.100657
ML-KEM,ML-KEM-768,3,1184,1088,50,180,0.100812
ML-KEM,ML-KEM-768,3,1184,1088,50,181,0.100777
ML-KEM,ML-KEM-768,3,1184,1088,50,182,0.100685
ML-KEM,ML-KEM-768,3,1184,1088,50,183,0.100745
ML-KEM,ML-KEM-768,3,1184,1088,50,184,0.100702
ML-KEM,ML-KEM-768,3,1184,1088,50,185,0.100681
ML-KEM,ML-KEM-768,3,1184,1088,50,186,0.100636
ML-KEM,ML-KEM-768,3,1184,1088,50,187,0.100739
ML-KEM,ML-KEM-768,3,1184,1088,50,188,0.100801
ML-KEM,ML-KEM-768,3,1184,1088,50,189,0.100815
ML-KEM,ML-KEM-768,3,1184,1088,50,190,0.100839
ML-KEM,ML-KEM-768,3,1184,1088,50,191,0.101213
ML-KEM,ML-KEM-768,3,1184,1088,50,192,0.100987
ML-KEM,ML-KEM-768,3,1184,1088,50,193,0.100870
ML-KEM,ML-KEM-768,3,1184,1088,50,194,0.100807
ML-KEM,ML-KEM-768,3,1184,1088,50,195,0.100938
ML-KEM,ML-KEM-768,3,1184,1088,50,196,0.100704
ML-KEM,ML-KEM-768,3,1184,1088,50,197,0.100899
ML-KEM,ML-KEM-768,3,1184,1088,50,198,0.100811
ML-KEM,ML-KEM-768,3,1184,1088,50,199,0.100792
ML-KEM,ML-KEM-768,3,1184,1088,50,200,0.100647
ML-KEM,ML-KEM-768,3,1184,1088,50,201,0.100427
ML-KEM,ML-KEM-768,3,1184,1088,50,202,0.100634
ML-KEM,ML-KEM-768,3,1184,1088,50,203,0.100720
ML-KEM,ML-KEM-768,3,1184,1088,50,204,0.100741
ML-KEM,ML-KEM-768,3,1184,1088,50,205,0.100993
ML-KEM,ML-KEM-768,3,1184,1088,50,206,0.100757
ML-KEM,ML-KEM-768,3,1184,1088,50,207,0.100598
ML-KEM,ML-KEM-768,3,1184,1088,50,208,0.100558
ML-KEM,ML-KEM-768,3,1184,1088,50,209,0.100651
ML-KEM,ML-KEM-768,3,1184,1088,50,210,0.100727
ML-KEM,ML-KEM-768,3,1184,1088,50,211,0.101085
ML-KEM,ML-KEM-768,3,1184,1088,50,212,0.100859
ML-KEM,ML-KEM-768,3,1184,1088,50,213,0.100807
ML-KEM,ML-KEM-768,3,1184,1088,50,214,0.100763
ML-KEM,ML-KEM-768,3,1184,1088,50,215,0.101059
ML-KEM,ML-KEM-768,3,1184,1088,50,216,0.100651
ML-KEM,ML-KEM-768,3,1184,1088,50,217,0.100867
ML-KEM,ML-KEM-768,3,1184,1088,50,218,0.100830
ML-KEM,ML-KEM-768,3,1184,1088,50,219,0.100681
ML-KEM,ML-KEM-768,3,1184,1088,50,220,0.100730
ML-KEM,ML-KEM-768,3,1184,1088,50,221,0.100712
ML-KEM,ML-KEM-768,3,1184,1088,50,222,0.100700
ML-KEM,ML-KEM-768,3,1184,1088,50,223,0.100719
ML-KEM,ML-KEM-768,3,1184,1088,50,224,0.100795
ML-KEM,ML-KEM-768,3,1184,1088,50,225,0.100903
ML-KEM,ML-KEM-768,3,1184,1088,50,226,0.100746
ML-KEM,ML-KEM-768,3,1184,1088,50,227,0.100812
ML-KEM,ML-KEM-768,3,1184,1088,50,228,0.100720
ML-KEM,ML-KEM-768,3,1184,1088,50,229,0.100700
ML-KEM,ML-KEM-768,3,1184,1088,50,230,0.100638
ML-KEM,ML-KEM-768,3,1184,1088,50,231,0.100761
ML-KEM,ML-KEM-768,3,1184,1088,50,232,0.100681
ML-KEM,ML-KEM-768,3,1184,1088,50,233,0.100734
ML-KEM,ML-KEM-768,3,1184,1088,50,234,0.100819
ML-KEM,ML-KEM-768,3,1184,1088,50,235,0.100674
ML-KEM,ML-KEM-768,3,1184,1088,50,236,0.100736
ML-KEM,ML-KEM-768,3,1184,1088,50,237,0.100704
ML-KEM,ML-KEM-768,3,1184,1088,50,238,0.100676
ML-KEM,ML-KEM-768,3,1184,1088,50,239,0.100658
ML-KEM,ML-KEM-768,3,1184,1088,50,240,0.100685
ML-KEM,ML-KEM-768,3,1184,1088,50,241,0.100799
ML-KEM,ML-KEM-768,3,1184,1088,50,242,0.166640
ML-KEM,ML-KEM-768,3,1184,1088,50,243,0.100826
ML-KEM,ML-KEM-768,3,1184,1088,50,244,0.100635
ML-KEM,ML-KEM-768,3,1184,1088,50,245,0.100635
ML-KEM,ML-KEM-768,3,1184,1088,50,246,0.100583
ML-KEM,ML-KEM-768,3,1184,1088,50,247,0.100765
ML-KEM,ML-KEM-768,3,1184,1088,50,248,0.100726
ML-KEM,ML-KEM-768,3,1184,1088,50,249,0.100833
ML-KEM,ML-KEM-768,3,1184,1088,50,250,0.100702
ML-KEM,ML-KEM-768,3,1184,1088,50,251,0.100612
ML-KEM,ML-KEM-768,3,1184,1088,50,252,0.100656
ML-KEM,ML-KEM-768,3,1184,1088,50,253,0.100521
ML-KEM,ML-KEM-768,3,1184,1088,50,254,0.356858
ML-KEM,ML-KEM-768,3,1184,1088,50,255,0.100712
ML-KEM,ML-KEM-768,3,1184,1088,50,256,0.100709
ML-KEM,ML-KEM-768,3,1184,1088,50,257,0.100754
ML-KEM,ML-KEM-768,3,1184,1088,50,258,0.100691
ML-KEM,ML-KEM-768,3,1184,1088,50,259,0.100657
ML-KEM,ML-KEM-768,3,1184,1088,50,260,0.100740
ML-KEM,ML-KEM-768,3,1184,1088,50,261,0.100648
ML-KEM,ML-KEM-768,3,1184,1088,50,262,0.100725
ML-KEM,ML-KEM-768,3,1184,1088,50,263,0.100537
ML-KEM,ML-KEM-768,3,1184,1088,50,264,0.100639
ML-KEM,ML-KEM-768,3,1184,1088,50,265,0.100782
ML-KEM,ML-KEM-768,3,1184,1088,50,266,0.100569
ML-KEM,ML-KEM-768,3,1184,1088,50,267,0.100595
ML-KEM,ML-KEM-768,3,1184,1088,50,268,0.100648
ML-KEM,ML-KEM-768,3,1184,1088,50,269,0.100722
ML-KEM,ML-KEM-768,3,1184,1088,50,270,0.100675
ML-KEM,ML-KEM-768,3,1184,1088,50,271,0.100665
ML-KEM,ML-KEM-768,3,1184,1088,50,272,0.100636
ML-KEM,ML-KEM-768,3,1184,1088,50,273,0.100494
ML-KEM,ML-KEM-768,3,1184,1088,50,274,0.100563
ML-KEM,ML-KEM-768,3,1184,1088,50,275,0.100613
ML-KEM,ML-KEM-768,3,1184,1088,50,276,0.100594
ML-KEM,ML-KEM-768,3,1184,1088,50,277,0.100636
ML-KEM,ML-KEM-768,3,1184,1088,50,278,0.100646
ML-KEM,ML-KEM-768,3,1184,1088,50,279,0.100759
ML-KEM,ML-KEM-768,3,1184,1088,50,280,0.101114
ML-KEM,ML-KEM-768,3,1184,1088,50,281,0.100923
ML-KEM,ML-KEM-768,3,1184,1088,50,282,0.100884
ML-KEM,ML-KEM-768,3,1184,1088,50,283,0.100718
ML-KEM,ML-KEM-768,3,1184,1088,50,284,0.100856
ML-KEM,ML-KEM-768,3,1184,1088,50,285,0.100509
ML-KEM,ML-KEM-768,3,1184,1088,50,286,0.100712
ML-KEM,ML-KEM-768,3,1184,1088,50,287,0.100650
ML-KEM,ML-KEM-768,3,1184,1088,50,288,0.100738
ML-KEM,ML-KEM-768,3,1184,1088,50,289,0.100839
ML-KEM,ML-KEM-768,3,1184,1088,50,290,0.100813
ML-KEM,ML-KEM-768,3,1184,1088,50,291,0.100777
ML-KEM,ML-KEM-768,3,1184,1088,50,292,0.100877
ML-KEM,ML-KEM-768,3,1184,1088,50,293,0.100951
ML-KEM,ML-KEM-768,3,1184,1088,50,294,0.100775
ML-KEM,ML-KEM-768,3,1184,1088,50,295,0.100668
ML-KEM,ML-KEM-768,3,1184,1088,50,296,0.100660
ML-KEM,ML-KEM-768,3,1184,1088,50,297,0.100835
ML-KEM,ML-KEM-768,3,1184,1088,50,298,0.100699
ML-KEM,ML-KEM-768,3,1184,1088,50,299,0.100695
ML-KEM,ML-KEM-1024,5,1568,1568,50,0,0.101034
ML-KEM,ML-KEM-1024,5,1568,1568,50,1,0.100881
ML-KEM,ML-KEM-1024,5,1568,1568,50,2,0.100813
ML-KEM,ML-KEM-1024,5,1568,1568,50,3,0.100846
ML-KEM,ML-KEM-1024,5,1568,1568,50,4,0.100863
ML-KEM,ML-KEM-1024,5,1568,1568,50,5,0.100637
ML-KEM,ML-KEM-1024,5,1568,1568,50,6,0.100714
ML-KEM,ML-KEM-1024,5,1568,1568,50,7,0.100836
ML-KEM,ML-KEM-1024,5,1568,1568,50,8,0.100882
ML-KEM,ML-KEM-1024,5,1568,1568,50,9,0.100747
ML-KEM,ML-KEM-1024,5,1568,1568,50,10,0.261371
ML-KEM,ML-KEM-1024,5,1568,1568,50,11,0.100492
ML-KEM,ML-KEM-1024,5,1568,1568,50,12,0.100772
ML-KEM,ML-KEM-1024,5,1568,1568,50,13,0.100757
ML-KEM,ML-KEM-1024,5,1568,1568,50,14,0.100831
ML-KEM,ML-KEM-1024,5,1568,1568,50,15,0.100814
ML-KEM,ML-KEM-1024,5,1568,1568,50,16,0.100847
ML-KEM,ML-KEM-1024,5,1568,1568,50,17,0.100658
ML-KEM,ML-KEM-1024,5,1568,1568,50,18,0.100692
ML-KEM,ML-KEM-1024,5,1568,1568,50,19,0.100785
ML-KEM,ML-KEM-1024,5,1568,1568,50,20,0.100842
ML-KEM,ML-KEM-1024,5,1568,1568,50,21,0.100753
ML-KEM,ML-KEM-1024,5,1568,1568,50,22,0.100797
ML-KEM,ML-KEM-1024,5,1568,1568,50,23,0.100685
ML-KEM,ML-KEM-1024,5,1568,1568,50,24,0.100803
ML-KEM,ML-KEM-1024,5,1568,1568,50,25,0.100599
ML-KEM,ML-KEM-1024,5,1568,1568,50,26,0.100690
ML-KEM,ML-KEM-1024,5,1568,1568,50,27,0.100755
ML-KEM,ML-KEM-1024,5,1568,1568,50,28,0.100866
ML-KEM,ML-KEM-1024,5,1568,1568,50,29,0.101004
ML-KEM,ML-KEM-1024,5,1568,1568,50,30,0.100762
ML-KEM,ML-KEM-1024,5,1568,1568,50,31,0.100841
ML-KEM,ML-KEM-1024,5,1568,1568,50,32,0.100967
ML-KEM,ML-KEM-1024,5,1568,1568,50,33,0.100859
ML-KEM,ML-KEM-1024,5,1568,1568,50,34,0.100824
ML-KEM,ML-KEM-1024,5,1568,1568,50,35,1.179760
ML-KEM,ML-KEM-1024,5,1568,1568,50,36,0.100860
ML-KEM,ML-KEM-1024,5,1568,1568,50,37,0.100642
ML-KEM,ML-KEM-1024,5,1568,1568,50,38,0.100584
ML-KEM,ML-KEM-1024,5,1568,1568,50,39,0.100660
ML-KEM,ML-KEM-1024,5,1568,1568,50,40,0.100583
ML-KEM,ML-KEM-1024,5,1568,1568,50,41,0.100719
ML-KEM,ML-KEM-1024,5,1568,1568,50,42,0.100706
ML-KEM,ML-KEM-1024,5,1568,1568,50,43,0.100843
ML-KEM,ML-KEM-1024,5,1568,1568,50,44,0.100901
ML-KEM,ML-KEM-1024,5,1568,1568,50,45,0.100792
ML-KEM,ML-KEM-1024,5,1568,1568,50,46,0.100834
ML-KEM,ML-KEM-1024,5,1568,1568,50,47,0.100783
ML-KEM,ML-KEM-1024,5,1568,1568,50,48,0.258683
ML-KEM,ML-KEM-1024,5,1568,1568,50,49,0.100839
ML-KEM,ML-KEM-1024,5,1568,1568,50,50,0.100898
ML-KEM,ML-KEM-1024,5,1568,1568,50,51,0.101109
ML-KEM,ML-KEM-1024,5,1568,1568,50,52,0.100973
ML-KEM,ML-KEM-1024,5,1568,1568,50,53,0.100927
ML-KEM,ML-KEM-1024,5,1568,1568,50,54,0.100835
ML-KEM,ML-KEM-1024,5,1568,1568,50,55,0.100721
ML-KEM,ML-KEM-1024,5,1568,1568,50,56,0.100807
ML-KEM,ML-KEM-1024,5,1568,1568,50,57,0.100931
ML-KEM,ML-KEM-1024,5,1568,1568,50,58,0.100921
ML-KEM,ML-KEM-1024,5,1568,1568,50,59,1.166285
ML-KEM,ML-KEM-1024,5,1568,1568,50,60,0.100829
ML-KEM,ML-KEM-1024,5,1568,1568,50,61,0.100872
ML-KEM,ML-KEM-1024,5,1568,1568,50,62,0.100806
ML-KEM,ML-KEM-1024,5,1568,1568,50,63,0.100943
ML-KEM,ML-KEM-1024,5,1568,1568,50,64,0.100819
ML-KEM,ML-KEM-1024,5,1568,1568,50,65,0.100900
ML-KEM,ML-KEM-1024,5,1568,1568,50,66,0.100838
ML-KEM,ML-KEM-1024,5,1568,1568,50,67,0.100953
ML-KEM,ML-KEM-1024,5,1568,1568,50,68,0.100737
ML-KEM,ML-KEM-1024,5,1568,1568,50,69,0.100769
ML-KEM,ML-KEM-1024,5,1568,1568,50,70,0.100800
ML-KEM,ML-KEM-1024,5,1568,1568,50,71,1.104755
ML-KEM,ML-KEM-1024,5,1568,1568,50,72,0.100990
ML-KEM,ML-KEM-1024,5,1568,1568,50,73,0.100959
ML-KEM,ML-KEM-1024,5,1568,1568,50,74,0.100906
ML-KEM,ML-KEM-1024,5,1568,1568,50,75,0.100836
ML-KEM,ML-KEM-1024,5,1568,1568,50,76,0.100964
ML-KEM,ML-KEM-1024,5,1568,1568,50,77,0.100868
ML-KEM,ML-KEM-1024,5,1568,1568,50,78,0.101028
ML-KEM,ML-KEM-1024,5,1568,1568,50,79,0.100957
ML-KEM,ML-KEM-1024,5,1568,1568,50,80,0.100863
ML-KEM,ML-KEM-1024,5,1568,1568,50,81,0.100789
ML-KEM,ML-KEM-1024,5,1568,1568,50,82,0.100787
ML-KEM,ML-KEM-1024,5,1568,1568,50,83,0.100809
ML-KEM,ML-KEM-1024,5,1568,1568,50,84,0.100993
ML-KEM,ML-KEM-1024,5,1568,1568,50,85,0.100811
ML-KEM,ML-KEM-1024,5,1568,1568,50,86,0.100818
ML-KEM,ML-KEM-1024,5,1568,1568,50,87,0.100638
ML-KEM,ML-KEM-1024,5,1568,1568,50,88,0.100855
ML-KEM,ML-KEM-1024,5,1568,1568,50,89,0.100583
ML-KEM,ML-KEM-1024,5,1568,1568,50,90,0.100841
ML-KEM,ML-KEM-1024,5,1568,1568,50,91,0.100901
ML-KEM,ML-KEM-1024,5,1568,1568,50,92,0.100708
ML-KEM,ML-KEM-1024,5,1568,1568,50,93,0.100766
ML-KEM,ML-KEM-1024,5,1568,1568,50,94,0.101024
ML-KEM,ML-KEM-1024,5,1568,1568,50,95,0.100807
ML-KEM,ML-KEM-1024,5,1568,1568,50,96,0.100724
ML-KEM,ML-KEM-1024,5,1568,1568,50,97,0.100906
ML-KEM,ML-KEM-1024,5,1568,1568,50,98,0.100791
ML-KEM,ML-KEM-1024,5,1568,1568,50,99,0.100836
ML-KEM,ML-KEM-1024,5,1568,1568,50,100,0.100819
ML-KEM,ML-KEM-1024,5,1568,1568,50,101,0.100865
ML-KEM,ML-KEM-1024,5,1568,1568,50,102,0.100820
ML-KEM,ML-KEM-1024,5,1568,1568,50,103,0.100929
ML-KEM,ML-KEM-1024,5,1568,1568,50,104,0.100895
ML-KEM,ML-KEM-1024,5,1568,1568,50,105,0.100901
ML-KEM,ML-KEM-1024,5,1568,1568,50,106,0.100763
ML-KEM,ML-KEM-1024,5,1568,1568,50,107,0.100890
ML-KEM,ML-KEM-1024,5,1568,1568,50,108,0.100940
ML-KEM,ML-KEM-1024,5,1568,1568,50,109,0.100837
ML-KEM,ML-KEM-1024,5,1568,1568,50,110,0.100870
ML-KEM,ML-KEM-1024,5,1568,1568,50,111,0.101179
ML-KEM,ML-KEM-1024,5,1568,1568,50,112,0.100818
ML-KEM,ML-KEM-1024,5,1568,1568,50,113,0.100907
ML-KEM,ML-KEM-1024,5,1568,1568,50,114,0.101162
ML-KEM,ML-KEM-1024,5,1568,1568,50,115,0.101111
ML-KEM,ML-KEM-1024,5,1568,1568,50,116,1.121210
ML-KEM,ML-KEM-1024,5,1568,1568,50,117,0.100649
ML-KEM,ML-KEM-1024,5,1568,1568,50,118,0.100819
ML-KEM,ML-KEM-1024,5,1568,1568,50,119,0.100640
ML-KEM,ML-KEM-1024,5,1568,1568,50,120,0.100624
ML-KEM,ML-KEM-1024,5,1568,1568,50,121,0.100508
ML-KEM,ML-KEM-1024,5,1568,1568,50,122,0.100514
ML-KEM,ML-KEM-1024,5,1568,1568,50,123,0.100734
ML-KEM,ML-KEM-1024,5,1568,1568,50,124,0.101105
ML-KEM,ML-KEM-1024,5,1568,1568,50,125,0.100769
ML-KEM,ML-KEM-1024,5,1568,1568,50,126,0.100802
ML-KEM,ML-KEM-1024,5,1568,1568,50,127,0.216840
ML-KEM,ML-KEM-1024,5,1568,1568,50,128,0.100959
ML-KEM,ML-KEM-1024,5,1568,1568,50,129,0.100852
ML-KEM,ML-KEM-1024,5,1568,1568,50,130,0.100794
ML-KEM,ML-KEM-1024,5,1568,1568,50,131,0.100633
ML-KEM,ML-KEM-1024,5,1568,1568,50,132,0.100639
ML-KEM,ML-KEM-1024,5,1568,1568,50,133,0.100778
ML-KEM,ML-KEM-1024,5,1568,1568,50,134,0.100928
ML-KEM,ML-KEM-1024,5,1568,1568,50,135,0.100956
ML-KEM,ML-KEM-1024,5,1568,1568,50,136,0.100719
ML-KEM,ML-KEM-1024,5,1568,1568,50,137,0.100744
ML-KEM,ML-KEM-1024,5,1568,1568,50,138,0.100670
ML-KEM,ML-KEM-1024,5,1568,1568,50,139,0.100743
ML-KEM,ML-KEM-1024,5,1568,1568,50,140,0.100642
ML-KEM,ML-KEM-1024,5,1568,1568,50,141,0.100796
ML-KEM,ML-KEM-1024,5,1568,1568,50,142,0.100814
ML-KEM,ML-KEM-1024,5,1568,1568,50,143,0.100781
ML-KEM,ML-KEM-1024,5,1568,1568,50,144,0.100806
ML-KEM,ML-KEM-1024,5,1568,1568,50,145,0.100915
ML-KEM,ML-KEM-1024,5,1568,1568,50,146,0.100738
ML-KEM,ML-KEM-1024,5,1568,1568,50,147,0.100817
ML-KEM,ML-KEM-1024,5,1568,1568,50,148,0.100767
ML-KEM,ML-KEM-1024,5,1568,1568,50,149,0.100767
ML-KEM,ML-KEM-1024,5,1568,1568,50,150,0.100613
ML-KEM,ML-KEM-1024,5,1568,1568,50,151,0.100625
ML-KEM,ML-KEM-1024,5,1568,1568,50,152,0.100711
ML-KEM,ML-KEM-1024,5,1568,1568,50,153,0.100926
ML-KEM,ML-KEM-1024,5,1568,1568,50,154,0.100814
ML-KEM,ML-KEM-1024,5,1568,1568,50,155,0.100895
ML-KEM,ML-KEM-1024,5,1568,1568,50,156,0.100607
ML-KEM,ML-KEM-1024,5,1568,1568,50,157,0.100683
ML-KEM,ML-KEM-1024,5,1568,1568,50,158,0.100894
ML-KEM,ML-KEM-1024,5,1568,1568,50,159,0.100856
ML-KEM,ML-KEM-1024,5,1568,1568,50,160,0.100798
ML-KEM,ML-KEM-1024,5,1568,1568,50,161,0.100801
ML-KEM,ML-KEM-1024,5,1568,1568,50,162,0.100867
ML-KEM,ML-KEM-1024,5,1568,1568,50,163,0.100870
ML-KEM,ML-KEM-1024,5,1568,1568,50,164,0.100879
ML-KEM,ML-KEM-1024,5,1568,1568,50,165,0.100721
ML-KEM,ML-KEM-1024,5,1568,1568,50,166,0.216128
ML-KEM,ML-KEM-1024,5,1568,1568,50,167,0.100625
ML-KEM,ML-KEM-1024,5,1568,1568,50,168,0.100661
ML-KEM,ML-KEM-1024,5,1568,1568,50,169,0.100663
ML-KEM,ML-KEM-1024,5,1568,1568,50,170,0.100672
ML-KEM,ML-KEM-1024,5,1568,1568,50,171,0.100705
ML-KEM,ML-KEM-1024,5,1568,1568,50,172,1.130166
ML-KEM,ML-KEM-1024,5,1568,1568,50,173,0.100729
ML-KEM,ML-KEM-1024,5,1568,1568,50,174,0.100865
ML-KEM,ML-KEM-1024,5,1568,1568,50,175,0.100785
ML-KEM,ML-KEM-1024,5,1568,1568,50,176,0.100390
ML-KEM,ML-KEM-1024,5,1568,1568,50,177,0.100746
ML-KEM,ML-KEM-1024,5,1568,1568,50,178,0.100783
ML-KEM,ML-KEM-1024,5,1568,1568,50,179,0.100642
ML-KEM,ML-KEM-1024,5,1568,1568,50,180,0.100757
ML-KEM,ML-KEM-1024,5,1568,1568,50,181,0.100944
ML-KEM,ML-KEM-1024,5,1568,1568,50,182,1.139199
ML-KEM,ML-KEM-1024,5,1568,1568,50,183,0.100673
ML-KEM,ML-KEM-1024,5,1568,1568,50,184,0.100641
ML-KEM,ML-KEM-1024,5,1568,1568,50,185,0.100693
ML-KEM,ML-KEM-1024,5,1568,1568,50,186,0.100850
ML-KEM,ML-KEM-1024,5,1568,1568,50,187,0.100669
ML-KEM,ML-KEM-1024,5,1568,1568,50,188,0.100598
ML-KEM,ML-KEM-1024,5,1568,1568,50,189,0.100697
ML-KEM,ML-KEM-1024,5,1568,1568,50,190,0.100704
ML-KEM,ML-KEM-1024,5,1568,1568,50,191,0.100766
ML-KEM,ML-KEM-1024,5,1568,1568,50,192,0.100838
ML-KEM,ML-KEM-1024,5,1568,1568,50,193,0.100741
ML-KEM,ML-KEM-1024,5,1568,1568,50,194,0.100650
ML-KEM,ML-KEM-1024,5,1568,1568,50,195,0.100701
ML-KEM,ML-KEM-1024,5,1568,1568,50,196,0.100750
ML-KEM,ML-KEM-1024,5,1568,1568,50,197,0.100791
ML-KEM,ML-KEM-1024,5,1568,1568,50,198,0.100660
ML-KEM,ML-KEM-1024,5,1568,1568,50,199,0.100849
ML-KEM,ML-KEM-1024,5,1568,1568,50,200,0.100688
ML-KEM,ML-KEM-1024,5,1568,1568,50,201,0.100809
ML-KEM,ML-KEM-1024,5,1568,1568,50,202,0.100729
ML-KEM,ML-KEM-1024,5,1568,1568,50,203,0.100781
ML-KEM,ML-KEM-1024,5,1568,1568,50,204,0.100517
ML-KEM,ML-KEM-1024,5,1568,1568,50,205,0.100632
ML-KEM,ML-KEM-1024,5,1568,1568,50,206,0.100684
ML-KEM,ML-KEM-1024,5,1568,1568,50,207,0.100616
ML-KEM,ML-KEM-1024,5,1568,1568,50,208,0.100613
ML-KEM,ML-KEM-1024,5,1568,1568,50,209,0.100861
ML-KEM,ML-KEM-1024,5,1568,1568,50,210,0.100894
ML-KEM,ML-KEM-1024,5,1568,1568,50,211,0.100571
ML-KEM,ML-KEM-1024,5,1568,1568,50,212,0.100596
ML-KEM,ML-KEM-1024,5,1568,1568,50,213,0.100573
ML-KEM,ML-KEM-1024,5,1568,1568,50,214,0.100659
ML-KEM,ML-KEM-1024,5,1568,1568,50,215,0.100713
ML-KEM,ML-KEM-1024,5,1568,1568,50,216,0.100695
ML-KEM,ML-KEM-1024,5,1568,1568,50,217,0.100823
ML-KEM,ML-KEM-1024,5,1568,1568,50,218,0.100686
ML-KEM,ML-KEM-1024,5,1568,1568,50,219,0.101005
ML-KEM,ML-KEM-1024,5,1568,1568,50,220,0.100874
ML-KEM,ML-KEM-1024,5,1568,1568,50,221,0.101037
ML-KEM,ML-KEM-1024,5,1568,1568,50,222,0.100807
ML-KEM,ML-KEM-1024,5,1568,1568,50,223,0.100801
ML-KEM,ML-KEM-1024,5,1568,1568,50,224,0.100813
ML-KEM,ML-KEM-1024,5,1568,1568,50,225,0.100657
ML-KEM,ML-KEM-1024,5,1568,1568,50,226,0.100773
ML-KEM,ML-KEM-1024,5,1568,1568,50,227,0.100808
ML-KEM,ML-KEM-1024,5,1568,1568,50,228,0.100794
ML-KEM,ML-KEM-1024,5,1568,1568,50,229,0.100703
ML-KEM,ML-KEM-1024,5,1568,1568,50,230,0.100715
ML-KEM,ML-KEM-1024,5,1568,1568,50,231,0.100645
ML-KEM,ML-KEM-1024,5,1568,1568,50,232,0.100712
ML-KEM,ML-KEM-1024,5,1568,1568,50,233,0.100612
ML-KEM,ML-KEM-1024,5,1568,1568,50,234,0.100700
ML-KEM,ML-KEM-1024,5,1568,1568,50,235,0.100601
ML-KEM,ML-KEM-1024,5,1568,1568,50,236,0.100813
ML-KEM,ML-KEM-1024,5,1568,1568,50,237,0.100800
ML-KEM,ML-KEM-1024,5,1568,1568,50,238,0.100695
ML-KEM,ML-KEM-1024,5,1568,1568,50,239,0.100787
ML-KEM,ML-KEM-1024,5,1568,1568,50,240,0.100673
ML-KEM,ML-KEM-1024,5,1568,1568,50,241,0.100765
ML-KEM,ML-KEM-1024,5,1568,1568,50,242,0.100602
ML-KEM,ML-KEM-1024,5,1568,1568,50,243,0.100631
ML-KEM,ML-KEM-1024,5,1568,1568,50,244,0.100582
ML-KEM,ML-KEM-1024,5,1568,1568,50,245,0.101041
ML-KEM,ML-KEM-1024,5,1568,1568,50,246,0.101041
ML-KEM,ML-KEM-1024,5,1568,1568,50,247,0.100993
ML-KEM,ML-KEM-1024,5,1568,1568,50,248,0.100861
ML-KEM,ML-KEM-1024,5,1568,1568,50,249,0.100778
ML-KEM,ML-KEM-1024,5,1568,1568,50,250,0.100721
ML-KEM,ML-KEM-1024,5,1568,1568,50,251,0.100746
ML-KEM,ML-KEM-1024,5,1568,1568,50,252,0.101097
ML-KEM,ML-KEM-1024,5,1568,1568,50,253,0.100950
ML-KEM,ML-KEM-1024,5,1568,1568,50,254,0.100857
ML-KEM,ML-KEM-1024,5,1568,1568,50,255,0.100842
ML-KEM,ML-KEM-1024,5,1568,1568,50,256,0.100852
ML-KEM,ML-KEM-1024,5,1568,1568,50,257,0.100857
ML-KEM,ML-KEM-1024,5,1568,1568,50,258,0.100598
ML-KEM,ML-KEM-1024,5,1568,1568,50,259,0.100867
ML-KEM,ML-KEM-1024,5,1568,1568,50,260,0.100766
ML-KEM,ML-KEM-1024,5,1568,1568,50,261,0.100930
ML-KEM,ML-KEM-1024,5,1568,1568,50,262,0.100830
ML-KEM,ML-KEM-1024,5,1568,1568,50,263,0.100809
ML-KEM,ML-KEM-1024,5,1568,1568,50,264,0.100962
ML-KEM,ML-KEM-1024,5,1568,1568,50,265,0.100716
ML-KEM,ML-KEM-1024,5,1568,1568,50,266,0.100760
ML-KEM,ML-KEM-1024,5,1568,1568,50,267,0.100935
ML-KEM,ML-KEM-1024,5,1568,1568,50,268,0.100829
ML-KEM,ML-KEM-1024,5,1568,1568,50,269,0.101005
ML-KEM,ML-KEM-1024,5,1568,1568,50,270,0.100786
ML-KEM,ML-KEM-1024,5,1568,1568,50,271,0.100798
ML-KEM,ML-KEM-1024,5,1568,1568,50,272,0.100606
ML-KEM,ML-KEM-1024,5,1568,1568,50,273,0.101129
ML-KEM,ML-KEM-1024,5,1568,1568,50,274,0.100894
ML-KEM,ML-KEM-1024,5,1568,1568,50,275,0.100747
ML-KEM,ML-KEM-1024,5,1568,1568,50,276,0.100653
ML-KEM,ML-KEM-1024,5,1568,1568,50,277,0.100983
ML-KEM,ML-KEM-1024,5,1568,1568,50,278,0.100957
ML-KEM,ML-KEM-1024,5,1568,1568,50,279,0.101025
ML-KEM,ML-KEM-1024,5,1568,1568,50,280,0.100853
ML-KEM,ML-KEM-1024,5,1568,1568,50,281,0.100919
ML-KEM,ML-KEM-1024,5,1568,1568,50,282,0.100931
ML-KEM,ML-KEM-1024,5,1568,1568,50,283,0.100835
ML-KEM,ML-KEM-1024,5,1568,1568,50,284,0.100950
ML-KEM,ML-KEM-1024,5,1568,1568,50,285,0.100959
ML-KEM,ML-KEM-1024,5,1568,1568,50,286,0.100853
ML-KEM,ML-KEM-1024,5,1568,1568,50,287,0.100975
ML-KEM,ML-KEM-1024,5,1568,1568,50,288,0.100966
ML-KEM,ML-KEM-1024,5,1568,1568,50,289,0.100783
ML-KEM,ML-KEM-1024,5,1568,1568,50,290,0.100921
ML-KEM,ML-KEM-1024,5,1568,1568,50,291,0.100865
ML-KEM,ML-KEM-1024,5,1568,1568,50,292,0.100668
ML-KEM,ML-KEM-1024,5,1568,1568,50,293,0.100492
ML-KEM,ML-KEM-1024,5,1568,1568,50,294,0.100812
ML-KEM,ML-KEM-1024,5,1568,1568,50,295,0.100757
ML-KEM,ML-KEM-1024,5,1568,1568,50,296,0.101188
ML-KEM,ML-KEM-1024,5,1568,1568,50,297,0.100813
ML-KEM,ML-KEM-1024,5,1568,1568,50,298,0.100677
ML-KEM,ML-KEM-1024,5,1568,1568,50,299,0.100697
NTRU,ntruhps2048677,1,930,930,50,0,0.100926
NTRU,ntruhps2048677,1,930,930,50,1,0.101381
NTRU,ntruhps2048677,1,930,930,50,2,0.100968
NTRU,ntruhps2048677,1,930,930,50,3,0.100928
NTRU,ntruhps2048677,1,930,930,50,4,0.423944
NTRU,ntruhps2048677,1,930,930,50,5,0.100728
NTRU,ntruhps2048677,1,930,930,50,6,0.100703
NTRU,ntruhps2048677,1,930,930,50,7,0.100749
NTRU,ntruhps2048677,1,930,930,50,8,0.100609
NTRU,ntruhps2048677,1,930,930,50,9,0.100607
NTRU,ntruhps2048677,1,930,930,50,10,0.100691
NTRU,ntruhps2048677,1,930,930,50,11,0.100616
NTRU,ntruhps2048677,1,930,930,50,12,0.100900
NTRU,ntruhps2048677,1,930,930,50,13,0.100646
NTRU,ntruhps2048677,1,930,930,50,14,0.101222
NTRU,ntruhps2048677,1,930,930,50,15,0.100480
NTRU,ntruhps2048677,1,930,930,50,16,0.100734
NTRU,ntruhps2048677,1,930,930,50,17,0.100748
NTRU,ntruhps2048677,1,930,930,50,18,0.100737
NTRU,ntruhps2048677,1,930,930,50,19,0.100645
NTRU,ntruhps2048677,1,930,930,50,20,0.100548
NTRU,ntruhps2048677,1,930,930,50,21,0.100790
NTRU,ntruhps2048677,1,930,930,50,22,0.100841
NTRU,ntruhps2048677,1,930,930,50,23,0.100713
NTRU,ntruhps2048677,1,930,930,50,24,0.100520
NTRU,ntruhps2048677,1,930,930,50,25,0.100555
NTRU,ntruhps2048677,1,930,930,50,26,0.100644
NTRU,ntruhps2048677,1,930,930,50,27,0.100725
NTRU,ntruhps2048677,1,930,930,50,28,0.100600
NTRU,ntruhps2048677,1,930,930,50,29,0.352656
NTRU,ntruhps2048677,1,930,930,50,30,0.100702
NTRU,ntruhps2048677,1,930,930,50,31,0.100596
NTRU,ntruhps2048677,1,930,930,50,32,0.100634
NTRU,ntruhps2048677,1,930,930,50,33,0.100761
NTRU,ntruhps2048677,1,930,930,50,34,0.100895
NTRU,ntruhps2048677,1,930,930,50,35,0.100757
NTRU,ntruhps2048677,1,930,930,50,36,0.100741
NTRU,ntruhps2048677,1,930,930,50,37,0.100683
NTRU,ntruhps2048677,1,930,930,50,38,0.100559
NTRU,ntruhps2048677,1,930,930,50,39,0.100731
NTRU,ntruhps2048677,1,930,930,50,40,0.100763
NTRU,ntruhps2048677,1,930,930,50,41,0.101130
NTRU,ntruhps2048677,1,930,930,50,42,0.100626
NTRU,ntruhps2048677,1,930,930,50,43,0.100758
NTRU,ntruhps2048677,1,930,930,50,44,0.101242
NTRU,ntruhps2048677,1,930,930,50,45,0.100603
NTRU,ntruhps2048677,1,930,930,50,46,0.100533
NTRU,ntruhps2048677,1,930,930,50,47,0.100497
NTRU,ntruhps2048677,1,930,930,50,48,0.100710
NTRU,ntruhps2048677,1,930,930,50,49,0.101117
NTRU,ntruhps2048677,1,930,930,50,50,0.100568
NTRU,ntruhps2048677,1,930,930,50,51,0.100760
NTRU,ntruhps2048677,1,930,930,50,52,0.100576
NTRU,ntruhps2048677,1,930,930,50,53,0.100692
NTRU,ntruhps2048677,1,930,930,50,54,0.100812
NTRU,ntruhps2048677,1,930,930,50,55,0.100758
NTRU,ntruhps2048677,1,930,930,50,56,0.100625
NTRU,ntruhps2048677,1,930,930,50,57,0.100656
NTRU,ntruhps2048677,1,930,930,50,58,0.100647
NTRU,ntruhps2048677,1,930,930,50,59,0.100646
NTRU,ntruhps2048677,1,930,930,50,60,0.100743
NTRU,ntruhps2048677,1,930,930,50,61,0.100697
NTRU,ntruhps2048677,1,930,930,50,62,0.100681
NTRU,ntruhps2048677,1,930,930,50,63,0.100804
NTRU,ntruhps2048677,1,930,930,50,64,0.100956
NTRU,ntruhps2048677,1,930,930,50,65,0.100911
NTRU,ntruhps2048677,1,930,930,50,66,0.100645
NTRU,ntruhps2048677,1,930,930,50,67,0.100460
NTRU,ntruhps2048677,1,930,930,50,68,0.100637
NTRU,ntruhps2048677,1,930,930,50,69,1.107164
NTRU,ntruhps2048677,1,930,930,50,70,0.100552
NTRU,ntruhps2048677,1,930,930,50,71,0.100666
NTRU,ntruhps2048677,1,930,930,50,72,0.100804
NTRU,ntruhps2048677,1,930,930,50,73,0.100833
NTRU,ntruhps2048677,1,930,930,50,74,0.100783
NTRU,ntruhps2048677,1,930,930,50,75,0.100945
NTRU,ntruhps2048677,1,930,930,50,76,0.100581
NTRU,ntruhps2048677,1,930,930,50,77,0.100815
NTRU,ntruhps2048677,1,930,930,50,78,0.100752
NTRU,ntruhps2048677,1,930,930,50,79,0.100603
NTRU,ntruhps2048677,1,930,930,50,80,0.100774
NTRU,ntruhps2048677,1,930,930,50,81,0.100738
NTRU,ntruhps2048677,1,930,930,50,82,0.100707
NTRU,ntruhps2048677,1,930,930,50,83,0.100778
NTRU,ntruhps2048677,1,930,930,50,84,0.100794
NTRU,ntruhps2048677,1,930,930,50,85,0.100851
NTRU,ntruhps2048677,1,930,930,50,86,0.100777
NTRU,ntruhps2048677,1,930,930,50,87,0.100766
NTRU,ntruhps2048677,1,930,930,50,88,0.100864
NTRU,ntruhps2048677,1,930,930,50,89,0.101054
NTRU,ntruhps2048677,1,930,930,50,90,0.100591
NTRU,ntruhps2048677,1,930,930,50,91,0.100730
NTRU,ntruhps2048677,1,930,930,50,92,0.100689
NTRU,ntruhps2048677,1,930,930,50,93,1.159265
NTRU,ntruhps2048677,1,930,930,50,94,0.100798
NTRU,ntruhps2048677,1,930,930,50,95,0.100822
NTRU,ntruhps2048677,1,930,930,50,96,0.100803
NTRU,ntruhps2048677,1,930,930,50,97,0.100745
NTRU,ntruhps2048677,1,930,930,50,98,0.100547
NTRU,ntruhps2048677,1,930,930,50,99,0.100777
NTRU,ntruhps2048677,1,930,930,50,100,0.100662
NTRU,ntruhps2048677,1,930,930,50,101,0.100707
NTRU,ntruhps2048677,1,930,930,50,102,0.100727
NTRU,ntruhps2048677,1,930,930,50,103,0.100751
NTRU,ntruhps2048677,1,930,930,50,104,0.100950
NTRU,ntruhps2048677,1,930,930,50,105,0.100857
NTRU,ntruhps2048677,1,930,930,50,106,0.100777
NTRU,ntruhps2048677,1,930,930,50,107,0.100665
NTRU,ntruhps2048677,1,930,930,50,108,0.100671
NTRU,ntruhps2048677,1,930,930,50,109,0.100511
NTRU,ntruhps2048677,1,930,930,50,110,0.100767
NTRU,ntruhps2048677,1,930,930,50,111,0.100629
NTRU,ntruhps2048677,1,930,930,50,112,0.100687
NTRU,ntruhps2048677,1,930,930,50,113,0.100734
NTRU,ntruhps2048677,1,930,930,50,114,0.100707
NTRU,ntruhps2048677,1,930,930,50,115,0.100720
NTRU,ntruhps2048677,1,930,930,50,116,0.100555
NTRU,ntruhps2048677,1,930,930,50,117,0.100716
NTRU,ntruhps2048677,1,930,930,50,118,0.100657
NTRU,ntruhps2048677,1,930,930,50,119,0.100621
NTRU,ntruhps2048677,1,930,930,50,120,0.100744
NTRU,ntruhps2048677,1,930,930,50,121,0.100732
NTRU,ntruhps2048677,1,930,930,50,122,0.100777
NTRU,ntruhps2048677,1,930,930,50,123,0.100732
NTRU,ntruhps2048677,1,930,930,50,124,0.100753
NTRU,ntruhps2048677,1,930,930,50,125,0.100702
NTRU,ntruhps2048677,1,930,930,50,126,0.100653
NTRU,ntruhps2048677,1,930,930,50,127,0.100611
NTRU,ntruhps2048677,1,930,930,50,128,0.100526
NTRU,ntruhps2048677,1,930,930,50,129,0.100759
NTRU,ntruhps2048677,1,930,930,50,130,0.100755
NTRU,ntruhps2048677,1,930,930,50,131,0.100789
NTRU,ntruhps2048677,1,930,930,50,132,0.100703
NTRU,ntruhps2048677,1,930,930,50,133,0.100696
NTRU,ntruhps2048677,1,930,930,50,134,0.100630
NTRU,ntruhps2048677,1,930,930,50,135,0.100696
NTRU,ntruhps2048677,1,930,930,50,136,0.100684
NTRU,ntruhps2048677,1,930,930,50,137,0.100601
NTRU,ntruhps2048677,1,930,930,50,138,0.100664
NTRU,ntruhps2048677,1,930,930,50,139,0.100767
NTRU,ntruhps2048677,1,930,930,50,140,0.100783
NTRU,ntruhps2048677,1,930,930,50,141,0.100700
NTRU,ntruhps2048677,1,930,930,50,142,0.100602
NTRU,ntruhps2048677,1,930,930,50,143,0.100540
NTRU,ntruhps2048677,1,930,930,50,144,0.100603
NTRU,ntruhps2048677,1,930,930,50,145,0.100630
NTRU,ntruhps2048677,1,930,930,50,146,0.100565
NTRU,ntruhps2048677,1,930,930,50,147,0.100509
NTRU,ntruhps2048677,1,930,930,50,148,0.100626
NTRU,ntruhps2048677,1,930,930,50,149,0.100707
NTRU,ntruhps2048677,1,930,930,50,150,0.100637
NTRU,ntruhps2048677,1,930,930,50,151,0.100605
NTRU,ntruhps2048677,1,930,930,50,152,0.100685
NTRU,ntruhps2048677,1,930,930,50,153,0.100655
NTRU,ntruhps2048677,1,930,930,50,154,0.100593
NTRU,ntruhps2048677,1,930,930,50,155,0.100527
NTRU,ntruhps2048677,1,930,930,50,156,0.100541
NTRU,ntruhps2048677,1,930,930,50,157,0.100563
NTRU,ntruhps2048677,1,930,930,50,158,0.100765
NTRU,ntruhps2048677,1,930,930,50,159,0.100596
NTRU,ntruhps2048677,1,930,930,50,160,0.100683
NTRU,ntruhps2048677,1,930,930,50,161,0.100757
NTRU,ntruhps2048677,1,930,930,50,162,0.100725
NTRU,ntruhps2048677,1,930,930,50,163,0.100754
NTRU,ntruhps2048677,1,930,930,50,164,0.100788
NTRU,ntruhps2048677,1,930,930,50,165,0.100925
NTRU,ntruhps2048677,1,930,930,50,166,0.100674
NTRU,ntruhps2048677,1,930,930,50,167,0.100617
NTRU,ntruhps2048677,1,930,930,50,168,0.100527
NTRU,ntruhps2048677,1,930,930,50,169,0.100581
NTRU,ntruhps2048677,1,930,930,50,170,0.100512
NTRU,ntruhps2048677,1,930,930,50,171,0.100565
NTRU,ntruhps2048677,1,930,930,50,172,0.100624
NTRU,ntruhps2048677,1,930,930,50,173,0.100611
NTRU,ntruhps2048677,1,930,930,50,174,0.100626
NTRU,ntruhps2048677,1,930,930,50,175,0.100715
NTRU,ntruhps2048677,1,930,930,50,176,0.100640
NTRU,ntruhps2048677,1,930,930,50,177,0.100760
NTRU,ntruhps2048677,1,930,930,50,178,0.100767
NTRU,ntruhps2048677,1,930,930,50,179,0.100803
NTRU,ntruhps2048677,1,930,930,50,180,0.358328
NTRU,ntruhps2048677,1,930,930,50,181,0.100775
NTRU,ntruhps2048677,1,930,930,50,182,0.100866
NTRU,ntruhps2048677,1,930,930,50,183,0.100611
NTRU,ntruhps2048677,1,930,930,50,184,0.100714
NTRU,ntruhps2048677,1,930,930,50,185,0.100707
NTRU,ntruhps2048677,1,930,930,50,186,0.100671
NTRU,ntruhps2048677,1,930,930,50,187,0.100646
NTRU,ntruhps2048677,1,930,930,50,188,0.100629
NTRU,ntruhps2048677,1,930,930,50,189,0.100629
NTRU,ntruhps2048677,1,930,930,50,190,0.100647
NTRU,ntruhps2048677,1,930,930,50,191,0.100678
NTRU,ntruhps2048677,1,930,930,50,192,0.100678
NTRU,ntruhps2048677,1,930,930,50,193,0.100711
NTRU,ntruhps2048677,1,930,930,50,194,1.115004
NTRU,ntruhps2048677,1,930,930,50,195,0.100721
NTRU,ntruhps2048677,1,930,930,50,196,0.100680
NTRU,ntruhps2048677,1,930,930,50,197,0.100693
NTRU,ntruhps2048677,1,930,930,50,198,0.100713
NTRU,ntruhps2048677,1,930,930,50,199,0.100700
NTRU,ntruhps2048677,1,930,930,50,200,0.100615
NTRU,ntruhps2048677,1,930,930,50,201,0.100816
NTRU,ntruhps2048677,1,930,930,50,202,0.100653
NTRU,ntruhps2048677,1,930,930,50,203,0.100576
NTRU,ntruhps2048677,1,930,930,50,204,0.100726
NTRU,ntruhps2048677,1,930,930,50,205,0.100785
NTRU,ntruhps2048677,1,930,930,50,206,0.100698
NTRU,ntruhps2048677,1,930,930,50,207,0.100700
NTRU,ntruhps2048677,1,930,930,50,208,0.100622
NTRU,ntruhps2048677,1,930,930,50,209,0.100533
NTRU,ntruhps2048677,1,930,930,50,210,0.100586
NTRU,ntruhps2048677,1,930,930,50,211,0.100536
NTRU,ntruhps2048677,1,930,930,50,212,0.100570
NTRU,ntruhps2048677,1,930,930,50,213,0.100571
NTRU,ntruhps2048677,1,930,930,50,214,0.100551
NTRU,ntruhps2048677,1,930,930,50,215,0.100589
NTRU,ntruhps2048677,1,930,930,50,216,0.100589
NTRU,ntruhps2048677,1,930,930,50,217,0.100635
NTRU,ntruhps2048677,1,930,930,50,218,0.100721
NTRU,ntruhps2048677,1,930,930,50,219,0.100656
NTRU,ntruhps2048677,1,930,930,50,220,0.100635
NTRU,ntruhps2048677,1,930,930,50,221,0.100676
NTRU,ntruhps2048677,1,930,930,50,222,0.100666
NTRU,ntruhps2048677,1,930,930,50,223,0.100563
NTRU,ntruhps2048677,1,930,930,50,224,0.100542
NTRU,ntruhps2048677,1,930,930,50,225,0.100755
NTRU,ntruhps2048677,1,930,930,50,226,0.100652
NTRU,ntruhps2048677,1,930,930,50,227,0.100643
NTRU,ntruhps2048677,1,930,930,50,228,0.100670
NTRU,ntruhps2048677,1,930,930,50,229,1.117523
NTRU,ntruhps2048677,1,930,930,50,230,0.100714
NTRU,ntruhps2048677,1,930,930,50,231,0.100565
NTRU,ntruhps2048677,1,930,930,50,232,0.100724
NTRU,ntruhps2048677,1,930,930,50,233,0.100908
NTRU,ntruhps2048677,1,930,930,50,234,0.100643
NTRU,ntruhps2048677,1,930,930,50,235,0.100591
NTRU,ntruhps2048677,1,930,930,50,236,0.100726
NTRU,ntruhps2048677,1,930,930,50,237,0.100692
NTRU,ntruhps2048677,1,930,930,50,238,0.100753
NTRU,ntruhps2048677,1,930,930,50,239,0.100624
NTRU,ntruhps2048677,1,930,930,50,240,0.100562
NTRU,ntruhps2048677,1,930,930,50,241,0.100576
NTRU,ntruhps2048677,1,930,930,50,242,0.100658
NTRU,ntruhps2048677,1,930,930,50,243,0.100547
NTRU,ntruhps2048677,1,930,930,50,244,0.100568
NTRU,ntruhps2048677,1,930,930,50,245,0.100628
NTRU,ntruhps2048677,1,930,930,50,246,0.100708
NTRU,ntruhps2048677,1,930,930,50,247,0.100466
NTRU,ntruhps2048677,1,930,930,50,248,0.100582
NTRU,ntruhps2048677,1,930,930,50,249,0.100642
NTRU,ntruhps2048677,1,930,930,50,250,1.120389
NTRU,ntruhps2048677,1,930,930,50,251,0.100684
NTRU,ntruhps2048677,1,930,930,50,252,0.100587
NTRU,ntruhps2048677,1,930,930,50,253,0.100781
NTRU,ntruhps2048677,1,930,930,50,254,0.100784
NTRU,ntruhps2048677,1,930,930,50,255,0.100797
NTRU,ntruhps2048677,1,930,930,50,256,0.100787
NTRU,ntruhps2048677,1,930,930,50,257,0.100699
NTRU,ntruhps2048677,1,930,930,50,258,0.100642
NTRU,ntruhps2048677,1,930,930,50,259,0.100553
NTRU,ntruhps2048677,1,930,930,50,260,0.100549
NTRU,ntruhps2048677,1,930,930,50,261,0.100560
NTRU,ntruhps2048677,1,930,930,50,262,0.100583
NTRU,ntruhps2048677,1,930,930,50,263,1.158164
NTRU,ntruhps2048677,1,930,930,50,264,0.100705
NTRU,ntruhps2048677,1,930,930,50,265,0.100668
NTRU,ntruhps2048677,1,930,930,50,266,0.371838
NTRU,ntruhps2048677,1,930,930,50,267,0.100744
NTRU,ntruhps2048677,1,930,930,50,268,0.100665
NTRU,ntruhps2048677,1,930,930,50,269,0.100694
NTRU,ntruhps2048677,1,930,930,50,270,0.100767
NTRU,ntruhps2048677,1,930,930,50,271,0.100749
NTRU,ntruhps2048677,1,930,930,50,272,0.100707
NTRU,ntruhps2048677,1,930,930,50,273,0.100607
NTRU,ntruhps2048677,1,930,930,50,274,0.100761
NTRU,ntruhps2048677,1,930,930,50,275,0.100524
NTRU,ntruhps2048677,1,930,930,50,276,0.100739
NTRU,ntruhps2048677,1,930,930,50,277,0.100680
NTRU,ntruhps2048677,1,930,930,50,278,0.100642
NTRU,ntruhps2048677,1,930,930,50,279,0.100640
NTRU,ntruhps2048677,1,930,930,50,280,0.100635
NTRU,ntruhps2048677,1,930,930,50,281,0.100621
NTRU,ntruhps2048677,1,930,930,50,282,0.100635
NTRU,ntruhps2048677,1,930,930,50,283,0.100709
NTRU,ntruhps2048677,1,930,930,50,284,0.100651
NTRU,ntruhps2048677,1,930,930,50,285,0.100588
NTRU,ntruhps2048677,1,930,930,50,286,0.100635
NTRU,ntruhps2048677,1,930,930,50,287,0.100699
NTRU,ntruhps2048677,1,930,930,50,288,0.100644
NTRU,ntruhps2048677,1,930,930,50,289,0.100704
NTRU,ntruhps2048677,1,930,930,50,290,0.100654
NTRU,ntruhps2048677,1,930,930,50,291,0.100705
NTRU,ntruhps2048677,1,930,930,50,292,0.100654
NTRU,ntruhps2048677,1,930,930,50,293,0.100612
NTRU,ntruhps2048677,1,930,930,50,294,0.100526
NTRU,ntruhps2048677,1,930,930,50,295,0.100545
NTRU,ntruhps2048677,1,930,930,50,296,0.100528
NTRU,ntruhps2048677,1,930,930,50,297,0.100515
NTRU,ntruhps2048677,1,930,930,50,298,0.100559
NTRU,ntruhps2048677,1,930,930,50,299,0.100543
NTRU,ntruhps4096821,3,1230,1230,50,0,0.100890
NTRU,ntruhps4096821,3,1230,1230,50,1,0.100867
NTRU,ntruhps4096821,3,1230,1230,50,2,0.100853
NTRU,ntruhps4096821,3,1230,1230,50,3,0.100778
NTRU,ntruhps4096821,3,1230,1230,50,4,0.167477
NTRU,ntruhps4096821,3,1230,1230,50,5,1.160248
NTRU,ntruhps4096821,3,1230,1230,50,6,0.100768
NTRU,ntruhps4096821,3,1230,1230,50,7,0.100748
NTRU,ntruhps4096821,3,1230,1230,50,8,0.100792
NTRU,ntruhps4096821,3,1230,1230,50,9,0.100817
NTRU,ntruhps4096821,3,1230,1230,50,10,0.100894
NTRU,ntruhps4096821,3,1230,1230,50,11,0.100945
NTRU,ntruhps4096821,3,1230,1230,50,12,0.100840
NTRU,ntruhps4096821,3,1230,1230,50,13,0.101054
NTRU,ntruhps4096821,3,1230,1230,50,14,0.100820
NTRU,ntruhps4096821,3,1230,1230,50,15,0.100827
NTRU,ntruhps4096821,3,1230,1230,50,16,0.100748
NTRU,ntruhps4096821,3,1230,1230,50,17,0.359685
NTRU,ntruhps4096821,3,1230,1230,50,18,0.100834
NTRU,ntruhps4096821,3,1230,1230,50,19,0.100776
NTRU,ntruhps4096821,3,1230,1230,50,20,0.100705
NTRU,ntruhps4096821,3,1230,1230,50,21,0.100771
NTRU,ntruhps4096821,3,1230,1230,50,22,0.100850
NTRU,ntruhps4096821,3,1230,1230,50,23,0.101002
NTRU,ntruhps4096821,3,1230,1230,50,24,0.100919
NTRU,ntruhps4096821,3,1230,1230,50,25,0.100825
NTRU,ntruhps4096821,3,1230,1230,50,26,0.100631
NTRU,ntruhps4096821,3,1230,1230,50,27,0.100832
NTRU,ntruhps4096821,3,1230,1230,50,28,0.100726
NTRU,ntruhps4096821,3,1230,1230,50,29,0.100856
NTRU,ntruhps4096821,3,1230,1230,50,30,0.100886
NTRU,ntruhps4096821,3,1230,1230,50,31,0.100638
NTRU,ntruhps4096821,3,1230,1230,50,32,0.100664
NTRU,ntruhps4096821,3,1230,1230,50,33,0.100818
NTRU,ntruhps4096821,3,1230,1230,50,34,0.100840
NTRU,ntruhps4096821,3,1230,1230,50,35,0.100931
NTRU,ntruhps4096821,3,1230,1230,50,36,0.100791
NTRU,ntruhps4096821,3,1230,1230,50,37,0.100796
NTRU,ntruhps4096821,3,1230,1230,50,38,0.100990
NTRU,ntruhps4096821,3,1230,1230,50,39,0.100792
NTRU,ntruhps4096821,3,1230,1230,50,40,0.100795
NTRU,ntruhps4096821,3,1230,1230,50,41,1.110432
NTRU,ntruhps4096821,3,1230,1230,50,42,0.100842
NTRU,ntruhps4096821,3,1230,1230,50,43,0.100846
NTRU,ntruhps4096821,3,1230,1230,50,44,0.100855
NTRU,ntruhps4096821,3,1230,1230,50,45,0.100556
NTRU,ntruhps4096821,3,1230,1230,50,46,0.101032
NTRU,ntruhps4096821,3,1230,1230,50,47,0.100649
NTRU,ntruhps4096821,3,1230,1230,50,48,0.100621
NTRU,ntruhps4096821,3,1230,1230,50,49,0.100597
NTRU,ntruhps4096821,3,1230,1230,50,50,0.100727
NTRU,ntruhps4096821,3,1230,1230,50,51,1.163952
NTRU,ntruhps4096821,3,1230,1230,50,52,0.100864
NTRU,ntruhps4096821,3,1230,1230,50,53,0.100530
NTRU,ntruhps4096821,3,1230,1230,50,54,0.100635
NTRU,ntruhps4096821,3,1230,1230,50,55,0.100785
NTRU,ntruhps4096821,3,1230,1230,50,56,0.100928
NTRU,ntruhps4096821,3,1230,1230,50,57,0.100544
NTRU,ntruhps4096821,3,1230,1230,50,58,0.100657
NTRU,ntruhps4096821,3,1230,1230,50,59,0.100695
NTRU,ntruhps4096821,3,1230,1230,50,60,0.100787
NTRU,ntruhps4096821,3,1230,1230,50,61,0.100818
NTRU,ntruhps4096821,3,1230,1230,50,62,0.100875
NTRU,ntruhps4096821,3,1230,1230,50,63,0.100827
NTRU,ntruhps4096821,3,1230,1230,50,64,0.100482
NTRU,ntruhps4096821,3,1230,1230,50,65,0.100591
NTRU,ntruhps4096821,3,1230,1230,50,66,0.100762
NTRU,ntruhps4096821,3,1230,1230,50,67,0.100758
NTRU,ntruhps4096821,3,1230,1230,50,68,0.100720
NTRU,ntruhps4096821,3,1230,1230,50,69,0.100751
NTRU,ntruhps4096821,3,1230,1230,50,70,0.100622
NTRU,ntruhps4096821,3,1230,1230,50,71,0.100755
NTRU,ntruhps4096821,3,1230,1230,50,72,0.100570
NTRU,ntruhps4096821,3,1230,1230,50,73,0.100627
NTRU,ntruhps4096821,3,1230,1230,50,74,0.100663
NTRU,ntruhps4096821,3,1230,1230,50,75,0.100579
NTRU,ntruhps4096821,3,1230,1230,50,76,0.100588
NTRU,ntruhps4096821,3,1230,1230,50,77,0.100635
NTRU,ntruhps4096821,3,1230,1230,50,78,0.100711
NTRU,ntruhps4096821,3,1230,1230,50,79,0.100600
NTRU,ntruhps4096821,3,1230,1230,50,80,0.100435
NTRU,ntruhps4096821,3,1230,1230,50,81,0.100530
NTRU,ntruhps4096821,3,1230,1230,50,82,0.100668
NTRU,ntruhps4096821,3,1230,1230,50,83,0.100686
NTRU,ntruhps4096821,3,1230,1230,50,84,0.100776
NTRU,ntruhps4096821,3,1230,1230,50,85,0.100651
NTRU,ntruhps4096821,3,1230,1230,50,86,0.100775
NTRU,ntruhps4096821,3,1230,1230,50,87,0.100755
NTRU,ntruhps4096821,3,1230,1230,50,88,0.100640
NTRU,ntruhps4096821,3,1230,1230,50,89,0.100709
NTRU,ntruhps4096821,3,1230,1230,50,90,0.100716
NTRU,ntruhps4096821,3,1230,1230,50,91,0.100866
NTRU,ntruhps4096821,3,1230,1230,50,92,0.100956
NTRU,ntruhps4096821,3,1230,1230,50,93,0.100875
NTRU,ntruhps4096821,3,1230,1230,50,94,0.100832
NTRU,ntruhps4096821,3,1230,1230,50,95,0.100798
NTRU,ntruhps4096821,3,1230,1230,50,96,0.100864
NTRU,ntruhps4096821,3,1230,1230,50,97,0.100860
NTRU,ntruhps4096821,3,1230,1230,50,98,0.100972
NTRU,ntruhps4096821,3,1230,1230,50,99,0.100881
NTRU,ntruhps4096821,3,1230,1230,50,100,0.100985
NTRU,ntruhps4096821,3,1230,1230,50,101,0.100985
NTRU,ntruhps4096821,3,1230,1230,50,102,0.100852
NTRU,ntruhps4096821,3,1230,1230,50,103,0.100765
NTRU,ntruhps4096821,3,1230,1230,50,104,0.100975
NTRU,ntruhps4096821,3,1230,1230,50,105,0.100780
NTRU,ntruhps4096821,3,1230,1230,50,106,0.100797
NTRU,ntruhps4096821,3,1230,1230,50,107,0.100845
NTRU,ntruhps4096821,3,1230,1230,50,108,0.100925
NTRU,ntruhps4096821,3,1230,1230,50,109,0.100856
NTRU,ntruhps4096821,3,1230,1230,50,110,0.101206
NTRU,ntruhps4096821,3,1230,1230,50,111,0.100866
NTRU,ntruhps4096821,3,1230,1230,50,112,0.101115
NTRU,ntruhps4096821,3,1230,1230,50,113,0.101012
NTRU,ntruhps4096821,3,1230,1230,50,114,0.100489
NTRU,ntruhps4096821,3,1230,1230,50,115,0.100497
NTRU,ntruhps4096821,3,1230,1230,50,116,0.100625
NTRU,ntruhps4096821,3,1230,1230,50,117,0.100706
NTRU,ntruhps4096821,3,1230,1230,50,118,0.100920
NTRU,ntruhps4096821,3,1230,1230,50,119,0.101092
NTRU,ntruhps4096821,3,1230,1230,50,120,0.100628
NTRU,ntruhps4096821,3,1230,1230,50,121,0.100843
NTRU,ntruhps4096821,3,1230,1230,50,122,0.100819
NTRU,ntruhps4096821,3,1230,1230,50,123,0.101016
NTRU,ntruhps4096821,3,1230,1230,50,124,0.100846
NTRU,ntruhps4096821,3,1230,1230,50,125,0.100902
NTRU,ntruhps4096821,3,1230,1230,50,126,0.100822
NTRU,ntruhps4096821,3,1230,1230,50,127,0.100877
NTRU,ntruhps4096821,3,1230,1230,50,128,0.100731
NTRU,ntruhps4096821,3,1230,1230,50,129,0.100891
NTRU,ntruhps4096821,3,1230,1230,50,130,0.100784
NTRU,ntruhps4096821,3,1230,1230,50,131,0.100644
NTRU,ntruhps4096821,3,1230,1230,50,132,0.100632
NTRU,ntruhps4096821,3,1230,1230,50,133,0.100699
NTRU,ntruhps4096821,3,1230,1230,50,134,0.100658
NTRU,ntruhps4096821,3,1230,1230,50,135,0.100882
NTRU,ntruhps4096821,3,1230,1230,50,136,0.100868
NTRU,ntruhps4096821,3,1230,1230,50,137,0.100774
NTRU,ntruhps4096821,3,1230,1230,50,138,0.100862
NTRU,ntruhps4096821,3,1230,1230,50,139,0.100753
NTRU,ntruhps4096821,3,1230,1230,50,140,0.100766
NTRU,ntruhps4096821,3,1230,1230,50,141,0.100769
NTRU,ntruhps4096821,3,1230,1230,50,142,0.100743
NTRU,ntruhps4096821,3,1230,1230,50,143,0.100751
NTRU,ntruhps4096821,3,1230,1230,50,144,0.100764
NTRU,ntruhps4096821,3,1230,1230,50,145,0.100712
NTRU,ntruhps4096821,3,1230,1230,50,146,0.100776
NTRU,ntruhps4096821,3,1230,1230,50,147,0.100812
NTRU,ntruhps4096821,3,1230,1230,50,148,0.100733
NTRU,ntruhps4096821,3,1230,1230,50,149,0.100889
NTRU,ntruhps4096821,3,1230,1230,50,150,0.101096
NTRU,ntruhps4096821,3,1230,1230,50,151,0.101025
NTRU,ntruhps4096821,3,1230,1230,50,152,0.100890
NTRU,ntruhps4096821,3,1230,1230,50,153,0.100845
NTRU,ntruhps4096821,3,1230,1230,50,154,0.100814
NTRU,ntruhps4096821,3,1230,1230,50,155,0.100630
NTRU,ntruhps4096821,3,1230,1230,50,156,0.100758
NTRU,ntruhps4096821,3,1230,1230,50,157,0.100684
NTRU,ntruhps4096821,3,1230,1230,50,158,0.100675
NTRU,ntruhps4096821,3,1230,1230,50,159,0.100754
NTRU,ntruhps4096821,3,1230,1230,50,160,0.100861
NTRU,ntruhps4096821,3,1230,1230,50,161,0.100817
NTRU,ntruhps4096821,3,1230,1230,50,162,0.100735
NTRU,ntruhps4096821,3,1230,1230,50,163,0.100729
NTRU,ntruhps4096821,3,1230,1230,50,164,0.100841
NTRU,ntruhps4096821,3,1230,1230,50,165,0.100759
NTRU,ntruhps4096821,3,1230,1230,50,166,0.100814
NTRU,ntruhps4096821,3,1230,1230,50,167,0.100846
NTRU,ntruhps4096821,3,1230,1230,50,168,0.100829
NTRU,ntruhps4096821,3,1230,1230,50,169,0.100700
NTRU,ntruhps4096821,3,1230,1230,50,170,0.100745
NTRU,ntruhps4096821,3,1230,1230,50,171,0.100749
NTRU,ntruhps4096821,3,1230,1230,50,172,0.100759
NTRU,ntruhps4096821,3,1230,1230,50,173,0.100716
NTRU,ntruhps4096821,3,1230,1230,50,174,0.100654
NTRU,ntruhps4096821,3,1230,1230,50,175,0.100917
NTRU,ntruhps4096821,3,1230,1230,50,176,0.100829
NTRU,ntruhps4096821,3,1230,1230,50,177,0.100742
NTRU,ntruhps4096821,3,1230,1230,50,178,0.100899
NTRU,ntruhps4096821,3,1230,1230,50,179,0.100910
NTRU,ntruhps4096821,3,1230,1230,50,180,0.100796
NTRU,ntruhps4096821,3,1230,1230,50,181,0.100838
NTRU,ntruhps4096821,3,1230,1230,50,182,0.100758
NTRU,ntruhps4096821,3,1230,1230,50,183,0.100816
NTRU,ntruhps4096821,3,1230,1230,50,184,0.101081
NTRU,ntruhps4096821,3,1230,1230,50,185,0.100849
NTRU,ntruhps4096821,3,1230,1230,50,186,0.100829
NTRU,ntruhps4096821,3,1230,1230,50,187,0.100918
NTRU,ntruhps4096821,3,1230,1230,50,188,0.100846
NTRU,ntruhps4096821,3,1230,1230,50,189,0.100718
NTRU,ntruhps4096821,3,1230,1230,50,190,0.100657
NTRU,ntruhps4096821,3,1230,1230,50,191,0.100664
NTRU,ntruhps4096821,3,1230,1230,50,192,0.100648
NTRU,ntruhps4096821,3,1230,1230,50,193,0.100549
NTRU,ntruhps4096821,3,1230,1230,50,194,0.100685
NTRU,ntruhps4096821,3,1230,1230,50,195,0.100621
NTRU,ntruhps4096821,3,1230,1230,50,196,0.100680
NTRU,ntruhps4096821,3,1230,1230,50,197,0.100727
NTRU,ntruhps4096821,3,1230,1230,50,198,0.100668
NTRU,ntruhps4096821,3,1230,1230,50,199,0.100683
NTRU,ntruhps4096821,3,1230,1230,50,200,0.100655
NTRU,ntruhps4096821,3,1230,1230,50,201,0.100708
NTRU,ntruhps4096821,3,1230,1230,50,202,0.100667
NTRU,ntruhps4096821,3,1230,1230,50,203,0.100647
NTRU,ntruhps4096821,3,1230,1230,50,204,0.100751
NTRU,ntruhps4096821,3,1230,1230,50,205,0.100766
NTRU,ntruhps4096821,3,1230,1230,50,206,0.100842
NTRU,ntruhps4096821,3,1230,1230,50,207,0.166805
NTRU,ntruhps4096821,3,1230,1230,50,208,0.100823
NTRU,ntruhps4096821,3,1230,1230,50,209,0.100781
NTRU,ntruhps4096821,3,1230,1230,50,210,0.100763
NTRU,ntruhps4096821,3,1230,1230,50,211,0.100731
NTRU,ntruhps4096821,3,1230,1230,50,212,0.100572
NTRU,ntruhps4096821,3,1230,1230,50,213,0.100606
NTRU,ntruhps4096821,3,1230,1230,50,214,0.100626
NTRU,ntruhps4096821,3,1230,1230,50,215,0.100701
NTRU,ntruhps4096821,3,1230,1230,50,216,0.100699
NTRU,ntruhps4096821,3,1230,1230,50,217,0.100651
NTRU,ntruhps4096821,3,1230,1230,50,218,0.100676
NTRU,ntruhps4096821,3,1230,1230,50,219,0.100848
NTRU,ntruhps4096821,3,1230,1230,50,220,0.100709
NTRU,ntruhps4096821,3,1230,1230,50,221,0.100714
NTRU,ntruhps4096821,3,1230,1230,50,222,0.100726
NTRU,ntruhps4096821,3,1230,1230,50,223,0.100747
NTRU,ntruhps4096821,3,1230,1230,50,224,0.100726
NTRU,ntruhps4096821,3,1230,1230,50,225,0.100770
NTRU,ntruhps4096821,3,1230,1230,50,226,0.100768
NTRU,ntruhps4096821,3,1230,1230,50,227,0.100669
NTRU,ntruhps4096821,3,1230,1230,50,228,0.100752
NTRU,ntruhps4096821,3,1230,1230,50,229,0.100632
NTRU,ntruhps4096821,3,1230,1230,50,230,0.100560
NTRU,ntruhps4096821,3,1230,1230,50,231,0.100777
NTRU,ntruhps4096821,3,1230,1230,50,232,0.100718
NTRU,ntruhps4096821,3,1230,1230,50,233,0.100890
NTRU,ntruhps4096821,3,1230,1230,50,234,0.100732
NTRU,ntruhps4096821,3,1230,1230,50,235,0.100752
NTRU,ntruhps4096821,3,1230,1230,50,236,1.117412
NTRU,ntruhps4096821,3,1230,1230,50,237,0.100641
NTRU,ntruhps4096821,3,1230,1230,50,238,0.100702
NTRU,ntruhps4096821,3,1230,1230,50,239,0.100655
NTRU,ntruhps4096821,3,1230,1230,50,240,0.100607
NTRU,ntruhps4096821,3,1230,1230,50,241,0.100595
NTRU,ntruhps4096821,3,1230,1230,50,242,0.100566
NTRU,ntruhps4096821,3,1230,1230,50,243,0.100531
NTRU,ntruhps4096821,3,1230,1230,50,244,0.100618
NTRU,ntruhps4096821,3,1230,1230,50,245,0.100725
NTRU,ntruhps4096821,3,1230,1230,50,246,0.100686
NTRU,ntruhps4096821,3,1230,1230,50,247,0.100646
NTRU,ntruhps4096821,3,1230,1230,50,248,0.100558
NTRU,ntruhps4096821,3,1230,1230,50,249,0.100582
NTRU,ntruhps4096821,3,1230,1230,50,250,0.100640
NTRU,ntruhps4096821,3,1230,1230,50,251,0.100622
NTRU,ntruhps4096821,3,1230,1230,50,252,0.100573
NTRU,ntruhps4096821,3,1230,1230,50,253,0.100654
NTRU,ntruhps4096821,3,1230,1230,50,254,0.100724
NTRU,ntruhps4096821,3,1230,1230,50,255,0.100751
NTRU,ntruhps4096821,3,1230,1230,50,256,0.100647
NTRU,ntruhps4096821,3,1230,1230,50,257,0.100708
NTRU,ntruhps4096821,3,1230,1230,50,258,0.100704
NTRU,ntruhps4096821,3,1230,1230,50,259,0.100734
NTRU,ntruhps4096821,3,1230,1230,50,260,0.100690
NTRU,ntruhps4096821,3,1230,1230,50,261,0.100633
NTRU,ntruhps4096821,3,1230,1230,50,262,0.100810
NTRU,ntruhps4096821,3,1230,1230,50,263,0.100892
NTRU,ntruhps4096821,3,1230,1230,50,264,0.100779
NTRU,ntruhps4096821,3,1230,1230,50,265,0.100790
NTRU,ntruhps4096821,3,1230,1230,50,266,0.100838
NTRU,ntruhps4096821,3,1230,1230,50,267,0.100813
NTRU,ntruhps4096821,3,1230,1230,50,268,0.100699
NTRU,ntruhps4096821,3,1230,1230,50,269,0.100598
NTRU,ntruhps4096821,3,1230,1230,50,270,0.100787
NTRU,ntruhps4096821,3,1230,1230,50,271,0.100968
NTRU,ntruhps4096821,3,1230,1230,50,272,0.100771
NTRU,ntruhps4096821,3,1230,1230,50,273,0.100760
NTRU,ntruhps4096821,3,1230,1230,50,274,0.100844
NTRU,ntruhps4096821,3,1230,1230,50,275,0.100951
NTRU,ntruhps4096821,3,1230,1230,50,276,0.100867
NTRU,ntruhps4096821,3,1230,1230,50,277,0.100771
NTRU,ntruhps4096821,3,1230,1230,50,278,0.100739
NTRU,ntruhps4096821,3,1230,1230,50,279,0.100699
NTRU,ntruhps4096821,3,1230,1230,50,280,0.100608
NTRU,ntruhps4096821,3,1230,1230,50,281,0.101063
NTRU,ntruhps4096821,3,1230,1230,50,282,0.100671
NTRU,ntruhps4096821,3,1230,1230,50,283,0.100632
NTRU,ntruhps4096821,3,1230,1230,50,284,0.100819
NTRU,ntruhps4096821,3,1230,1230,50,285,0.100750
NTRU,ntruhps4096821,3,1230,1230,50,286,0.100713
NTRU,ntruhps4096821,3,1230,1230,50,287,0.100683
NTRU,ntruhps4096821,3,1230,1230,50,288,0.100668
NTRU,ntruhps4096821,3,1230,1230,50,289,0.100681
NTRU,ntruhps4096821,3,1230,1230,50,290,0.100712
NTRU,ntruhps4096821,3,1230,1230,50,291,0.100866
NTRU,ntruhps4096821,3,1230,1230,50,292,0.100741
NTRU,ntruhps4096821,3,1230,1230,50,293,0.100691
NTRU,ntruhps4096821,3,1230,1230,50,294,0.355905
NTRU,ntruhps4096821,3,1230,1230,50,295,0.100749
NTRU,ntruhps4096821,3,1230,1230,50,296,0.100537
NTRU,ntruhps4096821,3,1230,1230,50,297,0.100700
NTRU,ntruhps4096821,3,1230,1230,50,298,0.100690
NTRU,ntruhps4096821,3,1230,1230,50,299,0.100364
HQC,HQC-1,1,2241,4433,50,0,0.100385
HQC,HQC-1,1,2241,4433,50,1,0.100550
HQC,HQC-1,1,2241,4433,50,2,0.201143
HQC,HQC-1,1,2241,4433,50,3,0.201153
HQC,HQC-1,1,2241,4433,50,4,0.100803
HQC,HQC-1,1,2241,4433,50,5,0.100603
HQC,HQC-1,1,2241,4433,50,6,0.100842
HQC,HQC-1,1,2241,4433,50,7,0.101009
HQC,HQC-1,1,2241,4433,50,8,0.100958
HQC,HQC-1,1,2241,4433,50,9,0.101085
HQC,HQC-1,1,2241,4433,50,10,0.216707
HQC,HQC-1,1,2241,4433,50,11,0.100766
HQC,HQC-1,1,2241,4433,50,12,0.100759
HQC,HQC-1,1,2241,4433,50,13,0.100719
HQC,HQC-1,1,2241,4433,50,14,0.100801
HQC,HQC-1,1,2241,4433,50,15,0.100744
HQC,HQC-1,1,2241,4433,50,16,0.100894
HQC,HQC-1,1,2241,4433,50,17,0.100958
HQC,HQC-1,1,2241,4433,50,18,0.100823
HQC,HQC-1,1,2241,4433,50,19,0.100767
HQC,HQC-1,1,2241,4433,50,20,0.100869
HQC,HQC-1,1,2241,4433,50,21,0.100947
HQC,HQC-1,1,2241,4433,50,22,0.100918
HQC,HQC-1,1,2241,4433,50,23,0.216906
HQC,HQC-1,1,2241,4433,50,24,0.100867
HQC,HQC-1,1,2241,4433,50,25,0.100772
HQC,HQC-1,1,2241,4433,50,26,0.100829
HQC,HQC-1,1,2241,4433,50,27,0.100609
HQC,HQC-1,1,2241,4433,50,28,1.233744
HQC,HQC-1,1,2241,4433,50,29,0.100760
HQC,HQC-1,1,2241,4433,50,30,0.100767
HQC,HQC-1,1,2241,4433,50,31,0.100723
HQC,HQC-1,1,2241,4433,50,32,0.100882
HQC,HQC-1,1,2241,4433,50,33,0.100659
HQC,HQC-1,1,2241,4433,50,34,0.100879
HQC,HQC-1,1,2241,4433,50,35,0.100651
HQC,HQC-1,1,2241,4433,50,36,0.101007
HQC,HQC-1,1,2241,4433,50,37,0.100828
HQC,HQC-1,1,2241,4433,50,38,0.100662
HQC,HQC-1,1,2241,4433,50,39,0.100622
HQC,HQC-1,1,2241,4433,50,40,0.100678
HQC,HQC-1,1,2241,4433,50,41,0.100583
HQC,HQC-1,1,2241,4433,50,42,0.100606
HQC,HQC-1,1,2241,4433,50,43,0.100732
HQC,HQC-1,1,2241,4433,50,44,0.100885
HQC,HQC-1,1,2241,4433,50,45,0.100845
HQC,HQC-1,1,2241,4433,50,46,0.100842
HQC,HQC-1,1,2241,4433,50,47,0.100959
HQC,HQC-1,1,2241,4433,50,48,0.100756
HQC,HQC-1,1,2241,4433,50,49,0.100907
HQC,HQC-1,1,2241,4433,50,50,1.208081
HQC,HQC-1,1,2241,4433,50,51,0.100804
HQC,HQC-1,1,2241,4433,50,52,0.100790
HQC,HQC-1,1,2241,4433,50,53,0.100833
HQC,HQC-1,1,2241,4433,50,54,0.100873
HQC,HQC-1,1,2241,4433,50,55,0.100853
HQC,HQC-1,1,2241,4433,50,56,0.100823
HQC,HQC-1,1,2241,4433,50,57,0.100977
HQC,HQC-1,1,2241,4433,50,58,0.100830
HQC,HQC-1,1,2241,4433,50,59,0.100930
HQC,HQC-1,1,2241,4433,50,60,0.100866
HQC,HQC-1,1,2241,4433,50,61,0.100890
HQC,HQC-1,1,2241,4433,50,62,0.100909
HQC,HQC-1,1,2241,4433,50,63,0.100922
HQC,HQC-1,1,2241,4433,50,64,0.100687
HQC,HQC-1,1,2241,4433,50,65,0.100657
HQC,HQC-1,1,2241,4433,50,66,0.100583
HQC,HQC-1,1,2241,4433,50,67,0.100663
HQC,HQC-1,1,2241,4433,50,68,0.100695
HQC,HQC-1,1,2241,4433,50,69,0.100852
HQC,HQC-1,1,2241,4433,50,70,0.100822
HQC,HQC-1,1,2241,4433,50,71,0.100756
HQC,HQC-1,1,2241,4433,50,72,0.100806
HQC,HQC-1,1,2241,4433,50,73,0.100789
HQC,HQC-1,1,2241,4433,50,74,0.100599
HQC,HQC-1,1,2241,4433,50,75,0.100623
HQC,HQC-1,1,2241,4433,50,76,0.100759
HQC,HQC-1,1,2241,4433,50,77,0.100658
HQC,HQC-1,1,2241,4433,50,78,0.100752
HQC,HQC-1,1,2241,4433,50,79,0.100909
HQC,HQC-1,1,2241,4433,50,80,0.100741
HQC,HQC-1,1,2241,4433,50,81,0.100539
HQC,HQC-1,1,2241,4433,50,82,0.100332
HQC,HQC-1,1,2241,4433,50,83,0.100428
HQC,HQC-1,1,2241,4433,50,84,0.100334
HQC,HQC-1,1,2241,4433,50,85,0.100651
HQC,HQC-1,1,2241,4433,50,86,0.100702
HQC,HQC-1,1,2241,4433,50,87,0.100676
HQC,HQC-1,1,2241,4433,50,88,0.216727
HQC,HQC-1,1,2241,4433,50,89,0.100709
HQC,HQC-1,1,2241,4433,50,90,0.100642
HQC,HQC-1,1,2241,4433,50,91,0.100759
HQC,HQC-1,1,2241,4433,50,92,0.100724
HQC,HQC-1,1,2241,4433,50,93,0.100709
HQC,HQC-1,1,2241,4433,50,94,0.100760
HQC,HQC-1,1,2241,4433,50,95,0.100724
HQC,HQC-1,1,2241,4433,50,96,0.100819
HQC,HQC-1,1,2241,4433,50,97,0.100852
HQC,HQC-1,1,2241,4433,50,98,0.100726
HQC,HQC-1,1,2241,4433,50,99,0.100603
HQC,HQC-1,1,2241,4433,50,100,0.100795
HQC,HQC-1,1,2241,4433,50,101,0.100911
HQC,HQC-1,1,2241,4433,50,102,0.100783
HQC,HQC-1,1,2241,4433,50,103,0.100695
HQC,HQC-1,1,2241,4433,50,104,0.100792
HQC,HQC-1,1,2241,4433,50,105,0.216341
HQC,HQC-1,1,2241,4433,50,106,0.100630
HQC,HQC-1,1,2241,4433,50,107,1.147421
HQC,HQC-1,1,2241,4433,50,108,0.100807
HQC,HQC-1,1,2241,4433,50,109,0.100745
HQC,HQC-1,1,2241,4433,50,110,0.100564
HQC,HQC-1,1,2241,4433,50,111,0.100948
HQC,HQC-1,1,2241,4433,50,112,0.100781
HQC,HQC-1,1,2241,4433,50,113,0.101017
HQC,HQC-1,1,2241,4433,50,114,0.100872
HQC,HQC-1,1,2241,4433,50,115,0.100831
HQC,HQC-1,1,2241,4433,50,116,0.100846
HQC,HQC-1,1,2241,4433,50,117,0.100824
HQC,HQC-1,1,2241,4433,50,118,0.100811
HQC,HQC-1,1,2241,4433,50,119,0.100941
HQC,HQC-1,1,2241,4433,50,120,0.100690
HQC,HQC-1,1,2241,4433,50,121,0.101042
HQC,HQC-1,1,2241,4433,50,122,0.100869
HQC,HQC-1,1,2241,4433,50,123,0.100948
HQC,HQC-1,1,2241,4433,50,124,0.100862
HQC,HQC-1,1,2241,4433,50,125,0.100797
HQC,HQC-1,1,2241,4433,50,126,0.100832
HQC,HQC-1,1,2241,4433,50,127,0.100926
HQC,HQC-1,1,2241,4433,50,128,0.100782
HQC,HQC-1,1,2241,4433,50,129,0.101169
HQC,HQC-1,1,2241,4433,50,130,0.216744
HQC,HQC-1,1,2241,4433,50,131,0.100938
HQC,HQC-1,1,2241,4433,50,132,0.100880
HQC,HQC-1,1,2241,4433,50,133,0.100794
HQC,HQC-1,1,2241,4433,50,134,0.100823
HQC,HQC-1,1,2241,4433,50,135,0.100733
HQC,HQC-1,1,2241,4433,50,136,0.100999
HQC,HQC-1,1,2241,4433,50,137,0.100906
HQC,HQC-1,1,2241,4433,50,138,0.100680
HQC,HQC-1,1,2241,4433,50,139,0.100829
HQC,HQC-1,1,2241,4433,50,140,0.100845
HQC,HQC-1,1,2241,4433,50,141,0.100766
HQC,HQC-1,1,2241,4433,50,142,0.100842
HQC,HQC-1,1,2241,4433,50,143,0.100888
HQC,HQC-1,1,2241,4433,50,144,0.100896
HQC,HQC-1,1,2241,4433,50,145,0.100792
HQC,HQC-1,1,2241,4433,50,146,0.100707
HQC,HQC-1,1,2241,4433,50,147,0.100744
HQC,HQC-1,1,2241,4433,50,148,0.100882
HQC,HQC-1,1,2241,4433,50,149,0.100874
HQC,HQC-1,1,2241,4433,50,150,0.101117
HQC,HQC-1,1,2241,4433,50,151,0.100891
HQC,HQC-1,1,2241,4433,50,152,0.100801
HQC,HQC-1,1,2241,4433,50,153,0.100834
HQC,HQC-1,1,2241,4433,50,154,0.100870
HQC,HQC-1,1,2241,4433,50,155,0.100814
HQC,HQC-1,1,2241,4433,50,156,0.100747
HQC,HQC-1,1,2241,4433,50,157,0.100722
HQC,HQC-1,1,2241,4433,50,158,0.100859
HQC,HQC-1,1,2241,4433,50,159,0.100820
HQC,HQC-1,1,2241,4433,50,160,0.100856
HQC,HQC-1,1,2241,4433,50,161,0.100806
HQC,HQC-1,1,2241,4433,50,162,0.100829
HQC,HQC-1,1,2241,4433,50,163,0.100732
HQC,HQC-1,1,2241,4433,50,164,0.100882
HQC,HQC-1,1,2241,4433,50,165,0.100930
HQC,HQC-1,1,2241,4433,50,166,0.100927
HQC,HQC-1,1,2241,4433,50,167,0.100951
HQC,HQC-1,1,2241,4433,50,168,0.100823
HQC,HQC-1,1,2241,4433,50,169,0.216501
HQC,HQC-1,1,2241,4433,50,170,0.100897
HQC,HQC-1,1,2241,4433,50,171,0.100870
HQC,HQC-1,1,2241,4433,50,172,0.100788
HQC,HQC-1,1,2241,4433,50,173,0.100742
HQC,HQC-1,1,2241,4433,50,174,0.100627
HQC,HQC-1,1,2241,4433,50,175,0.101011
HQC,HQC-1,1,2241,4433,50,176,0.100830
HQC,HQC-1,1,2241,4433,50,177,0.100783
HQC,HQC-1,1,2241,4433,50,178,0.100750
HQC,HQC-1,1,2241,4433,50,179,0.100721
HQC,HQC-1,1,2241,4433,50,180,0.100779
HQC,HQC-1,1,2241,4433,50,181,0.100957
HQC,HQC-1,1,2241,4433,50,182,0.101024
HQC,HQC-1,1,2241,4433,50,183,0.100876
HQC,HQC-1,1,2241,4433,50,184,0.100839
HQC,HQC-1,1,2241,4433,50,185,0.100595
HQC,HQC-1,1,2241,4433,50,186,0.100534
HQC,HQC-1,1,2241,4433,50,187,0.100685
HQC,HQC-1,1,2241,4433,50,188,0.100886
HQC,HQC-1,1,2241,4433,50,189,0.100752
HQC,HQC-1,1,2241,4433,50,190,0.215769
HQC,HQC-1,1,2241,4433,50,191,0.100591
HQC,HQC-1,1,2241,4433,50,192,0.100632
HQC,HQC-1,1,2241,4433,50,193,0.100722
HQC,HQC-1,1,2241,4433,50,194,0.216620
HQC,HQC-1,1,2241,4433,50,195,0.100776
HQC,HQC-1,1,2241,4433,50,196,0.100724
HQC,HQC-1,1,2241,4433,50,197,0.100599
HQC,HQC-1,1,2241,4433,50,198,0.100762
HQC,HQC-1,1,2241,4433,50,199,0.100808
HQC,HQC-1,1,2241,4433,50,200,0.459324
HQC,HQC-1,1,2241,4433,50,201,0.100542
HQC,HQC-1,1,2241,4433,50,202,0.100585
HQC,HQC-1,1,2241,4433,50,203,0.100708
HQC,HQC-1,1,2241,4433,50,204,0.100724
HQC,HQC-1,1,2241,4433,50,205,0.100633
HQC,HQC-1,1,2241,4433,50,206,0.100653
HQC,HQC-1,1,2241,4433,50,207,0.216525
HQC,HQC-1,1,2241,4433,50,208,0.100664
HQC,HQC-1,1,2241,4433,50,209,0.100794
HQC,HQC-1,1,2241,4433,50,210,0.100748
HQC,HQC-1,1,2241,4433,50,211,0.100771
HQC,HQC-1,1,2241,4433,50,212,0.100716
HQC,HQC-1,1,2241,4433,50,213,0.100691
HQC,HQC-1,1,2241,4433,50,214,6.715699
HQC,HQC-1,1,2241,4433,50,215,0.100860
HQC,HQC-1,1,2241,4433,50,216,0.100772
HQC,HQC-1,1,2241,4433,50,217,0.100768
HQC,HQC-1,1,2241,4433,50,218,0.100696
HQC,HQC-1,1,2241,4433,50,219,1.145414
HQC,HQC-1,1,2241,4433,50,220,1.226709
HQC,HQC-1,1,2241,4433,50,221,0.100590
HQC,HQC-1,1,2241,4433,50,222,0.100748
HQC,HQC-1,1,2241,4433,50,223,0.100602
HQC,HQC-1,1,2241,4433,50,224,0.100665
HQC,HQC-1,1,2241,4433,50,225,0.100637
HQC,HQC-1,1,2241,4433,50,226,0.100625
HQC,HQC-1,1,2241,4433,50,227,0.100659
HQC,HQC-1,1,2241,4433,50,228,0.100755
HQC,HQC-1,1,2241,4433,50,229,0.100657
HQC,HQC-1,1,2241,4433,50,230,0.100648
HQC,HQC-1,1,2241,4433,50,231,0.100637
HQC,HQC-1,1,2241,4433,50,232,0.100601
HQC,HQC-1,1,2241,4433,50,233,0.100578
HQC,HQC-1,1,2241,4433,50,234,0.100684
HQC,HQC-1,1,2241,4433,50,235,0.100546
HQC,HQC-1,1,2241,4433,50,236,0.100611
HQC,HQC-1,1,2241,4433,50,237,0.100549
HQC,HQC-1,1,2241,4433,50,238,0.100577
HQC,HQC-1,1,2241,4433,50,239,0.100661
HQC,HQC-1,1,2241,4433,50,240,0.100668
HQC,HQC-1,1,2241,4433,50,241,0.100660
HQC,HQC-1,1,2241,4433,50,242,0.100642
HQC,HQC-1,1,2241,4433,50,243,0.100583
HQC,HQC-1,1,2241,4433,50,244,0.100700
HQC,HQC-1,1,2241,4433,50,245,0.100659
HQC,HQC-1,1,2241,4433,50,246,0.100629
HQC,HQC-1,1,2241,4433,50,247,0.100672
HQC,HQC-1,1,2241,4433,50,248,0.100692
HQC,HQC-1,1,2241,4433,50,249,0.100693
HQC,HQC-1,1,2241,4433,50,250,0.100791
HQC,HQC-1,1,2241,4433,50,251,0.100753
HQC,HQC-1,1,2241,4433,50,252,0.100782
HQC,HQC-1,1,2241,4433,50,253,0.100787
HQC,HQC-1,1,2241,4433,50,254,0.100683
HQC,HQC-1,1,2241,4433,50,255,0.100693
HQC,HQC-1,1,2241,4433,50,256,0.100710
HQC,HQC-1,1,2241,4433,50,257,0.100646
HQC,HQC-1,1,2241,4433,50,258,0.100571
HQC,HQC-1,1,2241,4433,50,259,0.100662
HQC,HQC-1,1,2241,4433,50,260,0.100576
HQC,HQC-1,1,2241,4433,50,261,0.100683
HQC,HQC-1,1,2241,4433,50,262,0.100595
HQC,HQC-1,1,2241,4433,50,263,0.100691
HQC,HQC-1,1,2241,4433,50,264,0.200880
HQC,HQC-1,1,2241,4433,50,265,0.100717
HQC,HQC-1,1,2241,4433,50,266,0.100633
HQC,HQC-1,1,2241,4433,50,267,0.100665
HQC,HQC-1,1,2241,4433,50,268,0.100880
HQC,HQC-1,1,2241,4433,50,269,0.100771
HQC,HQC-1,1,2241,4433,50,270,0.100500
HQC,HQC-1,1,2241,4433,50,271,0.100809
HQC,HQC-1,1,2241,4433,50,272,0.100779
HQC,HQC-1,1,2241,4433,50,273,0.100782
HQC,HQC-1,1,2241,4433,50,274,0.100647
HQC,HQC-1,1,2241,4433,50,275,0.100598
HQC,HQC-1,1,2241,4433,50,276,0.100650
HQC,HQC-1,1,2241,4433,50,277,0.100847
HQC,HQC-1,1,2241,4433,50,278,0.100794
HQC,HQC-1,1,2241,4433,50,279,0.100682
HQC,HQC-1,1,2241,4433,50,280,0.100609
HQC,HQC-1,1,2241,4433,50,281,0.101024
HQC,HQC-1,1,2241,4433,50,282,0.100473
HQC,HQC-1,1,2241,4433,50,283,0.100630
HQC,HQC-1,1,2241,4433,50,284,0.100681
HQC,HQC-1,1,2241,4433,50,285,0.100667
HQC,HQC-1,1,2241,4433,50,286,0.100573
HQC,HQC-1,1,2241,4433,50,287,0.100408
HQC,HQC-1,1,2241,4433,50,288,0.100647
HQC,HQC-1,1,2241,4433,50,289,0.100828
HQC,HQC-1,1,2241,4433,50,290,0.100738
HQC,HQC-1,1,2241,4433,50,291,0.100731
HQC,HQC-1,1,2241,4433,50,292,0.100705
HQC,HQC-1,1,2241,4433,50,293,0.100745
HQC,HQC-1,1,2241,4433,50,294,0.100786
HQC,HQC-1,1,2241,4433,50,295,0.100759
HQC,HQC-1,1,2241,4433,50,296,0.100805
HQC,HQC-1,1,2241,4433,50,297,0.100766
HQC,HQC-1,1,2241,4433,50,298,0.100649
HQC,HQC-1,1,2241,4433,50,299,0.100817
HQC,HQC-3,3,4514,8978,50,0,0.100942
HQC,HQC-3,3,4514,8978,50,1,0.100712
HQC,HQC-3,3,4514,8978,50,2,0.100650
HQC,HQC-3,3,4514,8978,50,3,0.100657
HQC,HQC-3,3,4514,8978,50,4,0.100745
HQC,HQC-3,3,4514,8978,50,5,0.100807
HQC,HQC-3,3,4514,8978,50,6,0.100780
HQC,HQC-3,3,4514,8978,50,7,0.100768
HQC,HQC-3,3,4514,8978,50,8,0.167155
HQC,HQC-3,3,4514,8978,50,9,0.100882
HQC,HQC-3,3,4514,8978,50,10,0.100772
HQC,HQC-3,3,4514,8978,50,11,0.100635
HQC,HQC-3,3,4514,8978,50,12,0.100653
HQC,HQC-3,3,4514,8978,50,13,0.100772
HQC,HQC-3,3,4514,8978,50,14,0.100688
HQC,HQC-3,3,4514,8978,50,15,0.100741
HQC,HQC-3,3,4514,8978,50,16,1.122229
HQC,HQC-3,3,4514,8978,50,17,0.100719
HQC,HQC-3,3,4514,8978,50,18,0.100564
HQC,HQC-3,3,4514,8978,50,19,0.100653
HQC,HQC-3,3,4514,8978,50,20,0.100834
HQC,HQC-3,3,4514,8978,50,21,0.100764
HQC,HQC-3,3,4514,8978,50,22,0.100737
HQC,HQC-3,3,4514,8978,50,23,1.122697
HQC,HQC-3,3,4514,8978,50,24,0.100808
HQC,HQC-3,3,4514,8978,50,25,0.100943
HQC,HQC-3,3,4514,8978,50,26,0.100563
HQC,HQC-3,3,4514,8978,50,27,0.100800
HQC,HQC-3,3,4514,8978,50,28,0.100955
HQC,HQC-3,3,4514,8978,50,29,0.101128
HQC,HQC-3,3,4514,8978,50,30,0.100936
HQC,HQC-3,3,4514,8978,50,31,0.101074
HQC,HQC-3,3,4514,8978,50,32,0.100997
HQC,HQC-3,3,4514,8978,50,33,0.100788
HQC,HQC-3,3,4514,8978,50,34,0.100774
HQC,HQC-3,3,4514,8978,50,35,0.100663
HQC,HQC-3,3,4514,8978,50,36,0.100767
HQC,HQC-3,3,4514,8978,50,37,0.100751
HQC,HQC-3,3,4514,8978,50,38,0.100767
HQC,HQC-3,3,4514,8978,50,39,0.100830
HQC,HQC-3,3,4514,8978,50,40,0.100789
HQC,HQC-3,3,4514,8978,50,41,0.100834
HQC,HQC-3,3,4514,8978,50,42,0.100893
HQC,HQC-3,3,4514,8978,50,43,0.100887
HQC,HQC-3,3,4514,8978,50,44,0.100782
HQC,HQC-3,3,4514,8978,50,45,0.101064
HQC,HQC-3,3,4514,8978,50,46,0.100891
HQC,HQC-3,3,4514,8978,50,47,0.100789
HQC,HQC-3,3,4514,8978,50,48,0.216402
HQC,HQC-3,3,4514,8978,50,49,0.100871
HQC,HQC-3,3,4514,8978,50,50,0.100834
HQC,HQC-3,3,4514,8978,50,51,0.151070
HQC,HQC-3,3,4514,8978,50,52,0.100696
HQC,HQC-3,3,4514,8978,50,53,1.203728
HQC,HQC-3,3,4514,8978,50,54,0.100677
HQC,HQC-3,3,4514,8978,50,55,0.100972
HQC,HQC-3,3,4514,8978,50,56,0.306151
HQC,HQC-3,3,4514,8978,50,57,0.100967
HQC,HQC-3,3,4514,8978,50,58,0.100711
HQC,HQC-3,3,4514,8978,50,59,0.101025
HQC,HQC-3,3,4514,8978,50,60,0.100897
HQC,HQC-3,3,4514,8978,50,61,0.100747
HQC,HQC-3,3,4514,8978,50,62,0.100764
HQC,HQC-3,3,4514,8978,50,63,0.100786
HQC,HQC-3,3,4514,8978,50,64,0.151014
HQC,HQC-3,3,4514,8978,50,65,0.100888
HQC,HQC-3,3,4514,8978,50,66,0.100840
HQC,HQC-3,3,4514,8978,50,67,0.100981
HQC,HQC-3,3,4514,8978,50,68,0.100805
HQC,HQC-3,3,4514,8978,50,69,0.100735
HQC,HQC-3,3,4514,8978,50,70,0.100746
HQC,HQC-3,3,4514,8978,50,71,0.100758
HQC,HQC-3,3,4514,8978,50,72,0.100852
HQC,HQC-3,3,4514,8978,50,73,0.100919
HQC,HQC-3,3,4514,8978,50,74,0.100835
HQC,HQC-3,3,4514,8978,50,75,0.307104
HQC,HQC-3,3,4514,8978,50,76,0.100768
HQC,HQC-3,3,4514,8978,50,77,0.100727
HQC,HQC-3,3,4514,8978,50,78,0.100675
HQC,HQC-3,3,4514,8978,50,79,0.100676
HQC,HQC-3,3,4514,8978,50,80,0.100740
HQC,HQC-3,3,4514,8978,50,81,0.100830
HQC,HQC-3,3,4514,8978,50,82,0.100789
HQC,HQC-3,3,4514,8978,50,83,0.100774
HQC,HQC-3,3,4514,8978,50,84,0.100830
HQC,HQC-3,3,4514,8978,50,85,0.100843
HQC,HQC-3,3,4514,8978,50,86,0.100725
HQC,HQC-3,3,4514,8978,50,87,0.100937
HQC,HQC-3,3,4514,8978,50,88,0.100688
HQC,HQC-3,3,4514,8978,50,89,0.100440
HQC,HQC-3,3,4514,8978,50,90,0.100484
HQC,HQC-3,3,4514,8978,50,91,0.100968
HQC,HQC-3,3,4514,8978,50,92,0.100861
HQC,HQC-3,3,4514,8978,50,93,0.100887
HQC,HQC-3,3,4514,8978,50,94,0.100824
HQC,HQC-3,3,4514,8978,50,95,0.100809
HQC,HQC-3,3,4514,8978,50,96,0.100762
HQC,HQC-3,3,4514,8978,50,97,0.100867
HQC,HQC-3,3,4514,8978,50,98,0.100732
HQC,HQC-3,3,4514,8978,50,99,0.100775
HQC,HQC-3,3,4514,8978,50,100,0.100799
HQC,HQC-3,3,4514,8978,50,101,0.100648
HQC,HQC-3,3,4514,8978,50,102,0.100785
HQC,HQC-3,3,4514,8978,50,103,0.100849
HQC,HQC-3,3,4514,8978,50,104,0.100991
HQC,HQC-3,3,4514,8978,50,105,0.100722
HQC,HQC-3,3,4514,8978,50,106,0.100934
HQC,HQC-3,3,4514,8978,50,107,0.100689
HQC,HQC-3,3,4514,8978,50,108,0.100442
HQC,HQC-3,3,4514,8978,50,109,1.141378
HQC,HQC-3,3,4514,8978,50,110,0.100442
HQC,HQC-3,3,4514,8978,50,111,0.100690
HQC,HQC-3,3,4514,8978,50,112,0.100770
HQC,HQC-3,3,4514,8978,50,113,0.100772
HQC,HQC-3,3,4514,8978,50,114,0.100861
HQC,HQC-3,3,4514,8978,50,115,0.100736
HQC,HQC-3,3,4514,8978,50,116,0.100480
HQC,HQC-3,3,4514,8978,50,117,0.100663
HQC,HQC-3,3,4514,8978,50,118,0.305572
HQC,HQC-3,3,4514,8978,50,119,0.311699
HQC,HQC-3,3,4514,8978,50,120,0.100763
HQC,HQC-3,3,4514,8978,50,121,0.100807
HQC,HQC-3,3,4514,8978,50,122,0.100865
HQC,HQC-3,3,4514,8978,50,123,0.100703
HQC,HQC-3,3,4514,8978,50,124,0.100707
HQC,HQC-3,3,4514,8978,50,125,0.100713
HQC,HQC-3,3,4514,8978,50,126,0.100706
HQC,HQC-3,3,4514,8978,50,127,0.100709
HQC,HQC-3,3,4514,8978,50,128,0.100807
HQC,HQC-3,3,4514,8978,50,129,0.100860
HQC,HQC-3,3,4514,8978,50,130,0.100824
HQC,HQC-3,3,4514,8978,50,131,0.100628
HQC,HQC-3,3,4514,8978,50,132,0.100591
HQC,HQC-3,3,4514,8978,50,133,0.100739
HQC,HQC-3,3,4514,8978,50,134,0.100660
HQC,HQC-3,3,4514,8978,50,135,0.100722
HQC,HQC-3,3,4514,8978,50,136,0.100760
HQC,HQC-3,3,4514,8978,50,137,0.100701
HQC,HQC-3,3,4514,8978,50,138,0.100776
HQC,HQC-3,3,4514,8978,50,139,0.100837
HQC,HQC-3,3,4514,8978,50,140,0.100784
HQC,HQC-3,3,4514,8978,50,141,0.100997
HQC,HQC-3,3,4514,8978,50,142,0.100944
HQC,HQC-3,3,4514,8978,50,143,1.184266
HQC,HQC-3,3,4514,8978,50,144,0.100710
HQC,HQC-3,3,4514,8978,50,145,0.100857
HQC,HQC-3,3,4514,8978,50,146,0.101087
HQC,HQC-3,3,4514,8978,50,147,0.101000
HQC,HQC-3,3,4514,8978,50,148,0.100739
HQC,HQC-3,3,4514,8978,50,149,0.100836
HQC,HQC-3,3,4514,8978,50,150,0.100616
HQC,HQC-3,3,4514,8978,50,151,0.100734
HQC,HQC-3,3,4514,8978,50,152,0.100992
HQC,HQC-3,3,4514,8978,50,153,0.100882
HQC,HQC-3,3,4514,8978,50,154,0.100873
HQC,HQC-3,3,4514,8978,50,155,0.100675
HQC,HQC-3,3,4514,8978,50,156,0.100916
HQC,HQC-3,3,4514,8978,50,157,0.101244
HQC,HQC-3,3,4514,8978,50,158,0.100851
HQC,HQC-3,3,4514,8978,50,159,0.100778
HQC,HQC-3,3,4514,8978,50,160,0.100814
HQC,HQC-3,3,4514,8978,50,161,0.100821
HQC,HQC-3,3,4514,8978,50,162,0.101059
HQC,HQC-3,3,4514,8978,50,163,0.100921
HQC,HQC-3,3,4514,8978,50,164,0.101055
HQC,HQC-3,3,4514,8978,50,165,0.100980
HQC,HQC-3,3,4514,8978,50,166,0.101289
HQC,HQC-3,3,4514,8978,50,167,0.100852
HQC,HQC-3,3,4514,8978,50,168,0.100838
HQC,HQC-3,3,4514,8978,50,169,0.310828
HQC,HQC-3,3,4514,8978,50,170,0.100837
HQC,HQC-3,3,4514,8978,50,171,0.100869
HQC,HQC-3,3,4514,8978,50,172,0.100797
HQC,HQC-3,3,4514,8978,50,173,0.100852
HQC,HQC-3,3,4514,8978,50,174,0.151002
HQC,HQC-3,3,4514,8978,50,175,0.100706
HQC,HQC-3,3,4514,8978,50,176,0.101031
HQC,HQC-3,3,4514,8978,50,177,0.100964
HQC,HQC-3,3,4514,8978,50,178,0.100900
HQC,HQC-3,3,4514,8978,50,179,0.100856
HQC,HQC-3,3,4514,8978,50,180,0.100825
HQC,HQC-3,3,4514,8978,50,181,0.101105
HQC,HQC-3,3,4514,8978,50,182,0.100856
HQC,HQC-3,3,4514,8978,50,183,0.100873
HQC,HQC-3,3,4514,8978,50,184,0.101311
HQC,HQC-3,3,4514,8978,50,185,0.100941
HQC,HQC-3,3,4514,8978,50,186,0.151177
HQC,HQC-3,3,4514,8978,50,187,0.100673
HQC,HQC-3,3,4514,8978,50,188,0.100662
HQC,HQC-3,3,4514,8978,50,189,0.100837
HQC,HQC-3,3,4514,8978,50,190,0.100803
HQC,HQC-3,3,4514,8978,50,191,0.101210
HQC,HQC-3,3,4514,8978,50,192,0.100854
HQC,HQC-3,3,4514,8978,50,193,0.100990
HQC,HQC-3,3,4514,8978,50,194,0.100857
HQC,HQC-3,3,4514,8978,50,195,0.100822
HQC,HQC-3,3,4514,8978,50,196,0.100799
HQC,HQC-3,3,4514,8978,50,197,0.100825
HQC,HQC-3,3,4514,8978,50,198,0.100815
HQC,HQC-3,3,4514,8978,50,199,0.100802
HQC,HQC-3,3,4514,8978,50,200,0.100824
HQC,HQC-3,3,4514,8978,50,201,1.233949
HQC,HQC-3,3,4514,8978,50,202,0.100721
HQC,HQC-3,3,4514,8978,50,203,0.100519
HQC,HQC-3,3,4514,8978,50,204,0.100474
HQC,HQC-3,3,4514,8978,50,205,0.100484
HQC,HQC-3,3,4514,8978,50,206,0.100727
HQC,HQC-3,3,4514,8978,50,207,0.100767
HQC,HQC-3,3,4514,8978,50,208,0.100726
HQC,HQC-3,3,4514,8978,50,209,0.100807
HQC,HQC-3,3,4514,8978,50,210,0.100801
HQC,HQC-3,3,4514,8978,50,211,0.101013
HQC,HQC-3,3,4514,8978,50,212,0.101011
HQC,HQC-3,3,4514,8978,50,213,0.100967
HQC,HQC-3,3,4514,8978,50,214,0.100695
HQC,HQC-3,3,4514,8978,50,215,0.100650
HQC,HQC-3,3,4514,8978,50,216,0.100768
HQC,HQC-3,3,4514,8978,50,217,0.100821
HQC,HQC-3,3,4514,8978,50,218,0.100767
HQC,HQC-3,3,4514,8978,50,219,0.100707
HQC,HQC-3,3,4514,8978,50,220,0.100684
HQC,HQC-3,3,4514,8978,50,221,0.100678
HQC,HQC-3,3,4514,8978,50,222,0.100607
HQC,HQC-3,3,4514,8978,50,223,0.100557
HQC,HQC-3,3,4514,8978,50,224,0.100646
HQC,HQC-3,3,4514,8978,50,225,0.100750
HQC,HQC-3,3,4514,8978,50,226,0.100701
HQC,HQC-3,3,4514,8978,50,227,0.100583
HQC,HQC-3,3,4514,8978,50,228,0.100706
HQC,HQC-3,3,4514,8978,50,229,0.216890
HQC,HQC-3,3,4514,8978,50,230,0.304189
HQC,HQC-3,3,4514,8978,50,231,0.100882
HQC,HQC-3,3,4514,8978,50,232,0.100779
HQC,HQC-3,3,4514,8978,50,233,0.100839
HQC,HQC-3,3,4514,8978,50,234,0.100738
HQC,HQC-3,3,4514,8978,50,235,0.100786
HQC,HQC-3,3,4514,8978,50,236,0.100925
HQC,HQC-3,3,4514,8978,50,237,0.100692
HQC,HQC-3,3,4514,8978,50,238,0.100684
HQC,HQC-3,3,4514,8978,50,239,0.100742
HQC,HQC-3,3,4514,8978,50,240,0.100724
HQC,HQC-3,3,4514,8978,50,241,0.100829
HQC,HQC-3,3,4514,8978,50,242,0.100703
HQC,HQC-3,3,4514,8978,50,243,0.100788
HQC,HQC-3,3,4514,8978,50,244,0.100954
HQC,HQC-3,3,4514,8978,50,245,0.100878
HQC,HQC-3,3,4514,8978,50,246,0.100868
HQC,HQC-3,3,4514,8978,50,247,0.100898
HQC,HQC-3,3,4514,8978,50,248,0.100743
HQC,HQC-3,3,4514,8978,50,249,0.100749
HQC,HQC-3,3,4514,8978,50,250,0.100765
HQC,HQC-3,3,4514,8978,50,251,0.100757
HQC,HQC-3,3,4514,8978,50,252,0.100727
HQC,HQC-3,3,4514,8978,50,253,0.150812
HQC,HQC-3,3,4514,8978,50,254,0.100700
HQC,HQC-3,3,4514,8978,50,255,0.100869
HQC,HQC-3,3,4514,8978,50,256,0.100763
HQC,HQC-3,3,4514,8978,50,257,0.100832
HQC,HQC-3,3,4514,8978,50,258,0.100923
HQC,HQC-3,3,4514,8978,50,259,0.100777
HQC,HQC-3,3,4514,8978,50,260,0.100908
HQC,HQC-3,3,4514,8978,50,261,0.100906
HQC,HQC-3,3,4514,8978,50,262,0.100822
HQC,HQC-3,3,4514,8978,50,263,0.100825
HQC,HQC-3,3,4514,8978,50,264,0.100827
HQC,HQC-3,3,4514,8978,50,265,0.101011
HQC,HQC-3,3,4514,8978,50,266,0.101063
HQC,HQC-3,3,4514,8978,50,267,0.100918
HQC,HQC-3,3,4514,8978,50,268,0.100898
HQC,HQC-3,3,4514,8978,50,269,0.100921
HQC,HQC-3,3,4514,8978,50,270,0.100866
HQC,HQC-3,3,4514,8978,50,271,0.100853
HQC,HQC-3,3,4514,8978,50,272,0.100946
HQC,HQC-3,3,4514,8978,50,273,0.100728
HQC,HQC-3,3,4514,8978,50,274,0.100811
HQC,HQC-3,3,4514,8978,50,275,0.100772
HQC,HQC-3,3,4514,8978,50,276,0.100748
HQC,HQC-3,3,4514,8978,50,277,0.100980
HQC,HQC-3,3,4514,8978,50,278,0.100946
HQC,HQC-3,3,4514,8978,50,279,0.100904
HQC,HQC-3,3,4514,8978,50,280,0.100946
HQC,HQC-3,3,4514,8978,50,281,0.216753
HQC,HQC-3,3,4514,8978,50,282,0.166558
HQC,HQC-3,3,4514,8978,50,283,0.101279
HQC,HQC-3,3,4514,8978,50,284,0.100992
HQC,HQC-3,3,4514,8978,50,285,0.100949
HQC,HQC-3,3,4514,8978,50,286,0.101031
HQC,HQC-3,3,4514,8978,50,287,0.100638
HQC,HQC-3,3,4514,8978,50,288,0.100815
HQC,HQC-3,3,4514,8978,50,289,0.100728
HQC,HQC-3,3,4514,8978,50,290,0.100687
HQC,HQC-3,3,4514,8978,50,291,0.100697
HQC,HQC-3,3,4514,8978,50,292,0.100847
HQC,HQC-3,3,4514,8978,50,293,0.100619
HQC,HQC-3,3,4514,8978,50,294,0.308955
HQC,HQC-3,3,4514,8978,50,295,0.311080
HQC,HQC-3,3,4514,8978,50,296,0.100708
HQC,HQC-3,3,4514,8978,50,297,0.100741
HQC,HQC-3,3,4514,8978,50,298,0.100949
HQC,HQC-3,3,4514,8978,50,299,1.128881
HQC,HQC-5,5,7237,14421,50,0,0.100866
HQC,HQC-5,5,7237,14421,50,1,0.100978
HQC,HQC-5,5,7237,14421,50,2,0.100921
HQC,HQC-5,5,7237,14421,50,3,0.100922
HQC,HQC-5,5,7237,14421,50,4,0.100884
HQC,HQC-5,5,7237,14421,50,5,0.101044
HQC,HQC-5,5,7237,14421,50,6,0.101077
HQC,HQC-5,5,7237,14421,50,7,1.147136
HQC,HQC-5,5,7237,14421,50,8,0.100791
HQC,HQC-5,5,7237,14421,50,9,0.100847
HQC,HQC-5,5,7237,14421,50,10,0.100770
HQC,HQC-5,5,7237,14421,50,11,0.100812
HQC,HQC-5,5,7237,14421,50,12,0.100744
HQC,HQC-5,5,7237,14421,50,13,0.100946
HQC,HQC-5,5,7237,14421,50,14,0.100891
HQC,HQC-5,5,7237,14421,50,15,0.100982
HQC,HQC-5,5,7237,14421,50,16,0.100877
HQC,HQC-5,5,7237,14421,50,17,0.100908
HQC,HQC-5,5,7237,14421,50,18,0.216190
HQC,HQC-5,5,7237,14421,50,19,0.100733
HQC,HQC-5,5,7237,14421,50,20,0.100853
HQC,HQC-5,5,7237,14421,50,21,0.100754
HQC,HQC-5,5,7237,14421,50,22,0.100939
HQC,HQC-5,5,7237,14421,50,23,0.100754
HQC,HQC-5,5,7237,14421,50,24,0.100791
HQC,HQC-5,5,7237,14421,50,25,0.100811
HQC,HQC-5,5,7237,14421,50,26,0.100835
HQC,HQC-5,5,7237,14421,50,27,0.100754
HQC,HQC-5,5,7237,14421,50,28,0.100731
HQC,HQC-5,5,7237,14421,50,29,0.215998
HQC,HQC-5,5,7237,14421,50,30,0.100781
HQC,HQC-5,5,7237,14421,50,31,0.100814
HQC,HQC-5,5,7237,14421,50,32,0.100862
HQC,HQC-5,5,7237,14421,50,33,0.100735
HQC,HQC-5,5,7237,14421,50,34,0.100897
HQC,HQC-5,5,7237,14421,50,35,0.100759
HQC,HQC-5,5,7237,14421,50,36,0.100875
HQC,HQC-5,5,7237,14421,50,37,0.100888
HQC,HQC-5,5,7237,14421,50,38,0.100798
HQC,HQC-5,5,7237,14421,50,39,0.100782
HQC,HQC-5,5,7237,14421,50,40,0.100961
HQC,HQC-5,5,7237,14421,50,41,0.100931
HQC,HQC-5,5,7237,14421,50,42,0.100812
HQC,HQC-5,5,7237,14421,50,43,0.100777
HQC,HQC-5,5,7237,14421,50,44,0.100778
HQC,HQC-5,5,7237,14421,50,45,0.100669
HQC,HQC-5,5,7237,14421,50,46,0.100697
HQC,HQC-5,5,7237,14421,50,47,0.100892
HQC,HQC-5,5,7237,14421,50,48,0.100760
HQC,HQC-5,5,7237,14421,50,49,0.100918
HQC,HQC-5,5,7237,14421,50,50,0.100884
HQC,HQC-5,5,7237,14421,50,51,0.100879
HQC,HQC-5,5,7237,14421,50,52,0.100866
HQC,HQC-5,5,7237,14421,50,53,0.100801
HQC,HQC-5,5,7237,14421,50,54,0.100795
HQC,HQC-5,5,7237,14421,50,55,0.100776
HQC,HQC-5,5,7237,14421,50,56,0.100782
HQC,HQC-5,5,7237,14421,50,57,0.100626
HQC,HQC-5,5,7237,14421,50,58,0.251170
HQC,HQC-5,5,7237,14421,50,59,0.100913
HQC,HQC-5,5,7237,14421,50,60,0.100801
HQC,HQC-5,5,7237,14421,50,61,0.100793
HQC,HQC-5,5,7237,14421,50,62,0.100927
HQC,HQC-5,5,7237,14421,50,63,0.150785
HQC,HQC-5,5,7237,14421,50,64,1.270304
HQC,HQC-5,5,7237,14421,50,65,0.100807
HQC,HQC-5,5,7237,14421,50,66,0.100769
HQC,HQC-5,5,7237,14421,50,67,0.100727
HQC,HQC-5,5,7237,14421,50,68,0.100782
HQC,HQC-5,5,7237,14421,50,69,0.100720
HQC,HQC-5,5,7237,14421,50,70,0.100773
HQC,HQC-5,5,7237,14421,50,71,0.100937
HQC,HQC-5,5,7237,14421,50,72,0.101001
HQC,HQC-5,5,7237,14421,50,73,0.100718
HQC,HQC-5,5,7237,14421,50,74,0.100713
HQC,HQC-5,5,7237,14421,50,75,0.100698
HQC,HQC-5,5,7237,14421,50,76,0.100704
HQC,HQC-5,5,7237,14421,50,77,0.100715
HQC,HQC-5,5,7237,14421,50,78,0.100680
HQC,HQC-5,5,7237,14421,50,79,0.100754
HQC,HQC-5,5,7237,14421,50,80,0.100798
HQC,HQC-5,5,7237,14421,50,81,0.100830
HQC,HQC-5,5,7237,14421,50,82,0.100763
HQC,HQC-5,5,7237,14421,50,83,0.100704
HQC,HQC-5,5,7237,14421,50,84,0.100838
HQC,HQC-5,5,7237,14421,50,85,0.100835
HQC,HQC-5,5,7237,14421,50,86,0.100856
HQC,HQC-5,5,7237,14421,50,87,0.100904
HQC,HQC-5,5,7237,14421,50,88,0.100893
HQC,HQC-5,5,7237,14421,50,89,0.251360
HQC,HQC-5,5,7237,14421,50,90,0.100748
HQC,HQC-5,5,7237,14421,50,91,0.100725
HQC,HQC-5,5,7237,14421,50,92,0.100616
HQC,HQC-5,5,7237,14421,50,93,0.100555
HQC,HQC-5,5,7237,14421,50,94,0.100723
HQC,HQC-5,5,7237,14421,50,95,0.100633
HQC,HQC-5,5,7237,14421,50,96,0.100585
HQC,HQC-5,5,7237,14421,50,97,0.100680
HQC,HQC-5,5,7237,14421,50,98,0.100568
HQC,HQC-5,5,7237,14421,50,99,0.100688
HQC,HQC-5,5,7237,14421,50,100,0.100846
HQC,HQC-5,5,7237,14421,50,101,0.100782
HQC,HQC-5,5,7237,14421,50,102,0.100639
HQC,HQC-5,5,7237,14421,50,103,0.100747
HQC,HQC-5,5,7237,14421,50,104,0.100732
HQC,HQC-5,5,7237,14421,50,105,0.100600
HQC,HQC-5,5,7237,14421,50,106,0.100747
HQC,HQC-5,5,7237,14421,50,107,0.100971
HQC,HQC-5,5,7237,14421,50,108,0.100498
HQC,HQC-5,5,7237,14421,50,109,0.100361
HQC,HQC-5,5,7237,14421,50,110,0.100307
HQC,HQC-5,5,7237,14421,50,111,0.100677
HQC,HQC-5,5,7237,14421,50,112,0.101043
HQC,HQC-5,5,7237,14421,50,113,0.100876
HQC,HQC-5,5,7237,14421,50,114,0.100763
HQC,HQC-5,5,7237,14421,50,115,0.100892
HQC,HQC-5,5,7237,14421,50,116,0.100848
HQC,HQC-5,5,7237,14421,50,117,0.100714
HQC,HQC-5,5,7237,14421,50,118,0.101069
HQC,HQC-5,5,7237,14421,50,119,0.100983
HQC,HQC-5,5,7237,14421,50,120,0.100774
HQC,HQC-5,5,7237,14421,50,121,0.100725
HQC,HQC-5,5,7237,14421,50,122,0.100869
HQC,HQC-5,5,7237,14421,50,123,0.100866
HQC,HQC-5,5,7237,14421,50,124,0.100884
HQC,HQC-5,5,7237,14421,50,125,0.100776
HQC,HQC-5,5,7237,14421,50,126,0.100712
HQC,HQC-5,5,7237,14421,50,127,0.100754
HQC,HQC-5,5,7237,14421,50,128,0.100800
HQC,HQC-5,5,7237,14421,50,129,0.100677
HQC,HQC-5,5,7237,14421,50,130,0.100638
HQC,HQC-5,5,7237,14421,50,131,0.100695
HQC,HQC-5,5,7237,14421,50,132,0.100648
HQC,HQC-5,5,7237,14421,50,133,0.100566
HQC,HQC-5,5,7237,14421,50,134,0.100782
HQC,HQC-5,5,7237,14421,50,135,0.100869
HQC,HQC-5,5,7237,14421,50,136,0.360100
HQC,HQC-5,5,7237,14421,50,137,0.100990
HQC,HQC-5,5,7237,14421,50,138,0.100909
HQC,HQC-5,5,7237,14421,50,139,0.100888
HQC,HQC-5,5,7237,14421,50,140,0.101006
HQC,HQC-5,5,7237,14421,50,141,0.100785
HQC,HQC-5,5,7237,14421,50,142,0.100938
HQC,HQC-5,5,7237,14421,50,143,0.100701
HQC,HQC-5,5,7237,14421,50,144,0.100749
HQC,HQC-5,5,7237,14421,50,145,0.100613
HQC,HQC-5,5,7237,14421,50,146,0.100687
HQC,HQC-5,5,7237,14421,50,147,0.100731
HQC,HQC-5,5,7237,14421,50,148,0.100704
HQC,HQC-5,5,7237,14421,50,149,0.100657
HQC,HQC-5,5,7237,14421,50,150,0.100877
HQC,HQC-5,5,7237,14421,50,151,0.100829
HQC,HQC-5,5,7237,14421,50,152,0.100918
HQC,HQC-5,5,7237,14421,50,153,0.100900
HQC,HQC-5,5,7237,14421,50,154,0.100919
HQC,HQC-5,5,7237,14421,50,155,0.100775
HQC,HQC-5,5,7237,14421,50,156,0.100735
HQC,HQC-5,5,7237,14421,50,157,0.100744
HQC,HQC-5,5,7237,14421,50,158,0.100805
HQC,HQC-5,5,7237,14421,50,159,0.100917
HQC,HQC-5,5,7237,14421,50,160,0.100825
HQC,HQC-5,5,7237,14421,50,161,0.100898
HQC,HQC-5,5,7237,14421,50,162,1.254648
HQC,HQC-5,5,7237,14421,50,163,0.100751
HQC,HQC-5,5,7237,14421,50,164,0.100739
HQC,HQC-5,5,7237,14421,50,165,0.100708
HQC,HQC-5,5,7237,14421,50,166,0.150806
HQC,HQC-5,5,7237,14421,50,167,0.101011
HQC,HQC-5,5,7237,14421,50,168,0.100809
HQC,HQC-5,5,7237,14421,50,169,0.100767
HQC,HQC-5,5,7237,14421,50,170,0.100857
HQC,HQC-5,5,7237,14421,50,171,0.100886
HQC,HQC-5,5,7237,14421,50,172,0.100851
HQC,HQC-5,5,7237,14421,50,173,0.100767
HQC,HQC-5,5,7237,14421,50,174,0.150876
HQC,HQC-5,5,7237,14421,50,175,0.100688
HQC,HQC-5,5,7237,14421,50,176,0.100760
HQC,HQC-5,5,7237,14421,50,177,0.150732
HQC,HQC-5,5,7237,14421,50,178,0.100754
HQC,HQC-5,5,7237,14421,50,179,0.100770
HQC,HQC-5,5,7237,14421,50,180,0.100858
HQC,HQC-5,5,7237,14421,50,181,0.100837
HQC,HQC-5,5,7237,14421,50,182,0.100829
HQC,HQC-5,5,7237,14421,50,183,0.100805
HQC,HQC-5,5,7237,14421,50,184,0.100861
HQC,HQC-5,5,7237,14421,50,185,0.100764
HQC,HQC-5,5,7237,14421,50,186,0.100690
HQC,HQC-5,5,7237,14421,50,187,0.100688
HQC,HQC-5,5,7237,14421,50,188,0.100745
HQC,HQC-5,5,7237,14421,50,189,0.100716
HQC,HQC-5,5,7237,14421,50,190,0.100690
HQC,HQC-5,5,7237,14421,50,191,0.100677
HQC,HQC-5,5,7237,14421,50,192,0.308682
HQC,HQC-5,5,7237,14421,50,193,0.100810
HQC,HQC-5,5,7237,14421,50,194,0.100962
HQC,HQC-5,5,7237,14421,50,195,0.100729
HQC,HQC-5,5,7237,14421,50,196,0.100735
HQC,HQC-5,5,7237,14421,50,197,0.100896
HQC,HQC-5,5,7237,14421,50,198,0.100871
HQC,HQC-5,5,7237,14421,50,199,0.100652
HQC,HQC-5,5,7237,14421,50,200,0.100789
HQC,HQC-5,5,7237,14421,50,201,0.100802
HQC,HQC-5,5,7237,14421,50,202,0.100878
HQC,HQC-5,5,7237,14421,50,203,1.110348
HQC,HQC-5,5,7237,14421,50,204,0.100666
HQC,HQC-5,5,7237,14421,50,205,0.100950
HQC,HQC-5,5,7237,14421,50,206,0.100882
HQC,HQC-5,5,7237,14421,50,207,0.100812
HQC,HQC-5,5,7237,14421,50,208,0.100643
HQC,HQC-5,5,7237,14421,50,209,0.100725
HQC,HQC-5,5,7237,14421,50,210,0.100657
HQC,HQC-5,5,7237,14421,50,211,0.100681
HQC,HQC-5,5,7237,14421,50,212,0.100683
HQC,HQC-5,5,7237,14421,50,213,0.100707
HQC,HQC-5,5,7237,14421,50,214,0.100939
HQC,HQC-5,5,7237,14421,50,215,0.100889
HQC,HQC-5,5,7237,14421,50,216,0.100844
HQC,HQC-5,5,7237,14421,50,217,0.100693
HQC,HQC-5,5,7237,14421,50,218,0.100747
HQC,HQC-5,5,7237,14421,50,219,0.100716
HQC,HQC-5,5,7237,14421,50,220,0.150943
HQC,HQC-5,5,7237,14421,50,221,0.504211
HQC,HQC-5,5,7237,14421,50,222,0.100814
HQC,HQC-5,5,7237,14421,50,223,0.100940
HQC,HQC-5,5,7237,14421,50,224,0.101113
HQC,HQC-5,5,7237,14421,50,225,0.201284
HQC,HQC-5,5,7237,14421,50,226,0.100968
HQC,HQC-5,5,7237,14421,50,227,0.308015
HQC,HQC-5,5,7237,14421,50,228,0.100955
HQC,HQC-5,5,7237,14421,50,229,0.100892
HQC,HQC-5,5,7237,14421,50,230,0.100848
HQC,HQC-5,5,7237,14421,50,231,0.101063
HQC,HQC-5,5,7237,14421,50,232,0.100840
HQC,HQC-5,5,7237,14421,50,233,0.100791
HQC,HQC-5,5,7237,14421,50,234,0.100769
HQC,HQC-5,5,7237,14421,50,235,0.100800
HQC,HQC-5,5,7237,14421,50,236,0.100774
HQC,HQC-5,5,7237,14421,50,237,0.100620
HQC,HQC-5,5,7237,14421,50,238,0.100711
HQC,HQC-5,5,7237,14421,50,239,0.100880
HQC,HQC-5,5,7237,14421,50,240,0.100687
HQC,HQC-5,5,7237,14421,50,241,0.100743
HQC,HQC-5,5,7237,14421,50,242,0.150762
HQC,HQC-5,5,7237,14421,50,243,0.100760
HQC,HQC-5,5,7237,14421,50,244,0.100871
HQC,HQC-5,5,7237,14421,50,245,0.101032
HQC,HQC-5,5,7237,14421,50,246,0.100743
HQC,HQC-5,5,7237,14421,50,247,0.100571
HQC,HQC-5,5,7237,14421,50,248,0.100586
HQC,HQC-5,5,7237,14421,50,249,0.100715
HQC,HQC-5,5,7237,14421,50,250,0.100782
HQC,HQC-5,5,7237,14421,50,251,0.100755
HQC,HQC-5,5,7237,14421,50,252,0.100865
HQC,HQC-5,5,7237,14421,50,253,0.100888
HQC,HQC-5,5,7237,14421,50,254,0.100924
HQC,HQC-5,5,7237,14421,50,255,0.100827
HQC,HQC-5,5,7237,14421,50,256,1.105318
HQC,HQC-5,5,7237,14421,50,257,0.150873
HQC,HQC-5,5,7237,14421,50,258,0.100776
HQC,HQC-5,5,7237,14421,50,259,0.100716
HQC,HQC-5,5,7237,14421,50,260,0.100686
HQC,HQC-5,5,7237,14421,50,261,0.100713
HQC,HQC-5,5,7237,14421,50,262,0.100849
HQC,HQC-5,5,7237,14421,50,263,0.100832
HQC,HQC-5,5,7237,14421,50,264,0.100779
HQC,HQC-5,5,7237,14421,50,265,0.151043
HQC,HQC-5,5,7237,14421,50,266,0.251100
HQC,HQC-5,5,7237,14421,50,267,0.200938
HQC,HQC-5,5,7237,14421,50,268,0.100923
HQC,HQC-5,5,7237,14421,50,269,0.100738
HQC,HQC-5,5,7237,14421,50,270,0.100890
HQC,HQC-5,5,7237,14421,50,271,0.100960
HQC,HQC-5,5,7237,14421,50,272,0.100775
HQC,HQC-5,5,7237,14421,50,273,0.100762
HQC,HQC-5,5,7237,14421,50,274,0.100653
HQC,HQC-5,5,7237,14421,50,275,0.100631
HQC,HQC-5,5,7237,14421,50,276,0.100705
HQC,HQC-5,5,7237,14421,50,277,0.100839
HQC,HQC-5,5,7237,14421,50,278,0.100445
HQC,HQC-5,5,7237,14421,50,279,0.100492
HQC,HQC-5,5,7237,14421,50,280,0.100836
HQC,HQC-5,5,7237,14421,50,281,0.100894
HQC,HQC-5,5,7237,14421,50,282,0.100767
HQC,HQC-5,5,7237,14421,50,283,0.101047
HQC,HQC-5,5,7237,14421,50,284,0.100879
HQC,HQC-5,5,7237,14421,50,285,0.100553
HQC,HQC-5,5,7237,14421,50,286,0.101072
HQC,HQC-5,5,7237,14421,50,287,0.100881
HQC,HQC-5,5,7237,14421,50,288,0.100870
HQC,HQC-5,5,7237,14421,50,289,0.100844
HQC,HQC-5,5,7237,14421,50,290,0.100806
HQC,HQC-5,5,7237,14421,50,291,0.101120
HQC,HQC-5,5,7237,14421,50,292,0.100910
HQC,HQC-5,5,7237,14421,50,293,0.100989
HQC,HQC-5,5,7237,14421,50,294,0.101094
HQC,HQC-5,5,7237,14421,50,295,0.100980
HQC,HQC-5,5,7237,14421,50,296,0.100908
HQC,HQC-5,5,7237,14421,50,297,0.201320
HQC,HQC-5,5,7237,14421,50,298,0.151135
HQC,HQC-5,5,7237,14421,50,299,0.101139
McEliece,mceliece348864,1,261120,96,50,0,0.352491
McEliece,mceliece348864,1,261120,96,50,1,0.302147
McEliece,mceliece348864,1,261120,96,50,2,0.301821
McEliece,mceliece348864,1,261120,96,50,3,0.352874
McEliece,mceliece348864,1,261120,96,50,4,0.301832
McEliece,mceliece348864,1,261120,96,50,5,0.552628
McEliece,mceliece348864,1,261120,96,50,6,0.352371
McEliece,mceliece348864,1,261120,96,50,7,0.351843
McEliece,mceliece348864,1,261120,96,50,8,0.301885
McEliece,mceliece348864,1,261120,96,50,9,0.301782
McEliece,mceliece348864,1,261120,96,50,10,0.401921
McEliece,mceliece348864,1,261120,96,50,11,0.301638
McEliece,mceliece348864,1,261120,96,50,12,0.302016
McEliece,mceliece348864,1,261120,96,50,13,0.402110
McEliece,mceliece348864,1,261120,96,50,14,0.602308
McEliece,mceliece348864,1,261120,96,50,15,0.302016
McEliece,mceliece348864,1,261120,96,50,16,0.502270
McEliece,mceliece348864,1,261120,96,50,17,0.301546
McEliece,mceliece348864,1,261120,96,50,18,0.402839
McEliece,mceliece348864,1,261120,96,50,19,1.365238
McEliece,mceliece348864,1,261120,96,50,20,0.302059
McEliece,mceliece348864,1,261120,96,50,21,0.301538
McEliece,mceliece348864,1,261120,96,50,22,0.402735
McEliece,mceliece348864,1,261120,96,50,23,0.503096
McEliece,mceliece348864,1,261120,96,50,24,0.352555
McEliece,mceliece348864,1,261120,96,50,25,0.353962
McEliece,mceliece348864,1,261120,96,50,26,0.403627
McEliece,mceliece348864,1,261120,96,50,27,0.302167
McEliece,mceliece348864,1,261120,96,50,28,0.754437
McEliece,mceliece348864,1,261120,96,50,29,0.402803
McEliece,mceliece348864,1,261120,96,50,30,0.402114
McEliece,mceliece348864,1,261120,96,50,31,0.402116
McEliece,mceliece348864,1,261120,96,50,32,0.402832
McEliece,mceliece348864,1,261120,96,50,33,0.301738
McEliece,mceliece348864,1,261120,96,50,34,0.302169
McEliece,mceliece348864,1,261120,96,50,35,0.403603
McEliece,mceliece348864,1,261120,96,50,36,0.301925
McEliece,mceliece348864,1,261120,96,50,37,0.352533
McEliece,mceliece348864,1,261120,96,50,38,0.353034
McEliece,mceliece348864,1,261120,96,50,39,0.301946
McEliece,mceliece348864,1,261120,96,50,40,0.353807
McEliece,mceliece348864,1,261120,96,50,41,0.402586
McEliece,mceliece348864,1,261120,96,50,42,0.352387
McEliece,mceliece348864,1,261120,96,50,43,0.302362
McEliece,mceliece348864,1,261120,96,50,44,0.301807
McEliece,mceliece348864,1,261120,96,50,45,0.552982
McEliece,mceliece348864,1,261120,96,50,46,0.302289
McEliece,mceliece348864,1,261120,96,50,47,0.402716
McEliece,mceliece348864,1,261120,96,50,48,0.653191
McEliece,mceliece348864,1,261120,96,50,49,0.301876
McEliece,mceliece348864,1,261120,96,50,50,0.302738
McEliece,mceliece348864,1,261120,96,50,51,0.302125
McEliece,mceliece348864,1,261120,96,50,52,0.403669
McEliece,mceliece348864,1,261120,96,50,53,0.302083
McEliece,mceliece348864,1,261120,96,50,54,0.302351
McEliece,mceliece348864,1,261120,96,50,55,0.352024
McEliece,mceliece348864,1,261120,96,50,56,0.301681
McEliece,mceliece348864,1,261120,96,50,57,0.352168
McEliece,mceliece348864,1,261120,96,50,58,0.301779
McEliece,mceliece348864,1,261120,96,50,59,0.301868
McEliece,mceliece348864,1,261120,96,50,60,0.302320
McEliece,mceliece348864,1,261120,96,50,61,0.301875
McEliece,mceliece348864,1,261120,96,50,62,0.352011
McEliece,mceliece348864,1,261120,96,50,63,0.301884
McEliece,mceliece348864,1,261120,96,50,64,0.302146
McEliece,mceliece348864,1,261120,96,50,65,0.302191
McEliece,mceliece348864,1,261120,96,50,66,0.302190
McEliece,mceliece348864,1,261120,96,50,67,0.302200
McEliece,mceliece348864,1,261120,96,50,68,0.302666
McEliece,mceliece348864,1,261120,96,50,69,0.854273
McEliece,mceliece348864,1,261120,96,50,70,0.302047
McEliece,mceliece348864,1,261120,96,50,71,0.302212
McEliece,mceliece348864,1,261120,96,50,72,0.302247
McEliece,mceliece348864,1,261120,96,50,73,0.302434
McEliece,mceliece348864,1,261120,96,50,74,0.402635
McEliece,mceliece348864,1,261120,96,50,75,0.302074
McEliece,mceliece348864,1,261120,96,50,76,0.352185
McEliece,mceliece348864,1,261120,96,50,77,0.352937
McEliece,mceliece348864,1,261120,96,50,78,0.502757
McEliece,mceliece348864,1,261120,96,50,79,0.403252
McEliece,mceliece348864,1,261120,96,50,80,0.353173
McEliece,mceliece348864,1,261120,96,50,81,0.352000
McEliece,mceliece348864,1,261120,96,50,82,1.368639
McEliece,mceliece348864,1,261120,96,50,83,0.451904
McEliece,mceliece348864,1,261120,96,50,84,0.352485
McEliece,mceliece348864,1,261120,96,50,85,0.301663
McEliece,mceliece348864,1,261120,96,50,86,0.301763
McEliece,mceliece348864,1,261120,96,50,87,0.351631
McEliece,mceliece348864,1,261120,96,50,88,0.352004
McEliece,mceliece348864,1,261120,96,50,89,0.301784
McEliece,mceliece348864,1,261120,96,50,90,0.401886
McEliece,mceliece348864,1,261120,96,50,91,0.351763
McEliece,mceliece348864,1,261120,96,50,92,0.401895
McEliece,mceliece348864,1,261120,96,50,93,0.351860
McEliece,mceliece348864,1,261120,96,50,94,0.953524
McEliece,mceliece348864,1,261120,96,50,95,0.352141
McEliece,mceliece348864,1,261120,96,50,96,0.402134
McEliece,mceliece348864,1,261120,96,50,97,0.302202
McEliece,mceliece348864,1,261120,96,50,98,0.301765
McEliece,mceliece348864,1,261120,96,50,99,0.510477
McEliece,mceliece348864,1,261120,96,50,100,0.553906
McEliece,mceliece348864,1,261120,96,50,101,0.351904
McEliece,mceliece348864,1,261120,96,50,102,0.302021
McEliece,mceliece348864,1,261120,96,50,103,0.353844
McEliece,mceliece348864,1,261120,96,50,104,0.301776
McEliece,mceliece348864,1,261120,96,50,105,0.301969
McEliece,mceliece348864,1,261120,96,50,106,0.302119
McEliece,mceliece348864,1,261120,96,50,107,0.353518
McEliece,mceliece348864,1,261120,96,50,108,0.352569
McEliece,mceliece348864,1,261120,96,50,109,0.302211
McEliece,mceliece348864,1,261120,96,50,110,0.302039
McEliece,mceliece348864,1,261120,96,50,111,0.755556
McEliece,mceliece348864,1,261120,96,50,112,0.301706
McEliece,mceliece348864,1,261120,96,50,113,0.353165
McEliece,mceliece348864,1,261120,96,50,114,0.352710
McEliece,mceliece348864,1,261120,96,50,115,0.302030
McEliece,mceliece348864,1,261120,96,50,116,0.302076
McEliece,mceliece348864,1,261120,96,50,117,0.504597
McEliece,mceliece348864,1,261120,96,50,118,0.301691
McEliece,mceliece348864,1,261120,96,50,119,0.452695
McEliece,mceliece348864,1,261120,96,50,120,0.302558
McEliece,mceliece348864,1,261120,96,50,121,0.352204
McEliece,mceliece348864,1,261120,96,50,122,0.352866
McEliece,mceliece348864,1,261120,96,50,123,0.503060
McEliece,mceliece348864,1,261120,96,50,124,0.302377
McEliece,mceliece348864,1,261120,96,50,125,0.402962
McEliece,mceliece348864,1,261120,96,50,126,0.302422
McEliece,mceliece348864,1,261120,96,50,127,0.452575
McEliece,mceliece348864,1,261120,96,50,128,1.105591
McEliece,mceliece348864,1,261120,96,50,129,0.352783
McEliece,mceliece348864,1,261120,96,50,130,0.402784
McEliece,mceliece348864,1,261120,96,50,131,0.468249
McEliece,mceliece348864,1,261120,96,50,132,0.301935
McEliece,mceliece348864,1,261120,96,50,133,0.301742
McEliece,mceliece348864,1,261120,96,50,134,0.302007
McEliece,mceliece348864,1,261120,96,50,135,0.301713
McEliece,mceliece348864,1,261120,96,50,136,0.301838
McEliece,mceliece348864,1,261120,96,50,137,0.402146
McEliece,mceliece348864,1,261120,96,50,138,0.301960
McEliece,mceliece348864,1,261120,96,50,139,0.301916
McEliece,mceliece348864,1,261120,96,50,140,0.402090
McEliece,mceliece348864,1,261120,96,50,141,0.301583
McEliece,mceliece348864,1,261120,96,50,142,0.351920
McEliece,mceliece348864,1,261120,96,50,143,1.398904
McEliece,mceliece348864,1,261120,96,50,144,0.652595
McEliece,mceliece348864,1,261120,96,50,145,0.352798
McEliece,mceliece348864,1,261120,96,50,146,0.301556
McEliece,mceliece348864,1,261120,96,50,147,0.301503
McEliece,mceliece348864,1,261120,96,50,148,0.453411
McEliece,mceliece348864,1,261120,96,50,149,0.452538
McEliece,mceliece348864,1,261120,96,50,150,0.351685
McEliece,mceliece348864,1,261120,96,50,151,0.803878
McEliece,mceliece348864,1,261120,96,50,152,0.553791
McEliece,mceliece348864,1,261120,96,50,153,0.351831
McEliece,mceliece348864,1,261120,96,50,154,0.301584
McEliece,mceliece348864,1,261120,96,50,155,0.301805
McEliece,mceliece348864,1,261120,96,50,156,0.402956
McEliece,mceliece348864,1,261120,96,50,157,0.403097
McEliece,mceliece348864,1,261120,96,50,158,0.452333
McEliece,mceliece348864,1,261120,96,50,159,0.403193
McEliece,mceliece348864,1,261120,96,50,160,0.301693
McEliece,mceliece348864,1,261120,96,50,161,0.302064
McEliece,mceliece348864,1,261120,96,50,162,0.352412
McEliece,mceliece348864,1,261120,96,50,163,0.301805
McEliece,mceliece348864,1,261120,96,50,164,0.706702
McEliece,mceliece348864,1,261120,96,50,165,0.402151
McEliece,mceliece348864,1,261120,96,50,166,0.301812
McEliece,mceliece348864,1,261120,96,50,167,0.403204
McEliece,mceliece348864,1,261120,96,50,168,0.352162
McEliece,mceliece348864,1,261120,96,50,169,0.602646
McEliece,mceliece348864,1,261120,96,50,170,1.154466
McEliece,mceliece348864,1,261120,96,50,171,0.301614
McEliece,mceliece348864,1,261120,96,50,172,0.301577
McEliece,mceliece348864,1,261120,96,50,173,0.301952
McEliece,mceliece348864,1,261120,96,50,174,0.302333
McEliece,mceliece348864,1,261120,96,50,175,1.155851
McEliece,mceliece348864,1,261120,96,50,176,0.452823
McEliece,mceliece348864,1,261120,96,50,177,0.301799
McEliece,mceliece348864,1,261120,96,50,178,1.106413
McEliece,mceliece348864,1,261120,96,50,179,0.453135
McEliece,mceliece348864,1,261120,96,50,180,0.603698
McEliece,mceliece348864,1,261120,96,50,181,0.302292
McEliece,mceliece348864,1,261120,96,50,182,0.302407
McEliece,mceliece348864,1,261120,96,50,183,0.301932
McEliece,mceliece348864,1,261120,96,50,184,1.358301
McEliece,mceliece348864,1,261120,96,50,185,0.301978
McEliece,mceliece348864,1,261120,96,50,186,1.658203
McEliece,mceliece348864,1,261120,96,50,187,0.301734
McEliece,mceliece348864,1,261120,96,50,188,0.403777
McEliece,mceliece348864,1,261120,96,50,189,0.467838
McEliece,mceliece348864,1,261120,96,50,190,0.301695
McEliece,mceliece348864,1,261120,96,50,191,0.702876
McEliece,mceliece348864,1,261120,96,50,192,0.301621
McEliece,mceliece348864,1,261120,96,50,193,1.317219
McEliece,mceliece348864,1,261120,96,50,194,0.351639
McEliece,mceliece348864,1,261120,96,50,195,0.752894
McEliece,mceliece348864,1,261120,96,50,196,0.301987
McEliece,mceliece348864,1,261120,96,50,197,0.871068
McEliece,mceliece348864,1,261120,96,50,198,0.351627
McEliece,mceliece348864,1,261120,96,50,199,0.301697
McEliece,mceliece348864,1,261120,96,50,200,0.351891
McEliece,mceliece348864,1,261120,96,50,201,0.351937
McEliece,mceliece348864,1,261120,96,50,202,0.401992
McEliece,mceliece348864,1,261120,96,50,203,0.301816
McEliece,mceliece348864,1,261120,96,50,204,1.054258
McEliece,mceliece348864,1,261120,96,50,205,0.301936
McEliece,mceliece348864,1,261120,96,50,206,0.301659
McEliece,mceliece348864,1,261120,96,50,207,0.301658
McEliece,mceliece348864,1,261120,96,50,208,0.352100
McEliece,mceliece348864,1,261120,96,50,209,0.301838
McEliece,mceliece348864,1,261120,96,50,210,0.405131
McEliece,mceliece348864,1,261120,96,50,211,0.301838
McEliece,mceliece348864,1,261120,96,50,212,0.402073
McEliece,mceliece348864,1,261120,96,50,213,0.301988
McEliece,mceliece348864,1,261120,96,50,214,0.302360
McEliece,mceliece348864,1,261120,96,50,215,0.302099
McEliece,mceliece348864,1,261120,96,50,216,0.302238
McEliece,mceliece348864,1,261120,96,50,217,0.352153
McEliece,mceliece348864,1,261120,96,50,218,0.352390
McEliece,mceliece348864,1,261120,96,50,219,0.301839
McEliece,mceliece348864,1,261120,96,50,220,0.302191
McEliece,mceliece348864,1,261120,96,50,221,0.301919
McEliece,mceliece348864,1,261120,96,50,222,0.402721
McEliece,mceliece348864,1,261120,96,50,223,0.504916
McEliece,mceliece348864,1,261120,96,50,224,0.654010
McEliece,mceliece348864,1,261120,96,50,225,0.301624
McEliece,mceliece348864,1,261120,96,50,226,0.601857
McEliece,mceliece348864,1,261120,96,50,227,0.903485
McEliece,mceliece348864,1,261120,96,50,228,0.753190
McEliece,mceliece348864,1,261120,96,50,229,0.301729
McEliece,mceliece348864,1,261120,96,50,230,0.301734
McEliece,mceliece348864,1,261120,96,50,231,0.402073
McEliece,mceliece348864,1,261120,96,50,232,0.301736
McEliece,mceliece348864,1,261120,96,50,233,0.502375
McEliece,mceliece348864,1,261120,96,50,234,0.351646
McEliece,mceliece348864,1,261120,96,50,235,0.452274
McEliece,mceliece348864,1,261120,96,50,236,0.301949
McEliece,mceliece348864,1,261120,96,50,237,1.430175
McEliece,mceliece348864,1,261120,96,50,238,0.301998
McEliece,mceliece348864,1,261120,96,50,239,0.602818
McEliece,mceliece348864,1,261120,96,50,240,0.402447
McEliece,mceliece348864,1,261120,96,50,241,0.402002
McEliece,mceliece348864,1,261120,96,50,242,0.402535
McEliece,mceliece348864,1,261120,96,50,243,0.402981
McEliece,mceliece348864,1,261120,96,50,244,0.301408
McEliece,mceliece348864,1,261120,96,50,245,0.953607
McEliece,mceliece348864,1,261120,96,50,246,0.301973
McEliece,mceliece348864,1,261120,96,50,247,0.302393
McEliece,mceliece348864,1,261120,96,50,248,0.705483
McEliece,mceliece348864,1,261120,96,50,249,0.353410
McEliece,mceliece348864,1,261120,96,50,250,0.302177
McEliece,mceliece348864,1,261120,96,50,251,0.853919
McEliece,mceliece348864,1,261120,96,50,252,0.302397
McEliece,mceliece348864,1,261120,96,50,253,0.352105
McEliece,mceliece348864,1,261120,96,50,254,0.301869
McEliece,mceliece348864,1,261120,96,50,255,0.352273
McEliece,mceliece348864,1,261120,96,50,256,0.302042
McEliece,mceliece348864,1,261120,96,50,257,0.602283
McEliece,mceliece348864,1,261120,96,50,258,0.503547
McEliece,mceliece348864,1,261120,96,50,259,0.301898
McEliece,mceliece348864,1,261120,96,50,260,0.351878
McEliece,mceliece348864,1,261120,96,50,261,0.301913
McEliece,mceliece348864,1,261120,96,50,262,0.301889
McEliece,mceliece348864,1,261120,96,50,263,0.603094
McEliece,mceliece348864,1,261120,96,50,264,0.303196
McEliece,mceliece348864,1,261120,96,50,265,0.302081
McEliece,mceliece348864,1,261120,96,50,266,0.352509
McEliece,mceliece348864,1,261120,96,50,267,0.353129
McEliece,mceliece348864,1,261120,96,50,268,0.301861
McEliece,mceliece348864,1,261120,96,50,269,0.403004
McEliece,mceliece348864,1,261120,96,50,270,0.302066
McEliece,mceliece348864,1,261120,96,50,271,0.302078
McEliece,mceliece348864,1,261120,96,50,272,0.301948
McEliece,mceliece348864,1,261120,96,50,273,0.352060
McEliece,mceliece348864,1,261120,96,50,274,0.301961
McEliece,mceliece348864,1,261120,96,50,275,0.301844
McEliece,mceliece348864,1,261120,96,50,276,0.452061
McEliece,mceliece348864,1,261120,96,50,277,0.301425
McEliece,mceliece348864,1,261120,96,50,278,1.003468
McEliece,mceliece348864,1,261120,96,50,279,0.352823
McEliece,mceliece348864,1,261120,96,50,280,0.401963
McEliece,mceliece348864,1,261120,96,50,281,0.301783
McEliece,mceliece348864,1,261120,96,50,282,0.402175
McEliece,mceliece348864,1,261120,96,50,283,0.301742
McEliece,mceliece348864,1,261120,96,50,284,0.402508
McEliece,mceliece348864,1,261120,96,50,285,0.803603
McEliece,mceliece348864,1,261120,96,50,286,0.702852
McEliece,mceliece348864,1,261120,96,50,287,0.353056
McEliece,mceliece348864,1,261120,96,50,288,0.501933
McEliece,mceliece348864,1,261120,96,50,289,0.301473
McEliece,mceliece348864,1,261120,96,50,290,1.415965
McEliece,mceliece348864,1,261120,96,50,291,0.467416
McEliece,mceliece348864,1,261120,96,50,292,0.301635
McEliece,mceliece348864,1,261120,96,50,293,0.352141
McEliece,mceliece348864,1,261120,96,50,294,0.301510
McEliece,mceliece348864,1,261120,96,50,295,0.367104
McEliece,mceliece348864,1,261120,96,50,296,0.301507
McEliece,mceliece348864,1,261120,96,50,297,0.301715
McEliece,mceliece348864,1,261120,96,50,298,0.401952
McEliece,mceliece348864,1,261120,96,50,299,0.301736
McEliece,mceliece460896,3,524160,156,50,0,0.503045
McEliece,mceliece460896,3,524160,156,50,1,0.453690
McEliece,mceliece460896,3,524160,156,50,2,0.704080
McEliece,mceliece460896,3,524160,156,50,3,1.206790
McEliece,mceliece460896,3,524160,156,50,4,0.604636
McEliece,mceliece460896,3,524160,156,50,5,0.403057
McEliece,mceliece460896,3,524160,156,50,6,0.502526
McEliece,mceliece460896,3,524160,156,50,7,0.553919
McEliece,mceliece460896,3,524160,156,50,8,0.502888
McEliece,mceliece460896,3,524160,156,50,9,0.502867
McEliece,mceliece460896,3,524160,156,50,10,0.603403
McEliece,mceliece460896,3,524160,156,50,11,0.502708
McEliece,mceliece460896,3,524160,156,50,12,0.553279
McEliece,mceliece460896,3,524160,156,50,13,0.502676
McEliece,mceliece460896,3,524160,156,50,14,0.703882
McEliece,mceliece460896,3,524160,156,50,15,0.402726
McEliece,mceliece460896,3,524160,156,50,16,0.754838
McEliece,mceliece460896,3,524160,156,50,17,0.501880
McEliece,mceliece460896,3,524160,156,50,18,0.846570
McEliece,mceliece460896,3,524160,156,50,19,0.753882
McEliece,mceliece460896,3,524160,156,50,20,0.502931
McEliece,mceliece460896,3,524160,156,50,21,0.503520
McEliece,mceliece460896,3,524160,156,50,22,0.503065
McEliece,mceliece460896,3,524160,156,50,23,0.804874
McEliece,mceliece460896,3,524160,156,50,24,1.070387
McEliece,mceliece460896,3,524160,156,50,25,0.912772
McEliece,mceliece460896,3,524160,156,50,26,0.503480
McEliece,mceliece460896,3,524160,156,50,27,0.502485
McEliece,mceliece460896,3,524160,156,50,28,0.452642
McEliece,mceliece460896,3,524160,156,50,29,0.604191
McEliece,mceliece460896,3,524160,156,50,30,0.654310
McEliece,mceliece460896,3,524160,156,50,31,0.452283
McEliece,mceliece460896,3,524160,156,50,32,1.358671
McEliece,mceliece460896,3,524160,156,50,33,0.403397
McEliece,mceliece460896,3,524160,156,50,34,0.503141
McEliece,mceliece460896,3,524160,156,50,35,0.554221
McEliece,mceliece460896,3,524160,156,50,36,0.503536
McEliece,mceliece460896,3,524160,156,50,37,0.402084
McEliece,mceliece460896,3,524160,156,50,38,0.703030
McEliece,mceliece460896,3,524160,156,50,39,0.653709
McEliece,mceliece460896,3,524160,156,50,40,0.454777
McEliece,mceliece460896,3,524160,156,50,41,0.403529
McEliece,mceliece460896,3,524160,156,50,42,0.502955
McEliece,mceliece460896,3,524160,156,50,43,0.502646
McEliece,mceliece460896,3,524160,156,50,44,0.553158
McEliece,mceliece460896,3,524160,156,50,45,1.104798
McEliece,mceliece460896,3,524160,156,50,46,0.502655
McEliece,mceliece460896,3,524160,156,50,47,0.402616
McEliece,mceliece460896,3,524160,156,50,48,0.452548
McEliece,mceliece460896,3,524160,156,50,49,0.502972
McEliece,mceliece460896,3,524160,156,50,50,0.402539
McEliece,mceliece460896,3,524160,156,50,51,0.403090
McEliece,mceliece460896,3,524160,156,50,52,0.503659
McEliece,mceliece460896,3,524160,156,50,53,0.452648
McEliece,mceliece460896,3,524160,156,50,54,0.402663
McEliece,mceliece460896,3,524160,156,50,55,0.402976
McEliece,mceliece460896,3,524160,156,50,56,0.503452
McEliece,mceliece460896,3,524160,156,50,57,0.402874
McEliece,mceliece460896,3,524160,156,50,58,0.953909
McEliece,mceliece460896,3,524160,156,50,59,0.502753
McEliece,mceliece460896,3,524160,156,50,60,0.552986
McEliece,mceliece460896,3,524160,156,50,61,0.402725
McEliece,mceliece460896,3,524160,156,50,62,0.502894
McEliece,mceliece460896,3,524160,156,50,63,0.452067
McEliece,mceliece460896,3,524160,156,50,64,0.403061
McEliece,mceliece460896,3,524160,156,50,65,0.403235
McEliece,mceliece460896,3,524160,156,50,66,0.502897
McEliece,mceliece460896,3,524160,156,50,67,0.402276
McEliece,mceliece460896,3,524160,156,50,68,0.553627
McEliece,mceliece460896,3,524160,156,50,69,0.452946
McEliece,mceliece460896,3,524160,156,50,70,0.904695
McEliece,mceliece460896,3,524160,156,50,71,0.553449
McEliece,mceliece460896,3,524160,156,50,72,0.654016
McEliece,mceliece460896,3,524160,156,50,73,0.553603
McEliece,mceliece460896,3,524160,156,50,74,0.453744
McEliece,mceliece460896,3,524160,156,50,75,0.402927
McEliece,mceliece460896,3,524160,156,50,76,0.603645
McEliece,mceliece460896,3,524160,156,50,77,0.502242
McEliece,mceliece460896,3,524160,156,50,78,0.551878
McEliece,mceliece460896,3,524160,156,50,79,0.451592
McEliece,mceliece460896,3,524160,156,50,80,1.456297
McEliece,mceliece460896,3,524160,156,50,81,0.452376
McEliece,mceliece460896,3,524160,156,50,82,2.785939
McEliece,mceliece460896,3,524160,156,50,83,0.452811
McEliece,mceliece460896,3,524160,156,50,84,2.703507
McEliece,mceliece460896,3,524160,156,50,85,0.758320
McEliece,mceliece460896,3,524160,156,50,86,0.402734
McEliece,mceliece460896,3,524160,156,50,87,0.402586
McEliece,mceliece460896,3,524160,156,50,88,0.451965
McEliece,mceliece460896,3,524160,156,50,89,0.501696
McEliece,mceliece460896,3,524160,156,50,90,0.401714
McEliece,mceliece460896,3,524160,156,50,91,0.401504
McEliece,mceliece460896,3,524160,156,50,92,0.451611
McEliece,mceliece460896,3,524160,156,50,93,0.853742
McEliece,mceliece460896,3,524160,156,50,94,0.452957
McEliece,mceliece460896,3,524160,156,50,95,0.502917
McEliece,mceliece460896,3,524160,156,50,96,0.453252
McEliece,mceliece460896,3,524160,156,50,97,0.504471
McEliece,mceliece460896,3,524160,156,50,98,0.454154
McEliece,mceliece460896,3,524160,156,50,99,0.503128
McEliece,mceliece460896,3,524160,156,50,100,0.403884
McEliece,mceliece460896,3,524160,156,50,101,0.402891
McEliece,mceliece460896,3,524160,156,50,102,0.704117
McEliece,mceliece460896,3,524160,156,50,103,0.553071
McEliece,mceliece460896,3,524160,156,50,104,0.404827
McEliece,mceliece460896,3,524160,156,50,105,0.454198
McEliece,mceliece460896,3,524160,156,50,106,0.504506
McEliece,mceliece460896,3,524160,156,50,107,0.504508
McEliece,mceliece460896,3,524160,156,50,108,0.452358
McEliece,mceliece460896,3,524160,156,50,109,0.452753
McEliece,mceliece460896,3,524160,156,50,110,0.554254
McEliece,mceliece460896,3,524160,156,50,111,2.033227
McEliece,mceliece460896,3,524160,156,50,112,0.603819
McEliece,mceliece460896,3,524160,156,50,113,0.453357
McEliece,mceliece460896,3,524160,156,50,114,0.402207
McEliece,mceliece460896,3,524160,156,50,115,0.502914
McEliece,mceliece460896,3,524160,156,50,116,0.402703
McEliece,mceliece460896,3,524160,156,50,117,0.452812
McEliece,mceliece460896,3,524160,156,50,118,0.704126
McEliece,mceliece460896,3,524160,156,50,119,0.654677
McEliece,mceliece460896,3,524160,156,50,120,0.403082
McEliece,mceliece460896,3,524160,156,50,121,0.403084
McEliece,mceliece460896,3,524160,156,50,122,0.402638
McEliece,mceliece460896,3,524160,156,50,123,0.452132
McEliece,mceliece460896,3,524160,156,50,124,0.552518
McEliece,mceliece460896,3,524160,156,50,125,0.452852
McEliece,mceliece460896,3,524160,156,50,126,0.452816
McEliece,mceliece460896,3,524160,156,50,127,0.703190
McEliece,mceliece460896,3,524160,156,50,128,0.552040
McEliece,mceliece460896,3,524160,156,50,129,0.603332
McEliece,mceliece460896,3,524160,156,50,130,0.403149
McEliece,mceliece460896,3,524160,156,50,131,0.501804
McEliece,mceliece460896,3,524160,156,50,132,0.502494
McEliece,mceliece460896,3,524160,156,50,133,0.552765
McEliece,mceliece460896,3,524160,156,50,134,0.452928
McEliece,mceliece460896,3,524160,156,50,135,0.453315
McEliece,mceliece460896,3,524160,156,50,136,0.553823
McEliece,mceliece460896,3,524160,156,50,137,0.452657
McEliece,mceliece460896,3,524160,156,50,138,0.502368
McEliece,mceliece460896,3,524160,156,50,139,0.402904
McEliece,mceliece460896,3,524160,156,50,140,0.503085
McEliece,mceliece460896,3,524160,156,50,141,0.553789
McEliece,mceliece460896,3,524160,156,50,142,0.452754
McEliece,mceliece460896,3,524160,156,50,143,0.554219
McEliece,mceliece460896,3,524160,156,50,144,0.503749
McEliece,mceliece460896,3,524160,156,50,145,0.452601
McEliece,mceliece460896,3,524160,156,50,146,0.403577
McEliece,mceliece460896,3,524160,156,50,147,0.552880
McEliece,mceliece460896,3,524160,156,50,148,0.553103
McEliece,mceliece460896,3,524160,156,50,149,0.453665
McEliece,mceliece460896,3,524160,156,50,150,0.452332
McEliece,mceliece460896,3,524160,156,50,151,0.452912
McEliece,mceliece460896,3,524160,156,50,152,0.402964
McEliece,mceliece460896,3,524160,156,50,153,1.355247
McEliece,mceliece460896,3,524160,156,50,154,0.553808
McEliece,mceliece460896,3,524160,156,50,155,0.906195
McEliece,mceliece460896,3,524160,156,50,156,0.453111
McEliece,mceliece460896,3,524160,156,50,157,0.502412
McEliece,mceliece460896,3,524160,156,50,158,0.503718
McEliece,mceliece460896,3,524160,156,50,159,0.503037
McEliece,mceliece460896,3,524160,156,50,160,0.554111
McEliece,mceliece460896,3,524160,156,50,161,0.503078
McEliece,mceliece460896,3,524160,156,50,162,0.503102
McEliece,mceliece460896,3,524160,156,50,163,0.503500
McEliece,mceliece460896,3,524160,156,50,164,0.504156
McEliece,mceliece460896,3,524160,156,50,165,0.553914
McEliece,mceliece460896,3,524160,156,50,166,0.453221
McEliece,mceliece460896,3,524160,156,50,167,0.594780
McEliece,mceliece460896,3,524160,156,50,168,0.453975
McEliece,mceliece460896,3,524160,156,50,169,0.403839
McEliece,mceliece460896,3,524160,156,50,170,0.504649
McEliece,mceliece460896,3,524160,156,50,171,0.502732
McEliece,mceliece460896,3,524160,156,50,172,0.503556
McEliece,mceliece460896,3,524160,156,50,173,0.504124
McEliece,mceliece460896,3,524160,156,50,174,0.403434
McEliece,mceliece460896,3,524160,156,50,175,0.503670
McEliece,mceliece460896,3,524160,156,50,176,0.453209
McEliece,mceliece460896,3,524160,156,50,177,0.504718
McEliece,mceliece460896,3,524160,156,50,178,0.504530
McEliece,mceliece460896,3,524160,156,50,179,0.554016
McEliece,mceliece460896,3,524160,156,50,180,0.554016
McEliece,mceliece460896,3,524160,156,50,181,1.572931
McEliece,mceliece460896,3,524160,156,50,182,0.569849
McEliece,mceliece460896,3,524160,156,50,183,0.911821
McEliece,mceliece460896,3,524160,156,50,184,1.476902
McEliece,mceliece460896,3,524160,156,50,185,0.554753
McEliece,mceliece460896,3,524160,156,50,186,0.502642
McEliece,mceliece460896,3,524160,156,50,187,0.655033
McEliece,mceliece460896,3,524160,156,50,188,0.454152
McEliece,mceliece460896,3,524160,156,50,189,0.504524
McEliece,mceliece460896,3,524160,156,50,190,0.454324
McEliece,mceliece460896,3,524160,156,50,191,0.504178
McEliece,mceliece460896,3,524160,156,50,192,0.403702
McEliece,mceliece460896,3,524160,156,50,193,0.454235
McEliece,mceliece460896,3,524160,156,50,194,0.453995
McEliece,mceliece460896,3,524160,156,50,195,0.454393
McEliece,mceliece460896,3,524160,156,50,196,0.554320
McEliece,mceliece460896,3,524160,156,50,197,0.504204
McEliece,mceliece460896,3,524160,156,50,198,0.504559
McEliece,mceliece460896,3,524160,156,50,199,0.404051
McEliece,mceliece460896,3,524160,156,50,200,0.554644
McEliece,mceliece460896,3,524160,156,50,201,0.455608
McEliece,mceliece460896,3,524160,156,50,202,0.404354
McEliece,mceliece460896,3,524160,156,50,203,0.505405
McEliece,mceliece460896,3,524160,156,50,204,0.455370
McEliece,mceliece460896,3,524160,156,50,205,0.504368
McEliece,mceliece460896,3,524160,156,50,206,0.604984
McEliece,mceliece460896,3,524160,156,50,207,0.404204
McEliece,mceliece460896,3,524160,156,50,208,0.671939
McEliece,mceliece460896,3,524160,156,50,209,0.505623
McEliece,mceliece460896,3,524160,156,50,210,0.504815
McEliece,mceliece460896,3,524160,156,50,211,1.610120
McEliece,mceliece460896,3,524160,156,50,212,0.504429
McEliece,mceliece460896,3,524160,156,50,213,0.656050
McEliece,mceliece460896,3,524160,156,50,214,0.553883
McEliece,mceliece460896,3,524160,156,50,215,0.804867
McEliece,mceliece460896,3,524160,156,50,216,0.453964
McEliece,mceliece460896,3,524160,156,50,217,1.107084
McEliece,mceliece460896,3,524160,156,50,218,0.504513
McEliece,mceliece460896,3,524160,156,50,219,0.606443
McEliece,mceliece460896,3,524160,156,50,220,0.404469
McEliece,mceliece460896,3,524160,156,50,221,0.504163
McEliece,mceliece460896,3,524160,156,50,222,1.110013
McEliece,mceliece460896,3,524160,156,50,223,1.062688
McEliece,mceliece460896,3,524160,156,50,224,0.404262
McEliece,mceliece460896,3,524160,156,50,225,1.158009
McEliece,mceliece460896,3,524160,156,50,226,0.503771
McEliece,mceliece460896,3,524160,156,50,227,0.403389
McEliece,mceliece460896,3,524160,156,50,228,1.511081
McEliece,mceliece460896,3,524160,156,50,229,0.554549
McEliece,mceliece460896,3,524160,156,50,230,0.755776
McEliece,mceliece460896,3,524160,156,50,231,0.555744
McEliece,mceliece460896,3,524160,156,50,232,0.404040
McEliece,mceliece460896,3,524160,156,50,233,0.504182
McEliece,mceliece460896,3,524160,156,50,234,0.655861
McEliece,mceliece460896,3,524160,156,50,235,0.504141
McEliece,mceliece460896,3,524160,156,50,236,1.757786
McEliece,mceliece460896,3,524160,156,50,237,0.453833
McEliece,mceliece460896,3,524160,156,50,238,0.404026
McEliece,mceliece460896,3,524160,156,50,239,0.453688
McEliece,mceliece460896,3,524160,156,50,240,0.553909
McEliece,mceliece460896,3,524160,156,50,241,0.454287
McEliece,mceliece460896,3,524160,156,50,242,0.403688
McEliece,mceliece460896,3,524160,156,50,243,0.503378
McEliece,mceliece460896,3,524160,156,50,244,0.403134
McEliece,mceliece460896,3,524160,156,50,245,0.452972
McEliece,mceliece460896,3,524160,156,50,246,1.206438
McEliece,mceliece460896,3,524160,156,50,247,0.403388
McEliece,mceliece460896,3,524160,156,50,248,0.502872
McEliece,mceliece460896,3,524160,156,50,249,0.402332
McEliece,mceliece460896,3,524160,156,50,250,0.503845
McEliece,mceliece460896,3,524160,156,50,251,0.503758
McEliece,mceliece460896,3,524160,156,50,252,0.504376
McEliece,mceliece460896,3,524160,156,50,253,0.403590
McEliece,mceliece460896,3,524160,156,50,254,1.558245
McEliece,mceliece460896,3,524160,156,50,255,0.856046
McEliece,mceliece460896,3,524160,156,50,256,0.553689
McEliece,mceliece460896,3,524160,156,50,257,0.453605
McEliece,mceliece460896,3,524160,156,50,258,0.604669
McEliece,mceliece460896,3,524160,156,50,259,0.404405
McEliece,mceliece460896,3,524160,156,50,260,0.554191
McEliece,mceliece460896,3,524160,156,50,261,0.756121
McEliece,mceliece460896,3,524160,156,50,262,1.259133
McEliece,mceliece460896,3,524160,156,50,263,0.504320
McEliece,mceliece460896,3,524160,156,50,264,0.455006
McEliece,mceliece460896,3,524160,156,50,265,0.403791
McEliece,mceliece460896,3,524160,156,50,266,1.207675
McEliece,mceliece460896,3,524160,156,50,267,0.570261
McEliece,mceliece460896,3,524160,156,50,268,0.403529
McEliece,mceliece460896,3,524160,156,50,269,0.607138
McEliece,mceliece460896,3,524160,156,50,270,0.404130
McEliece,mceliece460896,3,524160,156,50,271,0.455599
McEliece,mceliece460896,3,524160,156,50,272,0.556037
McEliece,mceliece460896,3,524160,156,50,273,0.605401
McEliece,mceliece460896,3,524160,156,50,274,0.505310
McEliece,mceliece460896,3,524160,156,50,275,0.504773
McEliece,mceliece460896,3,524160,156,50,276,1.610586
McEliece,mceliece460896,3,524160,156,50,277,0.555517
McEliece,mceliece460896,3,524160,156,50,278,0.454368
McEliece,mceliece460896,3,524160,156,50,279,0.505060
McEliece,mceliece460896,3,524160,156,50,280,0.756486
McEliece,mceliece460896,3,524160,156,50,281,0.503915
McEliece,mceliece460896,3,524160,156,50,282,1.507827
McEliece,mceliece460896,3,524160,156,50,283,0.553120
McEliece,mceliece460896,3,524160,156,50,284,0.504150
McEliece,mceliece460896,3,524160,156,50,285,0.504219
McEliece,mceliece460896,3,524160,156,50,286,0.757522
McEliece,mceliece460896,3,524160,156,50,287,1.507056
McEliece,mceliece460896,3,524160,156,50,288,0.503723
McEliece,mceliece460896,3,524160,156,50,289,0.958020
McEliece,mceliece460896,3,524160,156,50,290,0.705657
McEliece,mceliece460896,3,524160,156,50,291,0.504737
McEliece,mceliece460896,3,524160,156,50,292,0.404473
McEliece,mceliece460896,3,524160,156,50,293,0.505296
McEliece,mceliece460896,3,524160,156,50,294,0.404289
McEliece,mceliece460896,3,524160,156,50,295,1.705499
McEliece,mceliece460896,3,524160,156,50,296,0.504714
McEliece,mceliece460896,3,524160,156,50,297,0.453805
McEliece,mceliece460896,3,524160,156,50,298,1.509661
McEliece,mceliece460896,3,524160,156,50,299,0.554322
McEliece,mceliece8192128,5,1357824,208,50,0,1.261195
McEliece,mceliece8192128,5,1357824,208,50,1,0.757321
McEliece,mceliece8192128,5,1357824,208,50,2,0.706664
McEliece,mceliece8192128,5,1357824,208,50,3,1.007375
McEliece,mceliece8192128,5,1357824,208,50,4,1.006826
McEliece,mceliece8192128,5,1357824,208,50,5,2.868898
McEliece,mceliece8192128,5,1357824,208,50,6,1.964636
McEliece,mceliece8192128,5,1357824,208,50,7,0.706512
McEliece,mceliece8192128,5,1357824,208,50,8,0.707237
McEliece,mceliece8192128,5,1357824,208,50,9,1.560714
McEliece,mceliece8192128,5,1357824,208,50,10,0.907051
McEliece,mceliece8192128,5,1357824,208,50,11,0.606775
McEliece,mceliece8192128,5,1357824,208,50,12,3.366447
McEliece,mceliece8192128,5,1357824,208,50,13,1.059011
McEliece,mceliece8192128,5,1357824,208,50,14,0.706225
McEliece,mceliece8192128,5,1357824,208,50,15,1.965303
McEliece,mceliece8192128,5,1357824,208,50,16,1.914016
McEliece,mceliece8192128,5,1357824,208,50,17,2.917363
McEliece,mceliece8192128,5,1357824,208,50,18,2.671130
McEliece,mceliece8192128,5,1357824,208,50,19,3.117677
McEliece,mceliece8192128,5,1357824,208,50,20,0.706694
McEliece,mceliece8192128,5,1357824,208,50,21,2.362666
McEliece,mceliece8192128,5,1357824,208,50,22,0.807530
McEliece,mceliece8192128,5,1357824,208,50,23,1.477675
McEliece,mceliece8192128,5,1357824,208,50,24,0.856754
McEliece,mceliece8192128,5,1357824,208,50,25,0.906746
McEliece,mceliece8192128,5,1357824,208,50,26,5.437275
McEliece,mceliece8192128,5,1357824,208,50,27,1.961924
McEliece,mceliece8192128,5,1357824,208,50,28,2.606134
McEliece,mceliece8192128,5,1357824,208,50,29,1.006915
McEliece,mceliece8192128,5,1357824,208,50,30,1.914450
McEliece,mceliece8192128,5,1357824,208,50,31,0.957279
McEliece,mceliece8192128,5,1357824,208,50,32,1.410821
McEliece,mceliece8192128,5,1357824,208,50,33,1.148973
McEliece,mceliece8192128,5,1357824,208,50,34,1.911960
McEliece,mceliece8192128,5,1357824,208,50,35,2.517732
McEliece,mceliece8192128,5,1357824,208,50,36,2.717641
McEliece,mceliece8192128,5,1357824,208,50,37,1.361323
McEliece,mceliece8192128,5,1357824,208,50,38,0.608017
McEliece,mceliece8192128,5,1357824,208,50,39,1.362924
McEliece,mceliece8192128,5,1357824,208,50,40,0.772787
McEliece,mceliece8192128,5,1357824,208,50,41,3.612302
McEliece,mceliece8192128,5,1357824,208,50,42,1.360621
McEliece,mceliece8192128,5,1357824,208,50,43,0.756728
McEliece,mceliece8192128,5,1357824,208,50,44,0.958635
McEliece,mceliece8192128,5,1357824,208,50,45,0.657190
McEliece,mceliece8192128,5,1357824,208,50,46,0.807427
McEliece,mceliece8192128,5,1357824,208,50,47,0.757976
McEliece,mceliece8192128,5,1357824,208,50,48,0.658140
McEliece,mceliece8192128,5,1357824,208,50,49,0.908898
McEliece,mceliece8192128,5,1357824,208,50,50,1.359047
McEliece,mceliece8192128,5,1357824,208,50,51,3.070173
McEliece,mceliece8192128,5,1357824,208,50,52,1.914926
McEliece,mceliece8192128,5,1357824,208,50,53,0.958416
McEliece,mceliece8192128,5,1357824,208,50,54,2.511917
McEliece,mceliece8192128,5,1357824,208,50,55,3.572072
McEliece,mceliece8192128,5,1357824,208,50,56,1.412145
McEliece,mceliece8192128,5,1357824,208,50,57,1.914623
McEliece,mceliece8192128,5,1357824,208,50,58,5.420337
McEliece,mceliece8192128,5,1357824,208,50,59,0.958896
McEliece,mceliece8192128,5,1357824,208,50,60,1.059112
McEliece,mceliece8192128,5,1357824,208,50,61,0.655364
McEliece,mceliece8192128,5,1357824,208,50,62,4.227472
McEliece,mceliece8192128,5,1357824,208,50,63,2.918164
McEliece,mceliece8192128,5,1357824,208,50,64,0.756486
McEliece,mceliece8192128,5,1357824,208,50,65,4.017809
McEliece,mceliece8192128,5,1357824,208,50,66,0.961141
McEliece,mceliece8192128,5,1357824,208,50,67,1.109742
McEliece,mceliece8192128,5,1357824,208,50,68,1.057052
McEliece,mceliece8192128,5,1357824,208,50,69,1.258783
McEliece,mceliece8192128,5,1357824,208,50,70,1.006977
McEliece,mceliece8192128,5,1357824,208,50,71,0.705594
McEliece,mceliece8192128,5,1357824,208,50,72,3.417545
McEliece,mceliece8192128,5,1357824,208,50,73,3.237671
McEliece,mceliece8192128,5,1357824,208,50,74,4.419402
McEliece,mceliece8192128,5,1357824,208,50,75,1.159220
McEliece,mceliece8192128,5,1357824,208,50,76,0.958006
McEliece,mceliece8192128,5,1357824,208,50,77,1.009279
McEliece,mceliece8192128,5,1357824,208,50,78,1.760666
McEliece,mceliece8192128,5,1357824,208,50,79,0.757266
McEliece,mceliece8192128,5,1357824,208,50,80,0.705569
McEliece,mceliece8192128,5,1357824,208,50,81,2.013995
McEliece,mceliece8192128,5,1357824,208,50,82,0.907960
McEliece,mceliece8192128,5,1357824,208,50,83,0.756723
McEliece,mceliece8192128,5,1357824,208,50,84,2.568637
McEliece,mceliece8192128,5,1357824,208,50,85,0.657204
McEliece,mceliece8192128,5,1357824,208,50,86,0.960080
McEliece,mceliece8192128,5,1357824,208,50,87,1.008830
McEliece,mceliece8192128,5,1357824,208,50,88,0.907519
McEliece,mceliece8192128,5,1357824,208,50,89,2.667727
McEliece,mceliece8192128,5,1357824,208,50,90,0.657760
McEliece,mceliece8192128,5,1357824,208,50,91,2.053844
McEliece,mceliece8192128,5,1357824,208,50,92,0.860365
McEliece,mceliece8192128,5,1357824,208,50,93,1.359935
McEliece,mceliece8192128,5,1357824,208,50,94,0.807353
McEliece,mceliece8192128,5,1357824,208,50,95,0.807623
McEliece,mceliece8192128,5,1357824,208,50,96,1.007023
McEliece,mceliece8192128,5,1357824,208,50,97,0.854669
McEliece,mceliece8192128,5,1357824,208,50,98,0.857603
McEliece,mceliece8192128,5,1357824,208,50,99,1.554282
McEliece,mceliece8192128,5,1357824,208,50,100,2.566020
McEliece,mceliece8192128,5,1357824,208,50,101,1.007345
McEliece,mceliece8192128,5,1357824,208,50,102,1.410270
McEliece,mceliece8192128,5,1357824,208,50,103,3.219563
McEliece,mceliece8192128,5,1357824,208,50,104,1.007141
McEliece,mceliece8192128,5,1357824,208,50,105,1.161282
McEliece,mceliece8192128,5,1357824,208,50,106,0.757137
McEliece,mceliece8192128,5,1357824,208,50,107,0.906998
McEliece,mceliece8192128,5,1357824,208,50,108,1.810319
McEliece,mceliece8192128,5,1357824,208,50,109,0.807665
McEliece,mceliece8192128,5,1357824,208,50,110,0.908445
McEliece,mceliece8192128,5,1357824,208,50,111,2.666153
McEliece,mceliece8192128,5,1357824,208,50,112,1.016935
McEliece,mceliece8192128,5,1357824,208,50,113,1.107021
McEliece,mceliece8192128,5,1357824,208,50,114,1.812043
McEliece,mceliece8192128,5,1357824,208,50,115,0.857975
McEliece,mceliece8192128,5,1357824,208,50,116,1.008097
McEliece,mceliece8192128,5,1357824,208,50,117,0.908221
McEliece,mceliece8192128,5,1357824,208,50,118,1.209908
McEliece,mceliece8192128,5,1357824,208,50,119,1.912630
McEliece,mceliece8192128,5,1357824,208,50,120,0.805933
McEliece,mceliece8192128,5,1357824,208,50,121,0.958642
McEliece,mceliece8192128,5,1357824,208,50,122,2.023252
McEliece,mceliece8192128,5,1357824,208,50,123,1.159809
McEliece,mceliece8192128,5,1357824,208,50,124,3.693854
McEliece,mceliece8192128,5,1357824,208,50,125,2.117153
McEliece,mceliece8192128,5,1357824,208,50,126,2.165684
McEliece,mceliece8192128,5,1357824,208,50,127,1.261313
McEliece,mceliece8192128,5,1357824,208,50,128,1.058249
McEliece,mceliece8192128,5,1357824,208,50,129,1.108890
McEliece,mceliece8192128,5,1357824,208,50,130,0.957517
McEliece,mceliece8192128,5,1357824,208,50,131,1.310812
McEliece,mceliece8192128,5,1357824,208,50,132,1.864906
McEliece,mceliece8192128,5,1357824,208,50,133,0.756198
McEliece,mceliece8192128,5,1357824,208,50,134,1.125182
McEliece,mceliece8192128,5,1357824,208,50,135,2.049086
McEliece,mceliece8192128,5,1357824,208,50,136,0.909264
McEliece,mceliece8192128,5,1357824,208,50,137,0.758487
McEliece,mceliece8192128,5,1357824,208,50,138,2.567744
McEliece,mceliece8192128,5,1357824,208,50,139,1.558991
McEliece,mceliece8192128,5,1357824,208,50,140,2.618523
McEliece,mceliece8192128,5,1357824,208,50,141,2.472766
McEliece,mceliece8192128,5,1357824,208,50,142,1.060007
McEliece,mceliece8192128,5,1357824,208,50,143,0.705795
McEliece,mceliece8192128,5,1357824,208,50,144,1.609862
McEliece,mceliece8192128,5,1357824,208,50,145,2.365759
McEliece,mceliece8192128,5,1357824,208,50,146,0.757120
McEliece,mceliece8192128,5,1357824,208,50,147,0.654488
McEliece,mceliece8192128,5,1357824,208,50,148,0.706587
McEliece,mceliece8192128,5,1357824,208,50,149,1.223581
McEliece,mceliece8192128,5,1357824,208,50,150,3.927590
McEliece,mceliece8192128,5,1357824,208,50,151,1.011967
McEliece,mceliece8192128,5,1357824,208,50,152,1.158521
McEliece,mceliece8192128,5,1357824,208,50,153,4.736914
McEliece,mceliece8192128,5,1357824,208,50,154,1.210590
McEliece,mceliece8192128,5,1357824,208,50,155,2.765796
McEliece,mceliece8192128,5,1357824,208,50,156,0.807229
McEliece,mceliece8192128,5,1357824,208,50,157,0.657599
McEliece,mceliece8192128,5,1357824,208,50,158,0.958274
McEliece,mceliece8192128,5,1357824,208,50,159,2.065810
McEliece,mceliece8192128,5,1357824,208,50,160,2.164770
McEliece,mceliece8192128,5,1357824,208,50,161,0.708047
McEliece,mceliece8192128,5,1357824,208,50,162,0.761766
McEliece,mceliece8192128,5,1357824,208,50,163,1.509457
McEliece,mceliece8192128,5,1357824,208,50,164,1.562292
McEliece,mceliece8192128,5,1357824,208,50,165,2.567887
McEliece,mceliece8192128,5,1357824,208,50,166,1.007272
McEliece,mceliece8192128,5,1357824,208,50,167,0.856595
McEliece,mceliece8192128,5,1357824,208,50,168,1.408363
McEliece,mceliece8192128,5,1357824,208,50,169,0.907527
McEliece,mceliece8192128,5,1357824,208,50,170,0.957032
McEliece,mceliece8192128,5,1357824,208,50,171,3.973549
McEliece,mceliece8192128,5,1357824,208,50,172,0.857406
McEliece,mceliece8192128,5,1357824,208,50,173,1.410145
McEliece,mceliece8192128,5,1357824,208,50,174,1.010690
McEliece,mceliece8192128,5,1357824,208,50,175,2.415953
McEliece,mceliece8192128,5,1357824,208,50,176,1.711855
McEliece,mceliece8192128,5,1357824,208,50,177,0.606673
McEliece,mceliece8192128,5,1357824,208,50,178,0.656090
McEliece,mceliece8192128,5,1357824,208,50,179,1.511273
McEliece,mceliece8192128,5,1357824,208,50,180,3.269389
McEliece,mceliece8192128,5,1357824,208,50,181,0.707408
McEliece,mceliece8192128,5,1357824,208,50,182,1.005359
McEliece,mceliece8192128,5,1357824,208,50,183,0.654596
McEliece,mceliece8192128,5,1357824,208,50,184,1.860256
McEliece,mceliece8192128,5,1357824,208,50,185,1.208511
McEliece,mceliece8192128,5,1357824,208,50,186,1.210034
McEliece,mceliece8192128,5,1357824,208,50,187,1.426984
McEliece,mceliece8192128,5,1357824,208,50,188,1.007843
McEliece,mceliece8192128,5,1357824,208,50,189,0.856613
McEliece,mceliece8192128,5,1357824,208,50,190,0.806230
McEliece,mceliece8192128,5,1357824,208,50,191,1.712830
McEliece,mceliece8192128,5,1357824,208,50,192,1.008555
McEliece,mceliece8192128,5,1357824,208,50,193,0.657388
McEliece,mceliece8192128,5,1357824,208,50,194,1.209179
McEliece,mceliece8192128,5,1357824,208,50,195,1.160945
McEliece,mceliece8192128,5,1357824,208,50,196,0.758358
McEliece,mceliece8192128,5,1357824,208,50,197,0.858142
McEliece,mceliece8192128,5,1357824,208,50,198,2.967680
McEliece,mceliece8192128,5,1357824,208,50,199,0.707167
McEliece,mceliece8192128,5,1357824,208,50,200,0.908366
McEliece,mceliece8192128,5,1357824,208,50,201,1.461654
McEliece,mceliece8192128,5,1357824,208,50,202,0.956141
McEliece,mceliece8192128,5,1357824,208,50,203,3.421371
McEliece,mceliece8192128,5,1357824,208,50,204,3.974468
McEliece,mceliece8192128,5,1357824,208,50,205,1.009639
McEliece,mceliece8192128,5,1357824,208,50,206,0.857539
McEliece,mceliece8192128,5,1357824,208,50,207,1.560651
McEliece,mceliece8192128,5,1357824,208,50,208,0.959100
McEliece,mceliece8192128,5,1357824,208,50,209,0.706741
McEliece,mceliece8192128,5,1357824,208,50,210,0.756641
McEliece,mceliece8192128,5,1357824,208,50,211,1.559012
McEliece,mceliece8192128,5,1357824,208,50,212,0.656384
McEliece,mceliece8192128,5,1357824,208,50,213,2.118540
McEliece,mceliece8192128,5,1357824,208,50,214,2.218366
McEliece,mceliece8192128,5,1357824,208,50,215,0.909311
McEliece,mceliece8192128,5,1357824,208,50,216,1.563808
McEliece,mceliece8192128,5,1357824,208,50,217,1.109742
McEliece,mceliece8192128,5,1357824,208,50,218,1.060664
McEliece,mceliece8192128,5,1357824,208,50,219,2.118165
McEliece,mceliece8192128,5,1357824,208,50,220,1.258056
McEliece,mceliece8192128,5,1357824,208,50,221,1.660162
McEliece,mceliece8192128,5,1357824,208,50,222,1.259636
McEliece,mceliece8192128,5,1357824,208,50,223,0.908380
McEliece,mceliece8192128,5,1357824,208,50,224,4.224086
McEliece,mceliece8192128,5,1357824,208,50,225,1.462913
McEliece,mceliece8192128,5,1357824,208,50,226,0.959283
McEliece,mceliece8192128,5,1357824,208,50,227,0.807386
McEliece,mceliece8192128,5,1357824,208,50,228,1.173949
McEliece,mceliece8192128,5,1357824,208,50,229,0.655047
McEliece,mceliece8192128,5,1357824,208,50,230,0.607214
McEliece,mceliece8192128,5,1357824,208,50,231,3.318194
McEliece,mceliece8192128,5,1357824,208,50,232,0.757978
McEliece,mceliece8192128,5,1357824,208,50,233,2.315972
McEliece,mceliece8192128,5,1357824,208,50,234,0.707183
McEliece,mceliece8192128,5,1357824,208,50,235,1.861967
McEliece,mceliece8192128,5,1357824,208,50,236,2.214425
McEliece,mceliece8192128,5,1357824,208,50,237,1.763360
McEliece,mceliece8192128,5,1357824,208,50,238,1.310014
McEliece,mceliece8192128,5,1357824,208,50,239,3.185128
McEliece,mceliece8192128,5,1357824,208,50,240,0.958125
McEliece,mceliece8192128,5,1357824,208,50,241,1.610076
McEliece,mceliece8192128,5,1357824,208,50,242,1.060229
McEliece,mceliece8192128,5,1357824,208,50,243,1.008668
McEliece,mceliece8192128,5,1357824,208,50,244,0.960196
McEliece,mceliece8192128,5,1357824,208,50,245,0.859163
McEliece,mceliece8192128,5,1357824,208,50,246,2.014190
McEliece,mceliece8192128,5,1357824,208,50,247,1.560045
McEliece,mceliece8192128,5,1357824,208,50,248,1.650475
McEliece,mceliece8192128,5,1357824,208,50,249,0.755080
McEliece,mceliece8192128,5,1357824,208,50,250,0.808369
McEliece,mceliece8192128,5,1357824,208,50,251,0.704804
McEliece,mceliece8192128,5,1357824,208,50,252,2.051054
McEliece,mceliece8192128,5,1357824,208,50,253,0.957010
McEliece,mceliece8192128,5,1357824,208,50,254,1.961244
McEliece,mceliece8192128,5,1357824,208,50,255,1.710062
McEliece,mceliece8192128,5,1357824,208,50,256,2.313369
McEliece,mceliece8192128,5,1357824,208,50,257,0.656702
McEliece,mceliece8192128,5,1357824,208,50,258,0.907144
McEliece,mceliece8192128,5,1357824,208,50,259,2.013696
McEliece,mceliece8192128,5,1357824,208,50,260,0.708021
McEliece,mceliece8192128,5,1357824,208,50,261,2.566848
McEliece,mceliece8192128,5,1357824,208,50,262,0.755921
McEliece,mceliece8192128,5,1357824,208,50,263,0.958768
McEliece,mceliece8192128,5,1357824,208,50,264,0.657486
McEliece,mceliece8192128,5,1357824,208,50,265,1.863829
McEliece,mceliece8192128,5,1357824,208,50,266,0.632683
McEliece,mceliece8192128,5,1357824,208,50,267,1.460553
McEliece,mceliece8192128,5,1357824,208,50,268,3.669089
McEliece,mceliece8192128,5,1357824,208,50,269,0.758539
McEliece,mceliece8192128,5,1357824,208,50,270,2.164092
McEliece,mceliece8192128,5,1357824,208,50,271,0.756004
McEliece,mceliece8192128,5,1357824,208,50,272,0.707146
McEliece,mceliece8192128,5,1357824,208,50,273,0.757666
McEliece,mceliece8192128,5,1357824,208,50,274,0.706612
McEliece,mceliece8192128,5,1357824,208,50,275,1.912420
McEliece,mceliece8192128,5,1357824,208,50,276,1.009830
McEliece,mceliece8192128,5,1357824,208,50,277,1.813871
McEliece,mceliece8192128,5,1357824,208,50,278,0.808347
McEliece,mceliece8192128,5,1357824,208,50,279,0.808804
McEliece,mceliece8192128,5,1357824,208,50,280,0.756650
McEliece,mceliece8192128,5,1357824,208,50,281,0.957036
McEliece,mceliece8192128,5,1357824,208,50,282,1.157853
McEliece,mceliece8192128,5,1357824,208,50,283,1.109106
McEliece,mceliece8192128,5,1357824,208,50,284,3.144280
McEliece,mceliece8192128,5,1357824,208,50,285,0.957653
McEliece,mceliece8192128,5,1357824,208,50,286,2.215168
McEliece,mceliece8192128,5,1357824,208,50,287,1.560830
McEliece,mceliece8192128,5,1357824,208,50,288,0.706173
McEliece,mceliece8192128,5,1357824,208,50,289,0.707459
McEliece,mceliece8192128,5,1357824,208,50,290,2.016215
McEliece,mceliece8192128,5,1357824,208,50,291,1.712915
McEliece,mceliece8192128,5,1357824,208,50,292,0.757253
McEliece,mceliece8192128,5,1357824,208,50,293,2.114603
McEliece,mceliece8192128,5,1357824,208,50,294,3.763673
McEliece,mceliece8192128,5,1357824,208,50,295,1.108611
McEliece,mceliece8192128,5,1357824,208,50,296,0.958133
McEliece,mceliece8192128,5,1357824,208,50,297,0.756660
McEliece,mceliece8192128,5,1357824,208,50,298,1.159171
McEliece,mceliece8192128,5,1357824,208,50,299,0.707024
